ISO-10303-21;
HEADER;
FILE_DESCRIPTION (( 'STEP AP214' ),
    '1' );
FILE_NAME ('e2base.STEP',
    '2026-07-24T12:04:03',
    ( '' ),
    ( '' ),
    'SwSTEP 2.0',
    'SolidWorks 2026',
    '' );
FILE_SCHEMA (( 'AUTOMOTIVE_DESIGN' ));
ENDSEC;

DATA;
#1 = ORIENTED_EDGE ( 'NONE', *, *, #6130, .F. ) ;
#2 = ORIENTED_EDGE ( 'NONE', *, *, #5524, .F. ) ;
#3 = DIRECTION ( 'NONE',  ( -0.000000000000000000, 2.891205793294675861E-16, -1.000000000000000000 ) ) ;
#4 = LINE ( 'NONE', #5522, #1406 ) ;
#5 = CARTESIAN_POINT ( 'NONE',  ( 324.5000000000000000, -4.500000000000017764, -2.500000000000000000 ) ) ;
#6 = ORIENTED_EDGE ( 'NONE', *, *, #2045, .F. ) ;
#7 = DIRECTION ( 'NONE',  ( 0.000000000000000000, 1.000000000000000000, 0.000000000000000000 ) ) ;
#8 = VERTEX_POINT ( 'NONE', #2776 ) ;
#9 = EDGE_CURVE ( 'NONE', #2637, #1405, #686, .T. ) ;
#10 = DIRECTION ( 'NONE',  ( -0.000000000000000000, -0.000000000000000000, 1.000000000000000000 ) ) ;
#11 = CARTESIAN_POINT ( 'NONE',  ( -1.999999999999997780, 96.46780709592847813, -7.122555445710311517 ) ) ;
#12 = CARTESIAN_POINT ( 'NONE',  ( 13.59291338582666953, 114.5000000000000000, -0.7525196850389813674 ) ) ;
#13 = CARTESIAN_POINT ( 'NONE',  ( 299.5940483916529615, 95.60780069131031667, -3.185630509903169649 ) ) ;
#14 = ORIENTED_EDGE ( 'NONE', *, *, #3223, .F. ) ;
#15 = CIRCLE ( 'NONE', #2243, 2.199999999999979750 ) ;
#16 = VERTEX_POINT ( 'NONE', #4226 ) ;
#17 = CARTESIAN_POINT ( 'NONE',  ( 14.49291338582666633, 118.5000000000000142, 5.647480314960909631 ) ) ;
#18 = ORIENTED_EDGE ( 'NONE', *, *, #3465, .F. ) ;
#19 = AXIS2_PLACEMENT_3D ( 'NONE', #3084, #5564, #1516 ) ;
#20 = AXIS2_PLACEMENT_3D ( 'NONE', #1443, #1474, #2442 ) ;
#21 = FACE_BOUND ( 'NONE', #337, .T. ) ;
#22 = CARTESIAN_POINT ( 'NONE',  ( 324.9999999999999432, 83.52785265049415386, -7.171256905813310212 ) ) ;
#23 = DIRECTION ( 'NONE',  ( -1.000000000000000000, 0.000000000000000000, 0.000000000000000000 ) ) ;
#24 = CARTESIAN_POINT ( 'NONE',  ( 319.5000000000000000, 110.5000000000000426, -1.000000000000000000 ) ) ;
#25 = VECTOR ( 'NONE', #1748, 1000.000000000000000 ) ;
#26 = CIRCLE ( 'NONE', #883, 1.750000000000001554 ) ;
#27 = AXIS2_PLACEMENT_3D ( 'NONE', #3946, #906, #5550 ) ;
#28 = VERTEX_POINT ( 'NONE', #3725 ) ;
#29 = CARTESIAN_POINT ( 'NONE',  ( 323.9877768826864326, 97.83326347774733733, -7.572785174574691247 ) ) ;
#30 = EDGE_CURVE ( 'NONE', #710, #4582, #4987, .T. ) ;
#31 = DIRECTION ( 'NONE',  ( -1.000000000000000000, -1.283000413665435261E-16, 0.000000000000000000 ) ) ;
#32 = VECTOR ( 'NONE', #3364, 1000.000000000000000 ) ;
#33 = CYLINDRICAL_SURFACE ( 'NONE', #4730, 2.200000000000000178 ) ;
#34 = EDGE_LOOP ( 'NONE', ( #2453, #6221, #5449, #499 ) ) ;
#35 = VERTEX_POINT ( 'NONE', #4288 ) ;
#36 = DIRECTION ( 'NONE',  ( -0.000000000000000000, -0.000000000000000000, -1.000000000000000000 ) ) ;
#37 = LINE ( 'NONE', #1699, #1620 ) ;
#38 = ORIENTED_EDGE ( 'NONE', *, *, #1971, .T. ) ;
#39 = CARTESIAN_POINT ( 'NONE',  ( 47.49291338582636968, 60.39291438582644389, -1.999999999999980904 ) ) ;
#40 = EDGE_LOOP ( 'NONE', ( #1653, #4169, #1137 ) ) ;
#41 = EDGE_CURVE ( 'NONE', #2879, #5447, #187, .T. ) ;
#42 = AXIS2_PLACEMENT_3D ( 'NONE', #1247, #746, #4790 ) ;
#43 = DIRECTION ( 'NONE',  ( 1.289589748360538151E-16, 1.000000000000000000, 0.000000000000000000 ) ) ;
#44 = CARTESIAN_POINT ( 'NONE',  ( 327.0000000000000568, -0.1454312086438915297, -2.756155970267300859 ) ) ;
#45 = DIRECTION ( 'NONE',  ( -1.000000000000000000, -1.283000413665435261E-16, 0.000000000000000000 ) ) ;
#46 = LINE ( 'NONE', #6070, #4215 ) ;
#47 = PLANE ( 'NONE',  #133 ) ;
#48 = ORIENTED_EDGE ( 'NONE', *, *, #1932, .T. ) ;
#49 = AXIS2_PLACEMENT_3D ( 'NONE', #1864, #4911, #2394 ) ;
#50 = ORIENTED_EDGE ( 'NONE', *, *, #5560, .F. ) ;
#51 = DIRECTION ( 'NONE',  ( 1.283000413665435261E-16, -1.000000000000000000, -0.000000000000000000 ) ) ;
#52 = VERTEX_POINT ( 'NONE', #3278 ) ;
#53 = CIRCLE ( 'NONE', #908, 1.750000000000001554 ) ;
#54 = EDGE_CURVE ( 'NONE', #3895, #6557, #5850, .T. ) ;
#55 = EDGE_CURVE ( 'NONE', #3724, #1059, #6282, .T. ) ;
#56 = DIRECTION ( 'NONE',  ( -0.000000000000000000, 2.891205793294675861E-16, -1.000000000000000000 ) ) ;
#57 = DIRECTION ( 'NONE',  ( -0.000000000000000000, -0.000000000000000000, -1.000000000000000000 ) ) ;
#58 = EDGE_CURVE ( 'NONE', #4150, #5178, #2483, .T. ) ;
#59 = CARTESIAN_POINT ( 'NONE',  ( 289.5000000000000000, 84.49999999999995737, -6.200000000000000178 ) ) ;
#60 = DIRECTION ( 'NONE',  ( 0.000000000000000000, 1.000000000000000000, 0.000000000000000000 ) ) ;
#61 = AXIS2_PLACEMENT_3D ( 'NONE', #3424, #2886, #3867 ) ;
#62 = ORIENTED_EDGE ( 'NONE', *, *, #258, .T. ) ;
#63 = CARTESIAN_POINT ( 'NONE',  ( 324.0246756981815111, 97.79543414922542865, -7.566434771610195398 ) ) ;
#64 = CARTESIAN_POINT ( 'NONE',  ( 47.49291338582636968, 53.59291438582643252, 6.301000000000110290 ) ) ;
#65 = AXIS2_PLACEMENT_3D ( 'NONE', #6554, #4000, #497 ) ;
#66 = CARTESIAN_POINT ( 'NONE',  ( 324.5000000000000000, 117.6999999999999886, -8.699999999999935341 ) ) ;
#67 = ORIENTED_EDGE ( 'NONE', *, *, #1763, .T. ) ;
#68 = ORIENTED_EDGE ( 'NONE', *, *, #4513, .F. ) ;
#69 = CARTESIAN_POINT ( 'NONE',  ( 21.50000000000001776, 99.03767606110004351, -7.989647587904852521 ) ) ;
#70 = CARTESIAN_POINT ( 'NONE',  ( -2.000000000000001776, -1.999999999999960920, -2.500000000000003553 ) ) ;
#71 = ORIENTED_EDGE ( 'NONE', *, *, #751, .T. ) ;
#72 = FACE_OUTER_BOUND ( 'NONE', #2919, .T. ) ;
#73 = VERTEX_POINT ( 'NONE', #3343 ) ;
#74 = VECTOR ( 'NONE', #1026, 1000.000000000000000 ) ;
#75 = CARTESIAN_POINT ( 'NONE',  ( 216.5000000000000284, -1.999999999999988010, -2.500000000000000000 ) ) ;
#76 = CARTESIAN_POINT ( 'NONE',  ( 324.5000000000000000, 118.5000000000000568, -1.000000000000000000 ) ) ;
#77 = LINE ( 'NONE', #617, #3532 ) ;
#78 = CARTESIAN_POINT ( 'NONE',  ( -1.000000000000000000, -1.000000000000000000, -1.000000000000000000 ) ) ;
#79 = DIRECTION ( 'NONE',  ( -1.000000000000000000, 0.000000000000000000, 0.000000000000000000 ) ) ;
#80 = ORIENTED_EDGE ( 'NONE', *, *, #2447, .F. ) ;
#81 = EDGE_LOOP ( 'NONE', ( #4982, #1106 ) ) ;
#82 = CARTESIAN_POINT ( 'NONE',  ( -1.692661133417713737, 97.54071459182257797, -7.395106973061893463 ) ) ;
#83 = EDGE_CURVE ( 'NONE', #2307, #3895, #6035, .T. ) ;
#84 = CIRCLE ( 'NONE', #5638, 1.750000000000001554 ) ;
#85 = ORIENTED_EDGE ( 'NONE', *, *, #1561, .F. ) ;
#86 = AXIS2_PLACEMENT_3D ( 'NONE', #5997, #2377, #1881 ) ;
#87 = FACE_OUTER_BOUND ( 'NONE', #4612, .T. ) ;
#88 = DIRECTION ( 'NONE',  ( -0.000000000000000000, -0.000000000000000000, -1.000000000000000000 ) ) ;
#89 = CIRCLE ( 'NONE', #3499, 3.500000000000000000 ) ;
#90 = PLANE ( 'NONE',  #3905 ) ;
#91 = FACE_OUTER_BOUND ( 'NONE', #5482, .T. ) ;
#92 = EDGE_CURVE ( 'NONE', #3105, #3533, #299, .T. ) ;
#93 = AXIS2_PLACEMENT_3D ( 'NONE', #3581, #612, #5624 ) ;
#94 = EDGE_CURVE ( 'NONE', #2987, #2775, #5109, .T. ) ;
#95 = EDGE_CURVE ( 'NONE', #1020, #1899, #1258, .T. ) ;
#96 = AXIS2_PLACEMENT_3D ( 'NONE', #1297, #289, #960 ) ;
#97 = ADVANCED_FACE ( 'NONE', ( #1385 ), #420, .T. ) ;
#98 = ADVANCED_FACE ( 'NONE', ( #915 ), #448, .T. ) ;
#99 = EDGE_LOOP ( 'NONE', ( #5125, #506, #1939, #6205 ) ) ;
#100 = CARTESIAN_POINT ( 'NONE',  ( -5.000000000000000000, 118.5000000000000142, -1.000000000000000000 ) ) ;
#101 = CARTESIAN_POINT ( 'NONE',  ( 319.5000000000000000, 3.000000000000039080, -1.000000000000000000 ) ) ;
#102 = DIRECTION ( 'NONE',  ( 0.000000000000000000, 1.000000000000000000, 0.000000000000000000 ) ) ;
#103 = ORIENTED_EDGE ( 'NONE', *, *, #2329, .F. ) ;
#104 = VERTEX_POINT ( 'NONE', #1915 ) ;
#105 = CARTESIAN_POINT ( 'NONE',  ( 216.5000000000000568, 115.5000000000000000, -7.099999999999941025 ) ) ;
#106 = ORIENTED_EDGE ( 'NONE', *, *, #4299, .T. ) ;
#107 = FACE_OUTER_BOUND ( 'NONE', #1361, .T. ) ;
#108 = ORIENTED_EDGE ( 'NONE', *, *, #413, .F. ) ;
#109 = ORIENTED_EDGE ( 'NONE', *, *, #3214, .T. ) ;
#110 = CARTESIAN_POINT ( 'NONE',  ( 22.16472731676443431, 98.04875812548257841, -7.524165667860842177 ) ) ;
#111 = CARTESIAN_POINT ( 'NONE',  ( 8.392913385826666683, 115.1000000000000085, 4.047480314961017456 ) ) ;
#112 = DIRECTION ( 'NONE',  ( -1.000000000000000000, 0.000000000000000000, 0.000000000000000000 ) ) ;
#113 = LINE ( 'NONE', #3519, #685 ) ;
#114 = DIRECTION ( 'NONE',  ( -1.252131230780251545E-16, 1.000000000000000000, -0.000000000000000000 ) ) ;
#115 = ORIENTED_EDGE ( 'NONE', *, *, #5403, .T. ) ;
#116 = ORIENTED_EDGE ( 'NONE', *, *, #2461, .F. ) ;
#117 = ORIENTED_EDGE ( 'NONE', *, *, #6422, .T. ) ;
#118 = ADVANCED_FACE ( 'NONE', ( #3411 ), #817, .F. ) ;
#119 = DIRECTION ( 'NONE',  ( 9.427844978134816503E-17, -1.000000000000000000, 0.000000000000000000 ) ) ;
#120 = DIRECTION ( 'NONE',  ( 0.000000000000000000, 1.000000000000000000, 0.000000000000000000 ) ) ;
#121 = CYLINDRICAL_SURFACE ( 'NONE', #290, 2.500000000000002220 ) ;
#122 = AXIS2_PLACEMENT_3D ( 'NONE', #6605, #4531, #45 ) ;
#123 = DIRECTION ( 'NONE',  ( -0.000000000000000000, 2.891205793294675861E-16, -1.000000000000000000 ) ) ;
#124 = CARTESIAN_POINT ( 'NONE',  ( 299.5000000000000000, 94.80613420518679391, -6.499999999999997335 ) ) ;
#125 = VECTOR ( 'NONE', #4389, 1000.000000000000000 ) ;
#126 = AXIS2_PLACEMENT_3D ( 'NONE', #1334, #5978, #3358 ) ;
#127 = EDGE_CURVE ( 'NONE', #4545, #6058, #4529, .T. ) ;
#128 = VERTEX_POINT ( 'NONE', #352 ) ;
#129 = DIRECTION ( 'NONE',  ( -1.000000000000000000, 0.000000000000000000, 0.000000000000000000 ) ) ;
#130 = FACE_BOUND ( 'NONE', #3293, .T. ) ;
#131 = CIRCLE ( 'NONE', #5576, 1.099999999999999867 ) ;
#132 = CARTESIAN_POINT ( 'NONE',  ( 300.0087602622847953, 97.83435202455859780, -7.572972131884723623 ) ) ;
#133 = AXIS2_PLACEMENT_3D ( 'NONE', #3019, #4087, #4497 ) ;
#134 = AXIS2_PLACEMENT_3D ( 'NONE', #4813, #5884, #336 ) ;
#135 = CARTESIAN_POINT ( 'NONE',  ( 218.7000000000000455, -1.999999999999987566, -1.999999999999999556 ) ) ;
#136 = VERTEX_POINT ( 'NONE', #3481 ) ;
#137 = ORIENTED_EDGE ( 'NONE', *, *, #1720, .T. ) ;
#138 = DIRECTION ( 'NONE',  ( -2.725784001906749913E-32, 0.000000000000000000, -1.000000000000000000 ) ) ;
#139 = ORIENTED_EDGE ( 'NONE', *, *, #3591, .F. ) ;
#140 = CARTESIAN_POINT ( 'NONE',  ( 323.0000000000000000, 98.69713966231897473, -7.971678858777679899 ) ) ;
#141 = ORIENTED_EDGE ( 'NONE', *, *, #950, .F. ) ;
#142 = ORIENTED_EDGE ( 'NONE', *, *, #4809, .T. ) ;
#143 = AXIS2_PLACEMENT_3D ( 'NONE', #5246, #2197, #173 ) ;
#144 = ADVANCED_FACE ( 'NONE', ( #945 ), #2945, .F. ) ;
#145 = CARTESIAN_POINT ( 'NONE',  ( 324.9999999999999432, 83.00000000000000000, 8.858798006196936988E-30 ) ) ;
#146 = DIRECTION ( 'NONE',  ( 1.000000000000000000, 0.000000000000000000, -1.239088197126290817E-16 ) ) ;
#147 = CARTESIAN_POINT ( 'NONE',  ( -1.688877120255916298, 97.54185352597158953, -7.395389005212813949 ) ) ;
#148 = DIRECTION ( 'NONE',  ( 1.000000000000000000, 0.000000000000000000, 0.000000000000000000 ) ) ;
#149 = DIRECTION ( 'NONE',  ( 1.000000000000000000, 0.000000000000000000, 0.000000000000000000 ) ) ;
#150 = ORIENTED_EDGE ( 'NONE', *, *, #792, .F. ) ;
#151 = AXIS2_PLACEMENT_3D ( 'NONE', #2710, #4760, #148 ) ;
#152 = ORIENTED_EDGE ( 'NONE', *, *, #2941, .T. ) ;
#153 = ORIENTED_EDGE ( 'NONE', *, *, #6090, .T. ) ;
#154 = DIRECTION ( 'NONE',  ( 0.000000000000000000, 0.000000000000000000, 1.000000000000000000 ) ) ;
#155 = DIRECTION ( 'NONE',  ( -1.000000000000000000, 6.938893903907222067E-15, 0.000000000000000000 ) ) ;
#156 = VECTOR ( 'NONE', #6030, 1000.000000000000000 ) ;
#157 = CARTESIAN_POINT ( 'NONE',  ( 22.96138433139331170, 96.86487209177144564, -7.223417500328892515 ) ) ;
#158 = CARTESIAN_POINT ( 'NONE',  ( -2.000000000000000000, -2.000000000000000444, -2.500000000000000000 ) ) ;
#159 = CARTESIAN_POINT ( 'NONE',  ( -1.999999999999993561, 56.75000000000002132, -2.500000000000000000 ) ) ;
#160 = ORIENTED_EDGE ( 'NONE', *, *, #1268, .F. ) ;
#161 = CARTESIAN_POINT ( 'NONE',  ( -1.999999999999993561, 56.75000000000000000, -8.701999999999998181 ) ) ;
#162 = ADVANCED_FACE ( 'NONE', ( #4893 ), #1948, .F. ) ;
#163 = CYLINDRICAL_SURFACE ( 'NONE', #733, 4.000000000000003553 ) ;
#164 = CARTESIAN_POINT ( 'NONE',  ( 298.9999911808706088, 96.66913717030821829, -7.864669365582226845 ) ) ;
#165 = EDGE_CURVE ( 'NONE', #6576, #3772, #4035, .T. ) ;
#166 = AXIS2_PLACEMENT_3D ( 'NONE', #3818, #4190, #2675 ) ;
#167 = EDGE_CURVE ( 'NONE', #2582, #2744, #3852, .T. ) ;
#168 = AXIS2_PLACEMENT_3D ( 'NONE', #2291, #6443, #863 ) ;
#169 = APPLICATION_PROTOCOL_DEFINITION ( 'draft international standard', 'automotive_design', 1998, #3630 ) ;
#170 = ORIENTED_EDGE ( 'NONE', *, *, #4333, .T. ) ;
#171 = EDGE_CURVE ( 'NONE', #3684, #3145, #3386, .T. ) ;
#172 = VERTEX_POINT ( 'NONE', #1845 ) ;
#173 = DIRECTION ( 'NONE',  ( 1.000000000000000000, 0.000000000000000000, 0.000000000000000000 ) ) ;
#174 = ORIENTED_EDGE ( 'NONE', *, *, #2212, .F. ) ;
#175 = AXIS2_PLACEMENT_3D ( 'NONE', #159, #4296, #3286 ) ;
#176 = CARTESIAN_POINT ( 'NONE',  ( 319.5000000000000000, 60.90331193145909339, -8.701999999999998181 ) ) ;
#177 = VERTEX_POINT ( 'NONE', #3957 ) ;
#178 = EDGE_CURVE ( 'NONE', #3955, #6416, #5499, .T. ) ;
#179 = EDGE_CURVE ( 'NONE', #8, #716, #5317, .T. ) ;
#180 = EDGE_LOOP ( 'NONE', ( #2917, #1872, #2565, #2807 ) ) ;
#181 = CARTESIAN_POINT ( 'NONE',  ( 299.4999999999999432, 95.72040586695536035, -2.500000000000003109 ) ) ;
#182 = CARTESIAN_POINT ( 'NONE',  ( 289.5000000000000000, 84.49999999999995737, -1.000000000000000000 ) ) ;
#183 = CYLINDRICAL_SURFACE ( 'NONE', #5566, 1.499999999999997113 ) ;
#184 = LINE ( 'NONE', #1211, #2395 ) ;
#185 = DIRECTION ( 'NONE',  ( -1.000000000000000000, 0.000000000000000000, 0.000000000000000000 ) ) ;
#186 = ORIENTED_EDGE ( 'NONE', *, *, #2425, .F. ) ;
#187 = LINE ( 'NONE', #5797, #726 ) ;
#188 = ORIENTED_EDGE ( 'NONE', *, *, #2901, .F. ) ;
#189 = DIRECTION ( 'NONE',  ( 0.000000000000000000, 1.000000000000000000, 0.000000000000000000 ) ) ;
#190 = DIRECTION ( 'NONE',  ( -1.000000000000000000, 6.938893903907222067E-15, 0.000000000000000000 ) ) ;
#191 = CARTESIAN_POINT ( 'NONE',  ( 327.0000000000000568, 112.5000000000000000, -8.699999999999997513 ) ) ;
#192 = CARTESIAN_POINT ( 'NONE',  ( 212.3466880685410558, 3.000000000000026201, -8.701999999999998181 ) ) ;
#193 = AXIS2_PLACEMENT_3D ( 'NONE', #992, #4031, #3493 ) ;
#194 = DIRECTION ( 'NONE',  ( -1.000000000000000000, -1.252131230780251545E-16, 1.239088197126290817E-16 ) ) ;
#195 = ORIENTED_EDGE ( 'NONE', *, *, #2651, .F. ) ;
#196 = VECTOR ( 'NONE', #4494, 1000.000000000000000 ) ;
#197 = CARTESIAN_POINT ( 'NONE',  ( 324.4701143238295344, 96.89120480999555696, -7.414588428034311285 ) ) ;
#198 = LINE ( 'NONE', #760, #6382 ) ;
#199 = CARTESIAN_POINT ( 'NONE',  ( 299.0000000000000568, -0.1454312086438995788, -2.756155970267300415 ) ) ;
#200 = CARTESIAN_POINT ( 'NONE',  ( 300.2482744452174757, 98.02892926445124999, -7.605647689278575818 ) ) ;
#201 = CIRCLE ( 'NONE', #2319, 2.199999999999979750 ) ;
#202 = ORIENTED_EDGE ( 'NONE', *, *, #4287, .F. ) ;
#203 = ORIENTED_EDGE ( 'NONE', *, *, #4233, .F. ) ;
#204 = CIRCLE ( 'NONE', #2112, 3.000000000000002665 ) ;
#205 = EDGE_CURVE ( 'NONE', #4850, #5854, #3014, .T. ) ;
#206 = CARTESIAN_POINT ( 'NONE',  ( 22.76264425123731883, 96.00447807784104270, -3.464541761343428394 ) ) ;
#207 = ORIENTED_EDGE ( 'NONE', *, *, #1276, .F. ) ;
#208 = DIRECTION ( 'NONE',  ( -1.252131230780251791E-16, 1.000000000000000000, -0.000000000000000000 ) ) ;
#209 = ORIENTED_EDGE ( 'NONE', *, *, #1237, .T. ) ;
#210 = EDGE_LOOP ( 'NONE', ( #6189, #1543, #3501, #1500 ) ) ;
#211 = CARTESIAN_POINT ( 'NONE',  ( 301.0000000000000000, 96.38160116615864581, -2.500000000000002220 ) ) ;
#212 = DIRECTION ( 'NONE',  ( -0.000000000000000000, -0.000000000000000000, 1.000000000000000000 ) ) ;
#213 = FACE_OUTER_BOUND ( 'NONE', #40, .T. ) ;
#214 = DIRECTION ( 'NONE',  ( -1.000000000000000000, 0.000000000000000000, 0.000000000000000000 ) ) ;
#215 = CARTESIAN_POINT ( 'NONE',  ( 324.5000000000000000, 56.75000000000000000, -0.9000000000000010214 ) ) ;
#216 = EDGE_LOOP ( 'NONE', ( #1518, #5053, #2398, #6267, #1272, #5706, #6278, #2506 ) ) ;
#217 = DIRECTION ( 'NONE',  ( -0.000000000000000000, -2.891205793294675861E-16, -1.000000000000000000 ) ) ;
#218 = CARTESIAN_POINT ( 'NONE',  ( 322.5769230769230944, 58.34742766594584396, -1.000000000000000000 ) ) ;
#219 = CARTESIAN_POINT ( 'NONE',  ( 218.0974276659458155, 113.5769230769231228, -6.200000000000000178 ) ) ;
#220 = CARTESIAN_POINT ( 'NONE',  ( 22.95063221009481680, 96.91714566469519809, -7.236687245357318332 ) ) ;
#221 = CARTESIAN_POINT ( 'NONE',  ( -1.000000000000000000, 60.90331193145905075, 6.299999999999999822 ) ) ;
#222 = CARTESIAN_POINT ( 'NONE',  ( 106.0000000000000000, -1.999999999999974021, -0.9000000000000010214 ) ) ;
#223 = AXIS2_PLACEMENT_3D ( 'NONE', #813, #1777, #3817 ) ;
#224 = CARTESIAN_POINT ( 'NONE',  ( 324.4925765790255241, 96.72240921980761641, -7.386242257007448409 ) ) ;
#225 = CARTESIAN_POINT ( 'NONE',  ( 23.00000000000000711, 94.80613420518679391, -4.750000000000002665 ) ) ;
#226 = CARTESIAN_POINT ( 'NONE',  ( 216.5000000000000284, -1.999999999999988010, -1.999999999999999556 ) ) ;
#227 = CARTESIAN_POINT ( 'NONE',  ( 299.0639668454103912, 97.08976027003134845, -7.886863946163361838 ) ) ;
#228 = CIRCLE ( 'NONE', #4610, 4.000000000000003553 ) ;
#229 = CARTESIAN_POINT ( 'NONE',  ( 0.000000000000000000, 0.000000000000000000, 0.000000000000000000 ) ) ;
#230 = VERTEX_POINT ( 'NONE', #976 ) ;
#231 = ORIENTED_EDGE ( 'NONE', *, *, #4588, .T. ) ;
#232 = AXIS2_PLACEMENT_3D ( 'NONE', #3850, #6361, #2240 ) ;
#233 = CIRCLE ( 'NONE', #5251, 2.500000000000002220 ) ;
#234 = CARTESIAN_POINT ( 'NONE',  ( 22.64146447510845306, 96.54249236641882703, -4.477166708829358299 ) ) ;
#235 = ORIENTED_EDGE ( 'NONE', *, *, #6105, .F. ) ;
#236 = CARTESIAN_POINT ( 'NONE',  ( 110.1533119314590294, -0.9999999999999863443, -1.000000000000000000 ) ) ;
#237 = AXIS2_PLACEMENT_3D ( 'NONE', #6204, #4344, #5283 ) ;
#238 = ORIENTED_EDGE ( 'NONE', *, *, #95, .T. ) ;
#239 = ORIENTED_EDGE ( 'NONE', *, *, #2211, .F. ) ;
#240 = DIRECTION ( 'NONE',  ( -1.000000000000000000, 0.000000000000000000, 0.000000000000000000 ) ) ;
#241 = DIRECTION ( 'NONE',  ( 0.000000000000000000, 1.000000000000000000, 0.000000000000000000 ) ) ;
#242 = CARTESIAN_POINT ( 'NONE',  ( -1.999999999999997780, 96.05168500005940757, -5.979269383573925012 ) ) ;
#243 = DIRECTION ( 'NONE',  ( -1.000000000000000000, 0.000000000000000000, 0.000000000000000000 ) ) ;
#244 = DIRECTION ( 'NONE',  ( -1.000000000000000000, -0.000000000000000000, -0.000000000000000000 ) ) ;
#245 = ORIENTED_EDGE ( 'NONE', *, *, #2419, .F. ) ;
#246 = ADVANCED_FACE ( 'NONE', ( #5154 ), #3548, .T. ) ;
#247 = DIRECTION ( 'NONE',  ( 0.000000000000000000, 0.000000000000000000, -1.000000000000000000 ) ) ;
#248 = AXIS2_PLACEMENT_3D ( 'NONE', #3612, #3139, #5182 ) ;
#249 = CARTESIAN_POINT ( 'NONE',  ( 220.6533119314590579, 114.5000000000000284, -6.200000000000000178 ) ) ;
#250 = CARTESIAN_POINT ( 'NONE',  ( 53.49291338582637678, 53.09291438582642542, -2.500000000000000000 ) ) ;
#251 = DIRECTION ( 'NONE',  ( -0.000000000000000000, -0.000000000000000000, -1.000000000000000000 ) ) ;
#252 = DIRECTION ( 'NONE',  ( 1.000000000000000000, 0.000000000000000000, 0.000000000000000000 ) ) ;
#253 = LINE ( 'NONE', #3224, #1876 ) ;
#254 = EDGE_CURVE ( 'NONE', #6576, #177, #4825, .T. ) ;
#255 = ADVANCED_FACE ( 'NONE', ( #4559 ), #2571, .T. ) ;
#256 = EDGE_CURVE ( 'NONE', #4712, #4240, #5059, .T. ) ;
#257 = CIRCLE ( 'NONE', #2064, 2.399999999999999467 ) ;
#258 = EDGE_CURVE ( 'NONE', #5648, #2143, #5589, .T. ) ;
#259 = FACE_OUTER_BOUND ( 'NONE', #1232, .T. ) ;
#260 = FACE_OUTER_BOUND ( 'NONE', #4011, .T. ) ;
#261 = AXIS2_PLACEMENT_3D ( 'NONE', #1839, #4425, #2272 ) ;
#262 = LINE ( 'NONE', #1822, #809 ) ;
#263 = CARTESIAN_POINT ( 'NONE',  ( 299.6783470163824177, 98.16198183307663783, -7.943440743532556247 ) ) ;
#264 = VECTOR ( 'NONE', #626, 1000.000000000000000 ) ;
#265 = ORIENTED_EDGE ( 'NONE', *, *, #655, .T. ) ;
#266 = CARTESIAN_POINT ( 'NONE',  ( 22.90578505943441456, 95.60785505208272639, -3.185917302703425769 ) ) ;
#267 = EDGE_LOOP ( 'NONE', ( #3692, #4807, #6454 ) ) ;
#268 = CARTESIAN_POINT ( 'NONE',  ( -0.6573412084309663284, 99.03768756283035657, -7.989648194804663817 ) ) ;
#269 = ORIENTED_EDGE ( 'NONE', *, *, #747, .F. ) ;
#270 = ADVANCED_FACE ( 'NONE', ( #1043 ), #4143, .F. ) ;
#271 = VECTOR ( 'NONE', #877, 1000.000000000000000 ) ;
#272 = ORIENTED_EDGE ( 'NONE', *, *, #2762, .T. ) ;
#273 = DIRECTION ( 'NONE',  ( 0.000000000000000000, 1.000000000000000000, 0.000000000000000000 ) ) ;
#274 = CARTESIAN_POINT ( 'NONE',  ( -2.000000000000000444, 118.5000000000000142, 6.299999999999999822 ) ) ;
#275 = CARTESIAN_POINT ( 'NONE',  ( -1.858385447728285289, 96.48197263712046379, -5.279146927149889201 ) ) ;
#276 = DIRECTION ( 'NONE',  ( -0.000000000000000000, 2.891205793294675861E-16, -1.000000000000000000 ) ) ;
#277 = CARTESIAN_POINT ( 'NONE',  ( 13.59291338582666953, 114.5000000000000000, 4.047480314961017456 ) ) ;
#278 = ORIENTED_EDGE ( 'NONE', *, *, #1969, .T. ) ;
#279 = VERTEX_POINT ( 'NONE', #5093 ) ;
#280 = CARTESIAN_POINT ( 'NONE',  ( 299.0000000000000568, 83.00000000000000000, -6.643404255319152796 ) ) ;
#281 = DIRECTION ( 'NONE',  ( 0.000000000000000000, 0.000000000000000000, 1.000000000000000000 ) ) ;
#282 = CARTESIAN_POINT ( 'NONE',  ( 22.24906431803063356, 97.99196133265401443, -7.509733616020342950 ) ) ;
#283 = FACE_OUTER_BOUND ( 'NONE', #2528, .T. ) ;
#284 = VERTEX_POINT ( 'NONE', #2545 ) ;
#285 = EDGE_CURVE ( 'NONE', #3110, #2715, #2433, .T. ) ;
#286 = CARTESIAN_POINT ( 'NONE',  ( 101.8466880685409564, 114.5000000000000142, -1.000000000000000000 ) ) ;
#287 = CARTESIAN_POINT ( 'NONE',  ( -2.000000000000000000, -2.000000000000000444, -2.000000000000047073 ) ) ;
#288 = DIRECTION ( 'NONE',  ( 0.000000000000000000, 0.7071067811865729968, -0.7071067811865220376 ) ) ;
#289 = DIRECTION ( 'NONE',  ( 0.000000000000000000, 0.000000000000000000, -1.000000000000000000 ) ) ;
#290 = AXIS2_PLACEMENT_3D ( 'NONE', #1557, #3091, #2021 ) ;
#291 = PLANE ( 'NONE',  #168 ) ;
#292 = CARTESIAN_POINT ( 'NONE',  ( -2.000000000000000000, 115.5000000000000000, 6.299999999999999822 ) ) ;
#293 = ADVANCED_FACE ( 'NONE', ( #72 ), #2037, .F. ) ;
#294 = EDGE_CURVE ( 'NONE', #4025, #3240, #1980, .T. ) ;
#295 = CARTESIAN_POINT ( 'NONE',  ( 324.5000000000000000, -2.000000000000001776, -1.999999999999999556 ) ) ;
#296 = DIRECTION ( 'NONE',  ( -0.000000000000000000, 2.891205793294675861E-16, -1.000000000000000000 ) ) ;
#297 = EDGE_CURVE ( 'NONE', #4619, #2223, #1577, .T. ) ;
#298 = CIRCLE ( 'NONE', #623, 3.499999999999999556 ) ;
#299 = CIRCLE ( 'NONE', #4139, 1.750000000000001554 ) ;
#300 = ORIENTED_EDGE ( 'NONE', *, *, #5810, .T. ) ;
#301 = FACE_BOUND ( 'NONE', #6033, .T. ) ;
#302 = CONICAL_SURFACE ( 'NONE', #2002, 2.200000000000007283, 0.7853981633974467247 ) ;
#303 = DIRECTION ( 'NONE',  ( -1.000000000000000000, 0.000000000000000000, 0.000000000000000000 ) ) ;
#304 = ORIENTED_EDGE ( 'NONE', *, *, #2817, .F. ) ;
#305 = AXIS2_PLACEMENT_3D ( 'NONE', #3515, #5559, #3742 ) ;
#306 = CARTESIAN_POINT ( 'NONE',  ( -4.500000000000055067, 83.00000000000000000, -6.643404255319152796 ) ) ;
#307 = ORIENTED_EDGE ( 'NONE', *, *, #3111, .F. ) ;
#308 = ORIENTED_EDGE ( 'NONE', *, *, #3305, .T. ) ;
#309 = DIRECTION ( 'NONE',  ( -1.000000000000000000, -1.226045163472329843E-16, 0.000000000000000000 ) ) ;
#310 = CARTESIAN_POINT ( 'NONE',  ( 3.000000000000000444, 60.90331193145905075, -1.000000000000000000 ) ) ;
#311 = CARTESIAN_POINT ( 'NONE',  ( -5.000000000000000000, -5.000000000000000888, -1.000000000000000000 ) ) ;
#312 = CARTESIAN_POINT ( 'NONE',  ( 324.5000000000000000, 94.97012234149306664, -3.007700401437592763 ) ) ;
#313 = CARTESIAN_POINT ( 'NONE',  ( 26.00000000000000000, 94.80613420518679391, -6.499999999999990230 ) ) ;
#314 = EDGE_LOOP ( 'NONE', ( #1181, #473, #4652, #1711 ) ) ;
#315 = CARTESIAN_POINT ( 'NONE',  ( 212.3466880685409990, 110.5000000000000284, -8.701999999999998181 ) ) ;
#316 = ADVANCED_BREP_SHAPE_REPRESENTATION ( 'e2base', ( #922, #782 ), #5796 ) ;
#317 = DIRECTION ( 'NONE',  ( -0.000000000000000000, -0.000000000000000000, -1.000000000000000000 ) ) ;
#318 = DIRECTION ( 'NONE',  ( -0.7066406633271123949, 0.7066406633271319349, -0.03630352414311109610 ) ) ;
#319 = CARTESIAN_POINT ( 'NONE',  ( 324.7228802229098505, 83.27711977709010682, -6.657641228989414905 ) ) ;
#320 = DIRECTION ( 'NONE',  ( -0.000000000000000000, -0.000000000000000000, -1.000000000000000000 ) ) ;
#321 = ORIENTED_EDGE ( 'NONE', *, *, #503, .F. ) ;
#322 = ORIENTED_EDGE ( 'NONE', *, *, #6457, .F. ) ;
#323 = DIRECTION ( 'NONE',  ( 1.000000000000000000, -0.000000000000000000, -0.000000000000000000 ) ) ;
#324 = DIRECTION ( 'NONE',  ( 0.000000000000000000, 0.000000000000000000, 1.000000000000000000 ) ) ;
#325 = LINE ( 'NONE', #3027, #828 ) ;
#326 = LINE ( 'NONE', #2925, #4649 ) ;
#327 = CARTESIAN_POINT ( 'NONE',  ( 33.00000000000000000, 84.49999999999995737, -6.200000000000000178 ) ) ;
#328 = EDGE_CURVE ( 'NONE', #3754, #6300, #4620, .T. ) ;
#329 = CARTESIAN_POINT ( 'NONE',  ( -4.500000000000055067, -2.000000000000000444, -2.500000000000000000 ) ) ;
#330 = ORIENTED_EDGE ( 'NONE', *, *, #2123, .T. ) ;
#331 = DIRECTION ( 'NONE',  ( -1.000000000000000000, 0.000000000000000000, 0.000000000000000000 ) ) ;
#332 = CIRCLE ( 'NONE', #3098, 4.000000000000000000 ) ;
#333 = DIRECTION ( 'NONE',  ( -1.000000000000000000, 0.000000000000000000, 0.000000000000000000 ) ) ;
#334 = ORIENTED_EDGE ( 'NONE', *, *, #2204, .F. ) ;
#335 = EDGE_CURVE ( 'NONE', #6421, #6148, #4475, .T. ) ;
#336 = DIRECTION ( 'NONE',  ( -1.000000000000000000, 0.000000000000000000, 0.000000000000000000 ) ) ;
#337 = EDGE_LOOP ( 'NONE', ( #3023, #5789 ) ) ;
#338 = AXIS2_PLACEMENT_3D ( 'NONE', #3209, #585, #3659 ) ;
#339 = VECTOR ( 'NONE', #4975, 1000.000000000000000 ) ;
#340 = EDGE_CURVE ( 'NONE', #716, #8, #3500, .T. ) ;
#341 = EDGE_LOOP ( 'NONE', ( #5351, #6523, #5151, #5012 ) ) ;
#342 = ADVANCED_FACE ( 'NONE', ( #4019 ), #2069, .F. ) ;
#343 = DIRECTION ( 'NONE',  ( -0.000000000000000000, -0.000000000000000000, -1.000000000000000000 ) ) ;
#344 = CARTESIAN_POINT ( 'NONE',  ( 216.5000000000000568, 116.6000000000000227, -7.099999999999941025 ) ) ;
#345 = DIRECTION ( 'NONE',  ( -1.000000000000000000, 0.000000000000000000, 0.000000000000000000 ) ) ;
#346 = DIRECTION ( 'NONE',  ( 1.000000000000000000, 1.222859769274868068E-16, 0.000000000000000000 ) ) ;
#347 = VECTOR ( 'NONE', #3720, 1000.000000000000000 ) ;
#348 = DIRECTION ( 'NONE',  ( -0.000000000000000000, -0.000000000000000000, -1.000000000000000000 ) ) ;
#349 = ORIENTED_EDGE ( 'NONE', *, *, #5673, .F. ) ;
#350 = VECTOR ( 'NONE', #4966, 1000.000000000000000 ) ;
#351 = AXIS2_PLACEMENT_3D ( 'NONE', #5382, #807, #3840 ) ;
#352 = CARTESIAN_POINT ( 'NONE',  ( 21.50000000000000355, 96.38160116615864581, -2.500000000000002220 ) ) ;
#353 = EDGE_CURVE ( 'NONE', #4209, #35, #5184, .T. ) ;
#354 = CARTESIAN_POINT ( 'NONE',  ( -1.999999999999993561, 56.75000000000002132, -1.999999999999999556 ) ) ;
#355 = CARTESIAN_POINT ( 'NONE',  ( 323.0000000000000000, 96.38160116615864581, -2.500000000000011546 ) ) ;
#356 = DIRECTION ( 'NONE',  ( -1.000000000000000000, 0.000000000000000000, 0.000000000000000000 ) ) ;
#357 = DIRECTION ( 'NONE',  ( 0.000000000000000000, 0.000000000000000000, 1.000000000000000000 ) ) ;
#358 = EDGE_LOOP ( 'NONE', ( #1906, #4375, #3310, #5506 ) ) ;
#359 = EDGE_LOOP ( 'NONE', ( #6586, #3682 ) ) ;
#360 = CARTESIAN_POINT ( 'NONE',  ( 299.6116894148542542, 97.19726999610598739, -7.465986251006620833 ) ) ;
#361 = ORIENTED_EDGE ( 'NONE', *, *, #2948, .T. ) ;
#362 = DIRECTION ( 'NONE',  ( -1.000000000000000000, 0.000000000000000000, 0.000000000000000000 ) ) ;
#363 = DIRECTION ( 'NONE',  ( 0.000000000000000000, 1.000000000000000000, 0.000000000000000000 ) ) ;
#364 = DIRECTION ( 'NONE',  ( 0.000000000000000000, -0.000000000000000000, -1.000000000000000000 ) ) ;
#365 = DIRECTION ( 'NONE',  ( 1.000000000000000000, 0.000000000000000000, 0.000000000000000000 ) ) ;
#366 = DIRECTION ( 'NONE',  ( -1.000000000000000000, 0.000000000000000000, 0.000000000000000000 ) ) ;
#367 = ORIENTED_EDGE ( 'NONE', *, *, #1093, .F. ) ;
#368 = DIRECTION ( 'NONE',  ( 1.000000000000000000, 0.000000000000000000, 0.000000000000000000 ) ) ;
#369 = AXIS2_PLACEMENT_3D ( 'NONE', #1226, #635, #129 ) ;
#370 = DIRECTION ( 'NONE',  ( 0.000000000000000000, 0.000000000000000000, -1.000000000000000000 ) ) ;
#371 = EDGE_LOOP ( 'NONE', ( #5778, #5553, #2099, #4967 ) ) ;
#372 = ADVANCED_FACE ( 'NONE', ( #3108 ), #1479, .F. ) ;
#373 = CARTESIAN_POINT ( 'NONE',  ( 323.1309004255219293, 98.69714923121325967, -7.971679363689551323 ) ) ;
#374 = ORIENTED_EDGE ( 'NONE', *, *, #4664, .T. ) ;
#375 = VECTOR ( 'NONE', #1687, 1000.000000000000000 ) ;
#376 = ORIENTED_EDGE ( 'NONE', *, *, #4623, .T. ) ;
#377 = FACE_OUTER_BOUND ( 'NONE', #931, .T. ) ;
#378 = LINE ( 'NONE', #5992, #386 ) ;
#379 = DIRECTION ( 'NONE',  ( 0.000000000000000000, 1.000000000000000000, 0.000000000000000000 ) ) ;
#380 = CARTESIAN_POINT ( 'NONE',  ( -1.000000000000000000, -1.000000000000000000, -1.000000000000000000 ) ) ;
#381 = ADVANCED_FACE ( 'NONE', ( #107 ), #4895, .F. ) ;
#382 = PLANE ( 'NONE',  #5358 ) ;
#383 = VERTEX_POINT ( 'NONE', #644 ) ;
#384 = AXIS2_PLACEMENT_3D ( 'NONE', #2646, #4595, #4692 ) ;
#385 = EDGE_CURVE ( 'NONE', #3526, #6490, #4038, .T. ) ;
#386 = VECTOR ( 'NONE', #3981, 1000.000000000000227 ) ;
#387 = DIRECTION ( 'NONE',  ( -0.7066406633271122839, -0.7066406633271319349, 0.03630352414311373982 ) ) ;
#388 = EDGE_CURVE ( 'NONE', #4582, #6328, #3468, .T. ) ;
#389 = DIRECTION ( 'NONE',  ( -1.000000000000000000, 1.734723475976805517E-15, 0.000000000000000000 ) ) ;
#390 = FACE_OUTER_BOUND ( 'NONE', #3134, .T. ) ;
#391 = CARTESIAN_POINT ( 'NONE',  ( 324.5000000000000000, 56.75000000000000000, 6.299999999999999822 ) ) ;
#392 = DIRECTION ( 'NONE',  ( -0.000000000000000000, 0.000000000000000000, -1.000000000000000000 ) ) ;
#393 = ORIENTED_EDGE ( 'NONE', *, *, #127, .T. ) ;
#394 = VECTOR ( 'NONE', #4329, 1000.000000000000000 ) ;
#395 = VERTEX_POINT ( 'NONE', #2858 ) ;
#396 = CARTESIAN_POINT ( 'NONE',  ( -1.999999999999999556, -5.000000000000000888, -1.000000000000000000 ) ) ;
#397 = VERTEX_POINT ( 'NONE', #329 ) ;
#398 = FACE_OUTER_BOUND ( 'NONE', #1050, .T. ) ;
#399 = DIRECTION ( 'NONE',  ( -0.000000000000000000, -1.000000000000000000, -0.000000000000000000 ) ) ;
#400 = DIRECTION ( 'NONE',  ( 1.000000000000000000, 0.000000000000000000, 0.000000000000000000 ) ) ;
#401 = LINE ( 'NONE', #1928, #1937 ) ;
#402 = VERTEX_POINT ( 'NONE', #6446 ) ;
#403 = EDGE_CURVE ( 'NONE', #2666, #5312, #6501, .T. ) ;
#404 = EDGE_LOOP ( 'NONE', ( #1973, #5726, #6126, #5831 ) ) ;
#405 = FACE_OUTER_BOUND ( 'NONE', #2077, .T. ) ;
#406 = EDGE_CURVE ( 'NONE', #4057, #706, #730, .T. ) ;
#407 = VERTEX_POINT ( 'NONE', #5250 ) ;
#408 = VECTOR ( 'NONE', #1388, 1000.000000000000000 ) ;
#409 = CARTESIAN_POINT ( 'NONE',  ( 323.3889243912188363, 98.19926193666850622, -7.634251831315705950 ) ) ;
#410 = ORIENTED_EDGE ( 'NONE', *, *, #2461, .T. ) ;
#411 = EDGE_CURVE ( 'NONE', #35, #1457, #953, .T. ) ;
#412 = ORIENTED_EDGE ( 'NONE', *, *, #3579, .T. ) ;
#413 = EDGE_CURVE ( 'NONE', #8, #3533, #4183, .T. ) ;
#414 = CIRCLE ( 'NONE', #4140, 3.000000000000000000 ) ;
#415 = CARTESIAN_POINT ( 'NONE',  ( 106.0000000000000142, 113.3000000000000114, -8.199999999999935341 ) ) ;
#416 = DIRECTION ( 'NONE',  ( 1.000000000000000000, -0.000000000000000000, -0.000000000000000000 ) ) ;
#417 = CARTESIAN_POINT ( 'NONE',  ( 324.4999999999999432, 95.13949849275475401, -3.023642366529606385 ) ) ;
#418 = DIRECTION ( 'NONE',  ( 0.000000000000000000, 1.000000000000000000, 0.000000000000000000 ) ) ;
#419 = EDGE_LOOP ( 'NONE', ( #2141, #3232, #1946, #4756 ) ) ;
#420 = CYLINDRICAL_SURFACE ( 'NONE', #6067, 4.000000000000000000 ) ;
#421 = EDGE_CURVE ( 'NONE', #4247, #1064, #3079, .T. ) ;
#422 = CARTESIAN_POINT ( 'NONE',  ( 106.0000000000000000, -1.999999999999974021, -2.500000000000000000 ) ) ;
#423 = CARTESIAN_POINT ( 'NONE',  ( 289.5000000000000000, 88.49999999999997158, -1.000000000000000000 ) ) ;
#424 = DIRECTION ( 'NONE',  ( -0.000000000000000000, -0.000000000000000000, -1.000000000000000000 ) ) ;
#425 = DIRECTION ( 'NONE',  ( -0.000000000000000000, 2.891205793294675861E-16, -1.000000000000000000 ) ) ;
#426 = ORIENTED_EDGE ( 'NONE', *, *, #171, .T. ) ;
#427 = EDGE_LOOP ( 'NONE', ( #900, #202, #5683, #71 ) ) ;
#428 = CARTESIAN_POINT ( 'NONE',  ( 300.3373333865837935, 98.07974518897177063, -7.614177180260631062 ) ) ;
#429 = ORIENTED_EDGE ( 'NONE', *, *, #95, .F. ) ;
#430 = FACE_BOUND ( 'NONE', #3962, .T. ) ;
#431 = LINE ( 'NONE', #6081, #6062 ) ;
#432 = DIRECTION ( 'NONE',  ( 1.000000000000000000, 0.000000000000000000, 0.000000000000000000 ) ) ;
#433 = DIRECTION ( 'NONE',  ( 1.000000000000000000, 1.222859769274868068E-16, 0.000000000000000000 ) ) ;
#434 = ORIENTED_EDGE ( 'NONE', *, *, #2760, .F. ) ;
#435 = EDGE_CURVE ( 'NONE', #2943, #6190, #204, .T. ) ;
#436 = EDGE_LOOP ( 'NONE', ( #5751, #3908, #4538, #334 ) ) ;
#437 = CARTESIAN_POINT ( 'NONE',  ( 289.5000000000000000, 88.49999999999997158, -2.500000000000000000 ) ) ;
#438 = VECTOR ( 'NONE', #2406, 1000.000000000000000 ) ;
#439 = CARTESIAN_POINT ( 'NONE',  ( 323.4833229803469976, 98.16680483554503667, -7.628801276712392720 ) ) ;
#440 = VERTEX_POINT ( 'NONE', #4909 ) ;
#441 = EDGE_LOOP ( 'NONE', ( #553, #2493, #4694, #4521 ) ) ;
#442 = AXIS2_PLACEMENT_3D ( 'NONE', #3179, #3243, #4251 ) ;
#443 = CARTESIAN_POINT ( 'NONE',  ( 28.99999999999999645, 84.49999999999995737, -1.000000000000000888 ) ) ;
#444 = CARTESIAN_POINT ( 'NONE',  ( 299.4999933856528287, 96.66473195621452419, -7.376556622582329581 ) ) ;
#445 = DIRECTION ( 'NONE',  ( -1.506359616073056041E-16, 0.9986107771491159468, -0.05269265377297461389 ) ) ;
#446 = DIRECTION ( 'NONE',  ( 0.000000000000000000, -0.000000000000000000, 1.000000000000000000 ) ) ;
#447 = ORIENTED_EDGE ( 'NONE', *, *, #2856, .F. ) ;
#448 = PLANE ( 'NONE',  #5424 ) ;
#449 = AXIS2_PLACEMENT_3D ( 'NONE', #3802, #1664, #1727 ) ;
#450 = CIRCLE ( 'NONE', #4181, 2.399999999999999467 ) ;
#451 = CARTESIAN_POINT ( 'NONE',  ( 299.7700027945430179, 98.26132873497748221, -7.948682877930727031 ) ) ;
#452 = VECTOR ( 'NONE', #3409, 1000.000000000000114 ) ;
#453 = EDGE_CURVE ( 'NONE', #6288, #6260, #3237, .T. ) ;
#454 = CARTESIAN_POINT ( 'NONE',  ( -1.978431909658866950, 96.76554466953322731, -7.198188203212768421 ) ) ;
#455 = CARTESIAN_POINT ( 'NONE',  ( 7.492913385826666328, 118.0000000000000711, -1.852519685038982011 ) ) ;
#456 = AXIS2_PLACEMENT_3D ( 'NONE', #6617, #2995, #3496 ) ;
#457 = CARTESIAN_POINT ( 'NONE',  ( 299.5942149405656778, 96.42566098323142398, -5.432820632030467500 ) ) ;
#458 = ORIENTED_EDGE ( 'NONE', *, *, #6327, .F. ) ;
#459 = EDGE_CURVE ( 'NONE', #6116, #4850, #4213, .T. ) ;
#460 = VERTEX_POINT ( 'NONE', #5947 ) ;
#461 = CARTESIAN_POINT ( 'NONE',  ( 107.5974276659457871, -0.07692307692307316647, -8.701999999999998181 ) ) ;
#462 = ORIENTED_EDGE ( 'NONE', *, *, #6506, .T. ) ;
#463 = FACE_OUTER_BOUND ( 'NONE', #530, .T. ) ;
#464 = DIRECTION ( 'NONE',  ( 0.000000000000000000, 0.000000000000000000, 1.000000000000000000 ) ) ;
#465 = DIRECTION ( 'NONE',  ( -1.000000000000000000, 0.000000000000000000, 0.000000000000000000 ) ) ;
#466 = CARTESIAN_POINT ( 'NONE',  ( 107.5974276659457871, -0.07692307692307273626, 6.299999999999999822 ) ) ;
#467 = EDGE_LOOP ( 'NONE', ( #3547, #5484, #4418, #6091 ) ) ;
#468 = ADVANCED_FACE ( 'NONE', ( #5718 ), #2824, .F. ) ;
#469 = ADVANCED_FACE ( 'NONE', ( #1701 ), #1270, .F. ) ;
#470 = ORIENTED_EDGE ( 'NONE', *, *, #5276, .T. ) ;
#471 = CARTESIAN_POINT ( 'NONE',  ( 324.3837253262990998, 97.20981713177256722, -7.468093310246426419 ) ) ;
#472 = FACE_OUTER_BOUND ( 'NONE', #2431, .T. ) ;
#473 = ORIENTED_EDGE ( 'NONE', *, *, #5024, .F. ) ;
#474 = ORIENTED_EDGE ( 'NONE', *, *, #4041, .F. ) ;
#475 = AXIS2_PLACEMENT_3D ( 'NONE', #4972, #6481, #1366 ) ;
#476 = DIRECTION ( 'NONE',  ( 0.000000000000000000, 0.7071067811865392461, -0.7071067811865557884 ) ) ;
#477 = FACE_OUTER_BOUND ( 'NONE', #1744, .T. ) ;
#478 = DIRECTION ( 'NONE',  ( -4.361254403050800956E-32, 0.000000000000000000, -1.000000000000000000 ) ) ;
#479 = ORIENTED_EDGE ( 'NONE', *, *, #5524, .T. ) ;
#480 = ADVANCED_FACE ( 'NONE', ( #5912 ), #3361, .F. ) ;
#481 = VECTOR ( 'NONE', #1656, 1000.000000000000227 ) ;
#482 = DIRECTION ( 'NONE',  ( -0.000000000000000000, 2.891205793294675861E-16, -1.000000000000000000 ) ) ;
#483 = B_SPLINE_CURVE_WITH_KNOTS ( 'NONE', 3,
 ( #5882, #3330, #5380, #805 ),
 .UNSPECIFIED., .F., .F.,
 ( 4, 4 ),
 ( 0.000000000000000000, 1.000000000000000000 ),
 .UNSPECIFIED. ) ;
#484 = PLANE ( 'NONE',  #4780 ) ;
#485 = DIRECTION ( 'NONE',  ( 0.000000000000000000, 0.000000000000000000, -1.000000000000000000 ) ) ;
#486 = DIRECTION ( 'NONE',  ( -0.000000000000000000, 2.891205793294675861E-16, -1.000000000000000000 ) ) ;
#487 = VECTOR ( 'NONE', #4726, 1000.000000000000000 ) ;
#488 = DIRECTION ( 'NONE',  ( -9.427844978134816503E-17, -1.000000000000000000, 0.000000000000000000 ) ) ;
#489 = ORIENTED_EDGE ( 'NONE', *, *, #2331, .T. ) ;
#490 = ORIENTED_EDGE ( 'NONE', *, *, #2124, .T. ) ;
#491 = DIRECTION ( 'NONE',  ( 0.000000000000000000, 0.7071067811865450192, -0.7071067811865500152 ) ) ;
#492 = VERTEX_POINT ( 'NONE', #6486 ) ;
#493 = VECTOR ( 'NONE', #2821, 1000.000000000000000 ) ;
#494 = CARTESIAN_POINT ( 'NONE',  ( -5.000000000000000000, 94.80613420518679391, -4.750000000000002665 ) ) ;
#495 = CARTESIAN_POINT ( 'NONE',  ( -1.000000000000000000, -1.000000000000000000, -1.000000000000000000 ) ) ;
#496 = EDGE_CURVE ( 'NONE', #6364, #3046, #2392, .T. ) ;
#497 = DIRECTION ( 'NONE',  ( 0.000000000000000000, 1.000000000000000000, 0.000000000000000000 ) ) ;
#498 = DIRECTION ( 'NONE',  ( 0.7050330097193309165, 0.03927407601317002561, -0.7080861544751554382 ) ) ;
#499 = ORIENTED_EDGE ( 'NONE', *, *, #588, .F. ) ;
#500 = ORIENTED_EDGE ( 'NONE', *, *, #1350, .F. ) ;
#501 = CARTESIAN_POINT ( 'NONE',  ( 324.2408062160335476, 97.50888024171541701, -7.518315225633667609 ) ) ;
#502 = FACE_OUTER_BOUND ( 'NONE', #371, .T. ) ;
#503 = EDGE_CURVE ( 'NONE', #5051, #2569, #1897, .T. ) ;
#504 = CARTESIAN_POINT ( 'NONE',  ( 324.5000000000000000, 96.55345447274432047, -7.357869679547373920 ) ) ;
#505 = VERTEX_POINT ( 'NONE', #4364 ) ;
#506 = ORIENTED_EDGE ( 'NONE', *, *, #3429, .T. ) ;
#507 = PLANE ( 'NONE',  #3170 ) ;
#508 = CARTESIAN_POINT ( 'NONE',  ( 7.492913385826668993, 98.84752415750148202, -1.852519685038982900 ) ) ;
#509 = CYLINDRICAL_SURFACE ( 'NONE', #5798, 4.000000000000000000 ) ;
#510 = ORIENTED_EDGE ( 'NONE', *, *, #2735, .T. ) ;
#511 = CARTESIAN_POINT ( 'NONE',  ( 352.4716436477942807, 83.52785265049415386, -7.171256905813307547 ) ) ;
#512 = VERTEX_POINT ( 'NONE', #4232 ) ;
#513 = CIRCLE ( 'NONE', #4472, 1.099999999999989875 ) ;
#514 = AXIS2_PLACEMENT_3D ( 'NONE', #2412, #4466, #6504 ) ;
#515 = DIRECTION ( 'NONE',  ( -1.000000000000000000, 0.000000000000000000, 0.000000000000000000 ) ) ;
#516 = CARTESIAN_POINT ( 'NONE',  ( -1.993588938994603987, 96.63027293996852052, -7.163826065182920644 ) ) ;
#517 = CARTESIAN_POINT ( 'NONE',  ( 26.00000000000000000, 94.80613420518679391, -4.750000000000002665 ) ) ;
#518 = DIRECTION ( 'NONE',  ( 0.5150380749100421651, 0.000000000000000000, -0.8571673007021195501 ) ) ;
#519 = VERTEX_POINT ( 'NONE', #1789 ) ;
#520 = AXIS2_PLACEMENT_3D ( 'NONE', #3300, #5887, #6622 ) ;
#521 = VERTEX_POINT ( 'NONE', #6277 ) ;
#522 = DIRECTION ( 'NONE',  ( -0.000000000000000000, 2.891205793294675861E-16, -1.000000000000000000 ) ) ;
#523 = ORIENTED_EDGE ( 'NONE', *, *, #3033, .T. ) ;
#524 = EDGE_CURVE ( 'NONE', #4850, #2744, #5369, .T. ) ;
#525 = CARTESIAN_POINT ( 'NONE',  ( 324.5000000000000000, -4.500000000000017764, -2.500000000000000000 ) ) ;
#526 = DIRECTION ( 'NONE',  ( 0.7050330097193308054, 0.03927407601318039232, -0.7080861544751548831 ) ) ;
#527 = CARTESIAN_POINT ( 'NONE',  ( -1.000000000000000000, 3.000000000000000000, 6.299999999999999822 ) ) ;
#528 = DIRECTION ( 'NONE',  ( -1.000000000000000000, 0.000000000000000000, 0.000000000000000000 ) ) ;
#529 = ORIENTED_EDGE ( 'NONE', *, *, #6379, .F. ) ;
#530 = EDGE_LOOP ( 'NONE', ( #6317, #1496, #3063, #1811 ) ) ;
#531 = CARTESIAN_POINT ( 'NONE',  ( 323.0978100079696560, 98.25364095566713729, -7.643387049995244098 ) ) ;
#532 = PLANE ( 'NONE',  #6505 ) ;
#533 = ADVANCED_FACE ( 'NONE', ( #3861 ), #5303, .F. ) ;
#534 = CARTESIAN_POINT ( 'NONE',  ( -5.000000000000000000, 84.49999999999995737, -6.200000000000000178 ) ) ;
#535 = ORIENTED_EDGE ( 'NONE', *, *, #1804, .F. ) ;
#536 = ORIENTED_EDGE ( 'NONE', *, *, #3835, .T. ) ;
#537 = LINE ( 'NONE', #2567, #5396 ) ;
#538 = CARTESIAN_POINT ( 'NONE',  ( 8.392913385826666683, 115.1000000000000085, 1.647480314961017767 ) ) ;
#539 = ORIENTED_EDGE ( 'NONE', *, *, #1730, .T. ) ;
#540 = EDGE_CURVE ( 'NONE', #3145, #3684, #1908, .T. ) ;
#541 = DIRECTION ( 'NONE',  ( -1.000000000000000000, 0.000000000000000000, 0.000000000000000000 ) ) ;
#542 = ORIENTED_EDGE ( 'NONE', *, *, #1790, .T. ) ;
#543 = EDGE_CURVE ( 'NONE', #5046, #6154, #3795, .T. ) ;
#544 = EDGE_CURVE ( 'NONE', #5854, #4443, #725, .T. ) ;
#545 = FACE_OUTER_BOUND ( 'NONE', #2030, .T. ) ;
#546 = FACE_OUTER_BOUND ( 'NONE', #571, .T. ) ;
#547 = CARTESIAN_POINT ( 'NONE',  ( 327.5000000000000000, 94.80613420518679391, -4.750000000000002665 ) ) ;
#548 = CARTESIAN_POINT ( 'NONE',  ( -1.000000000000000000, 114.5000000000000000, -1.000000000000000000 ) ) ;
#549 = CARTESIAN_POINT ( 'NONE',  ( 299.6416145522716761, 96.48197263712043537, -5.279146927149910518 ) ) ;
#550 = ORIENTED_EDGE ( 'NONE', *, *, #4094, .T. ) ;
#551 = VECTOR ( 'NONE', #345, 1000.000000000000000 ) ;
#552 = EDGE_CURVE ( 'NONE', #4884, #28, #2752, .T. ) ;
#553 = ORIENTED_EDGE ( 'NONE', *, *, #2831, .F. ) ;
#554 = CARTESIAN_POINT ( 'NONE',  ( -1.491239737717754643, 97.79293456998574641, -7.459178610682110744 ) ) ;
#555 = ORIENTED_EDGE ( 'NONE', *, *, #2593, .T. ) ;
#556 = VECTOR ( 'NONE', #5830, 1000.000000000000000 ) ;
#557 = VECTOR ( 'NONE', #4370, 1000.000000000000000 ) ;
#558 = CARTESIAN_POINT ( 'NONE',  ( 216.5000000000000568, 117.7000000000000171, -8.199999999999935341 ) ) ;
#559 = CARTESIAN_POINT ( 'NONE',  ( 22.02948077101630275, 98.11444775969683008, -7.540852144174104765 ) ) ;
#560 = CARTESIAN_POINT ( 'NONE',  ( 217.6000000000000227, -1.999999999999988010, -2.500000000000000000 ) ) ;
#561 = CARTESIAN_POINT ( 'NONE',  ( 327.0000000000000568, 0.000000000000000000, -2.500000000000000000 ) ) ;
#562 = AXIS2_PLACEMENT_3D ( 'NONE', #2103, #3115, #6198 ) ;
#563 = AXIS2_PLACEMENT_3D ( 'NONE', #1816, #3961, #3927 ) ;
#564 = VECTOR ( 'NONE', #1819, 1000.000000000000000 ) ;
#565 = EDGE_LOOP ( 'NONE', ( #6259, #4492 ) ) ;
#566 = CARTESIAN_POINT ( 'NONE',  ( 324.3323745083007452, 97.33494486960562142, -7.489096710047369321 ) ) ;
#567 = DIRECTION ( 'NONE',  ( 0.000000000000000000, 0.000000000000000000, -1.000000000000000000 ) ) ;
#568 = EDGE_CURVE ( 'NONE', #3574, #1454, #6308, .T. ) ;
#569 = VECTOR ( 'NONE', #138, 1000.000000000000000 ) ;
#570 = CARTESIAN_POINT ( 'NONE',  ( 324.9871079670231779, 96.81116031634742569, -7.872163352862589392 ) ) ;
#571 = EDGE_LOOP ( 'NONE', ( #5598, #3416, #1698, #6620 ) ) ;
#572 = VERTEX_POINT ( 'NONE', #1717 ) ;
#573 = EDGE_CURVE ( 'NONE', #5312, #3821, #2814, .T. ) ;
#574 = CARTESIAN_POINT ( 'NONE',  ( -4.200000000000001066, -1.999999999999960920, -2.500000000000000000 ) ) ;
#575 = ORIENTED_EDGE ( 'NONE', *, *, #3713, .T. ) ;
#576 = DIRECTION ( 'NONE',  ( 0.7071067811865475727, 8.659560562354934091E-17, -0.7071067811865474617 ) ) ;
#577 = ORIENTED_EDGE ( 'NONE', *, *, #5228, .F. ) ;
#578 = AXIS2_PLACEMENT_3D ( 'NONE', #3011, #4525, #6566 ) ;
#579 = ADVANCED_FACE ( 'NONE', ( #2721 ), #3318, .T. ) ;
#580 = LINE ( 'NONE', #5561, #1998 ) ;
#581 = CARTESIAN_POINT ( 'NONE',  ( -0.5000000000000004441, 96.38160116615864581, -2.500000000000002220 ) ) ;
#582 = DIRECTION ( 'NONE',  ( 0.000000000000000000, 0.000000000000000000, 1.000000000000000000 ) ) ;
#583 = CARTESIAN_POINT ( 'NONE',  ( -5.000000000000000000, -5.052582851014935095, -1.996529837783031169 ) ) ;
#584 = ADVANCED_FACE ( 'NONE', ( #3828 ), #4771, .F. ) ;
#585 = DIRECTION ( 'NONE',  ( -0.000000000000000000, 2.891205793294675861E-16, -1.000000000000000000 ) ) ;
#586 = ORIENTED_EDGE ( 'NONE', *, *, #1273, .F. ) ;
#587 = CIRCLE ( 'NONE', #4313, 2.500000000000000888 ) ;
#588 = EDGE_CURVE ( 'NONE', #3772, #5866, #2186, .T. ) ;
#589 = ADVANCED_FACE ( 'NONE', ( #1327, #3352, #1257, #1818, #5336 ), #5767, .T. ) ;
#590 = EDGE_CURVE ( 'NONE', #3350, #1022, #253, .T. ) ;
#591 = EDGE_LOOP ( 'NONE', ( #4978, #5187, #6229, #5893 ) ) ;
#592 = CARTESIAN_POINT ( 'NONE',  ( 2.999999999999998224, 114.5000000000000000, 6.299999999999999822 ) ) ;
#593 = ORIENTED_EDGE ( 'NONE', *, *, #1060, .T. ) ;
#594 = AXIS2_PLACEMENT_3D ( 'NONE', #1357, #787, #5967 ) ;
#595 = CARTESIAN_POINT ( 'NONE',  ( 21.50000000000000355, 94.97206223497978783, -3.013030214988509758 ) ) ;
#596 = LINE ( 'NONE', #627, #4027 ) ;
#597 = DIRECTION ( 'NONE',  ( 1.222859769274868068E-16, -1.000000000000000000, 0.000000000000000000 ) ) ;
#598 = DIRECTION ( 'NONE',  ( -0.000000000000000000, -0.000000000000000000, -1.000000000000000000 ) ) ;
#599 = VERTEX_POINT ( 'NONE', #2222 ) ;
#600 = LINE ( 'NONE', #3095, #2704 ) ;
#601 = FACE_BOUND ( 'NONE', #4378, .T. ) ;
#602 = CIRCLE ( 'NONE', #3796, 2.199999999999993516 ) ;
#603 = VECTOR ( 'NONE', #4802, 1000.000000000000000 ) ;
#604 = CARTESIAN_POINT ( 'NONE',  ( 21.81530035680721724, 99.03769910973248614, -7.989648804088012035 ) ) ;
#605 = ORIENTED_EDGE ( 'NONE', *, *, #3214, .F. ) ;
#606 = EDGE_LOOP ( 'NONE', ( #4390, #4212, #871, #4762 ) ) ;
#607 = EDGE_CURVE ( 'NONE', #2865, #1930, #4262, .T. ) ;
#608 = CARTESIAN_POINT ( 'NONE',  ( 7.492913385826667216, 115.1000000000000085, -1.852519685038982900 ) ) ;
#609 = CARTESIAN_POINT ( 'NONE',  ( 216.5000000000000284, -1.999999999999988010, -1.999999999999999556 ) ) ;
#610 = ORIENTED_EDGE ( 'NONE', *, *, #4430, .F. ) ;
#611 = EDGE_CURVE ( 'NONE', #1278, #1685, #4115, .T. ) ;
#612 = DIRECTION ( 'NONE',  ( 1.283000413665435261E-16, -1.000000000000000000, -0.000000000000000000 ) ) ;
#613 = ORIENTED_EDGE ( 'NONE', *, *, #4336, .T. ) ;
#614 = ORIENTED_EDGE ( 'NONE', *, *, #459, .F. ) ;
#615 = CARTESIAN_POINT ( 'NONE',  ( 21.69634657480247242, 98.21536254514909103, -7.566488318431743743 ) ) ;
#616 = DIRECTION ( 'NONE',  ( 1.000000000000000000, 1.222859769274868068E-16, 0.000000000000000000 ) ) ;
#617 = CARTESIAN_POINT ( 'NONE',  ( 0.2000000000000061728, 56.75000000000002132, -2.500000000000000000 ) ) ;
#618 = CARTESIAN_POINT ( 'NONE',  ( -1.999999999999999556, -5.000000000000000888, -2.000000000000047073 ) ) ;
#619 = DIRECTION ( 'NONE',  ( -1.000000000000000000, 0.000000000000000000, 0.000000000000000000 ) ) ;
#620 = VERTEX_POINT ( 'NONE', #344 ) ;
#621 = EDGE_CURVE ( 'NONE', #1052, #6490, #1776, .T. ) ;
#622 = VERTEX_POINT ( 'NONE', #1208 ) ;
#623 = AXIS2_PLACEMENT_3D ( 'NONE', #2414, #5533, #947 ) ;
#624 = ORIENTED_EDGE ( 'NONE', *, *, #5847, .F. ) ;
#625 = VECTOR ( 'NONE', #752, 1000.000000000000000 ) ;
#626 = DIRECTION ( 'NONE',  ( 8.659560562354899578E-17, -0.7071067811865445751, -0.7071067811865504593 ) ) ;
#627 = CARTESIAN_POINT ( 'NONE',  ( 108.1999999999999886, -1.999999999999973577, -2.500000000000000000 ) ) ;
#628 = VECTOR ( 'NONE', #3866, 1000.000000000000000 ) ;
#629 = CARTESIAN_POINT ( 'NONE',  ( 352.4716436477942807, 118.0000000000000853, -8.699999999999999289 ) ) ;
#630 = CARTESIAN_POINT ( 'NONE',  ( 299.5000000000000000, 96.55345447274432047, -7.357869679547386355 ) ) ;
#631 = AXIS2_PLACEMENT_3D ( 'NONE', #4493, #5897, #6194 ) ;
#632 = ADVANCED_FACE ( 'NONE', ( #1740 ), #845, .F. ) ;
#633 = AXIS2_PLACEMENT_3D ( 'NONE', #5474, #5041, #5944 ) ;
#634 = ORIENTED_EDGE ( 'NONE', *, *, #1710, .F. ) ;
#635 = DIRECTION ( 'NONE',  ( -0.000000000000000000, -0.000000000000000000, -1.000000000000000000 ) ) ;
#636 = DIRECTION ( 'NONE',  ( 0.000000000000000000, 0.7071067811865557884, -0.7071067811865392461 ) ) ;
#637 = DIRECTION ( 'NONE',  ( -1.000000000000000000, -1.283000413665435261E-16, 1.668003342285390565E-16 ) ) ;
#638 = EDGE_CURVE ( 'NONE', #397, #936, #6391, .T. ) ;
#639 = DIRECTION ( 'NONE',  ( -1.000000000000000000, -0.000000000000000000, -0.000000000000000000 ) ) ;
#640 = ORIENTED_EDGE ( 'NONE', *, *, #590, .T. ) ;
#641 = ORIENTED_EDGE ( 'NONE', *, *, #1997, .F. ) ;
#642 = DIRECTION ( 'NONE',  ( 4.361254403050800956E-32, 0.000000000000000000, 1.000000000000000000 ) ) ;
#643 = ORIENTED_EDGE ( 'NONE', *, *, #1150, .T. ) ;
#644 = CARTESIAN_POINT ( 'NONE',  ( -4.200000000000001954, -1.999999999999960920, -2.500000000000003553 ) ) ;
#645 = ORIENTED_EDGE ( 'NONE', *, *, #6158, .F. ) ;
#646 = ORIENTED_EDGE ( 'NONE', *, *, #3459, .T. ) ;
#647 = LINE ( 'NONE', #1110, #1898 ) ;
#648 = CARTESIAN_POINT ( 'NONE',  ( 8.392913385826680894, -5.001000000000047407, 4.047480314961018344 ) ) ;
#649 = CARTESIAN_POINT ( 'NONE',  ( -1.626138050551430014, 97.63003066367670613, -7.417789767971040504 ) ) ;
#650 = CARTESIAN_POINT ( 'NONE',  ( -5.000000000000000000, -5.000000000000002665, -8.200000000000020606 ) ) ;
#651 = CARTESIAN_POINT ( 'NONE',  ( 324.5000000000000000, -2.000000000000001776, -2.500000000000003553 ) ) ;
#652 = ORIENTED_EDGE ( 'NONE', *, *, #6275, .F. ) ;
#653 = EDGE_LOOP ( 'NONE', ( #4180, #5433, #6220, #3202 ) ) ;
#654 = ORIENTED_EDGE ( 'NONE', *, *, #2526, .T. ) ;
#655 = EDGE_CURVE ( 'NONE', #5243, #4028, #5495, .T. ) ;
#656 = CARTESIAN_POINT ( 'NONE',  ( 14.49291338582666633, 115.1000000000000085, 5.147480314961017100 ) ) ;
#657 = ADVANCED_FACE ( 'NONE', ( #3816 ), #6330, .F. ) ;
#658 = CARTESIAN_POINT ( 'NONE',  ( 299.1666666666666856, 96.53589025482004615, -7.690739938597018543 ) ) ;
#659 = CARTESIAN_POINT ( 'NONE',  ( 22.88080389621789124, 97.15497438340857173, -7.297116779916203555 ) ) ;
#660 = AXIS2_PLACEMENT_3D ( 'NONE', #5356, #3917, #6460 ) ;
#661 = CARTESIAN_POINT ( 'NONE',  ( 319.5000000000000000, 103.3667848596428485, -1.000000000000000000 ) ) ;
#662 = VECTOR ( 'NONE', #943, 1000.000000000000000 ) ;
#663 = CIRCLE ( 'NONE', #20, 4.000000000000003553 ) ;
#664 = VERTEX_POINT ( 'NONE', #3338 ) ;
#665 = CARTESIAN_POINT ( 'NONE',  ( -1.999999999999985345, 115.5000000000000000, -8.699999999999931788 ) ) ;
#666 = CARTESIAN_POINT ( 'NONE',  ( 322.3000000000000114, -2.000000000000001776, -1.999999999999999556 ) ) ;
#667 = AXIS2_PLACEMENT_3D ( 'NONE', #4228, #3251, #1783 ) ;
#668 = DIRECTION ( 'NONE',  ( -0.000000000000000000, -0.000000000000000000, -1.000000000000000000 ) ) ;
#669 = VECTOR ( 'NONE', #208, 1000.000000000000000 ) ;
#670 = EDGE_CURVE ( 'NONE', #5349, #2677, #5171, .T. ) ;
#671 = EDGE_CURVE ( 'NONE', #5601, #512, #3242, .T. ) ;
#672 = VERTEX_POINT ( 'NONE', #1245 ) ;
#673 = EDGE_LOOP ( 'NONE', ( #3157, #5007, #5384, #5515 ) ) ;
#674 = DIRECTION ( 'NONE',  ( -0.000000000000000000, -0.000000000000000000, -1.000000000000000000 ) ) ;
#675 = VERTEX_POINT ( 'NONE', #274 ) ;
#676 = CARTESIAN_POINT ( 'NONE',  ( 327.5000000000000000, 94.80613420518679391, -3.000000000000007994 ) ) ;
#677 = ORIENTED_EDGE ( 'NONE', *, *, #5108, .T. ) ;
#678 = ORIENTED_EDGE ( 'NONE', *, *, #2153, .T. ) ;
#679 = CARTESIAN_POINT ( 'NONE',  ( 23.31112982064263051, 98.15298958603499102, -7.942966259007800289 ) ) ;
#680 = DIRECTION ( 'NONE',  ( -1.252131230780251791E-16, 1.000000000000000000, -0.000000000000000000 ) ) ;
#681 = CARTESIAN_POINT ( 'NONE',  ( -5.000000000000000000, 83.49999999999995737, -2.000000000000047073 ) ) ;
#682 = DIRECTION ( 'NONE',  ( 0.000000000000000000, 1.000000000000000000, 0.000000000000000000 ) ) ;
#683 = CYLINDRICAL_SURFACE ( 'NONE', #2570, 2.199999999999979750 ) ;
#684 = ORIENTED_EDGE ( 'NONE', *, *, #5488, .F. ) ;
#685 = VECTOR ( 'NONE', #4119, 1000.000000000000000 ) ;
#686 = LINE ( 'NONE', #2745, #625 ) ;
#687 = EDGE_LOOP ( 'NONE', ( #3169, #3973, #4782, #1549 ) ) ;
#688 = CYLINDRICAL_SURFACE ( 'NONE', #4613, 2.199999999999993516 ) ;
#689 = DIRECTION ( 'NONE',  ( 1.000000000000000000, 0.000000000000000000, 0.000000000000000000 ) ) ;
#690 = AXIS2_PLACEMENT_3D ( 'NONE', #2256, #3671, #4803 ) ;
#691 = CARTESIAN_POINT ( 'NONE',  ( 22.94032651674171674, 96.95981746620859099, -7.247522313060485111 ) ) ;
#692 = CYLINDRICAL_SURFACE ( 'NONE', #3047, 1.099999999999989875 ) ;
#693 = DIRECTION ( 'NONE',  ( 0.000000000000000000, 0.000000000000000000, 1.000000000000000000 ) ) ;
#694 = AXIS2_PLACEMENT_3D ( 'NONE', #1183, #6304, #190 ) ;
#695 = ORIENTED_EDGE ( 'NONE', *, *, #4598, .F. ) ;
#696 = ADVANCED_FACE ( 'NONE', ( #1282 ), #2834, .F. ) ;
#697 = CARTESIAN_POINT ( 'NONE',  ( 323.5000000000000000, 60.90331193145909339, -1.000000000000000000 ) ) ;
#698 = PLANE ( 'NONE',  #4786 ) ;
#699 = CARTESIAN_POINT ( 'NONE',  ( 300.4814341450779693, 98.62773462702514848, -7.968016635638774048 ) ) ;
#700 = VECTOR ( 'NONE', #2239, 1000.000000000000000 ) ;
#701 = VECTOR ( 'NONE', #5545, 1000.000000000000000 ) ;
#702 = ORIENTED_EDGE ( 'NONE', *, *, #3712, .T. ) ;
#703 = VERTEX_POINT ( 'NONE', #712 ) ;
#704 = EDGE_CURVE ( 'NONE', #1345, #3427, #3995, .T. ) ;
#705 = LINE ( 'NONE', #4417, #3668 ) ;
#706 = VERTEX_POINT ( 'NONE', #6459 ) ;
#707 = DIRECTION ( 'NONE',  ( 1.000000000000000000, -0.000000000000000000, 0.000000000000000000 ) ) ;
#708 = DIRECTION ( 'NONE',  ( -0.000000000000000000, 0.000000000000000000, -1.000000000000000000 ) ) ;
#709 = VERTEX_POINT ( 'NONE', #1875 ) ;
#710 = VERTEX_POINT ( 'NONE', #4852 ) ;
#711 = CARTESIAN_POINT ( 'NONE',  ( 21.65734120843096733, 99.03768756283035657, -7.989648194804656711 ) ) ;
#712 = CARTESIAN_POINT ( 'NONE',  ( 8.392913385826666683, 114.5000000000000000, 4.047480314961018344 ) ) ;
#713 = CARTESIAN_POINT ( 'NONE',  ( -1.249287162015790376, 97.99262080984455281, -7.509900972151917209 ) ) ;
#714 = DIRECTION ( 'NONE',  ( -0.000000000000000000, 2.891205793294675861E-16, -1.000000000000000000 ) ) ;
#715 = DIRECTION ( 'NONE',  ( 1.252131230780251545E-16, -1.000000000000000000, -0.000000000000000000 ) ) ;
#716 = VERTEX_POINT ( 'NONE', #5888 ) ;
#717 = DIRECTION ( 'NONE',  ( 0.000000000000000000, 0.000000000000000000, 1.000000000000000000 ) ) ;
#718 = ORIENTED_EDGE ( 'NONE', *, *, #167, .T. ) ;
#719 = CARTESIAN_POINT ( 'NONE',  ( 212.3466880685409990, 110.5000000000000284, -6.200000000000000178 ) ) ;
#720 = DIRECTION ( 'NONE',  ( -1.000000000000000000, 0.000000000000000000, 0.000000000000000000 ) ) ;
#721 = CARTESIAN_POINT ( 'NONE',  ( 22.88372529317345894, 97.14683432155362652, -7.295049227532436120 ) ) ;
#722 = FACE_OUTER_BOUND ( 'NONE', #974, .T. ) ;
#723 = AXIS2_PLACEMENT_3D ( 'NONE', #1525, #1089, #5607 ) ;
#724 = ADVANCED_FACE ( 'NONE', ( #4887 ), #5791, .F. ) ;
#725 = LINE ( 'NONE', #4738, #6365 ) ;
#726 = VECTOR ( 'NONE', #717, 1000.000000000000000 ) ;
#727 = AXIS2_PLACEMENT_3D ( 'NONE', #1356, #5966, #5500 ) ;
#728 = CARTESIAN_POINT ( 'NONE',  ( 324.4875951087066142, 96.77252678871494140, -7.394656989543761050 ) ) ;
#729 = DIRECTION ( 'NONE',  ( -1.000000000000000000, 0.000000000000000000, 0.000000000000000000 ) ) ;
#730 = CIRCLE ( 'NONE', #736, 1.099999999999989875 ) ;
#731 = DIRECTION ( 'NONE',  ( 1.506359616073056041E-16, -0.9986107771491159468, 0.05269265377297461389 ) ) ;
#732 = CARTESIAN_POINT ( 'NONE',  ( 220.6533119314589726, -0.9999999999999729106, -1.000000000000000000 ) ) ;
#733 = AXIS2_PLACEMENT_3D ( 'NONE', #101, #567, #2059 ) ;
#734 = VERTEX_POINT ( 'NONE', #5827 ) ;
#735 = VERTEX_POINT ( 'NONE', #5861 ) ;
#736 = AXIS2_PLACEMENT_3D ( 'NONE', #4411, #3396, #3201 ) ;
#737 = EDGE_CURVE ( 'NONE', #1287, #2024, #3272, .T. ) ;
#738 = CARTESIAN_POINT ( 'NONE',  ( 22.90595160834698163, 96.42580368732228635, -5.433075270492411235 ) ) ;
#739 = ORIENTED_EDGE ( 'NONE', *, *, #2934, .T. ) ;
#740 = CARTESIAN_POINT ( 'NONE',  ( 220.6533119314590294, -0.9999999999999729106, -1.000000000000000000 ) ) ;
#741 = ORIENTED_EDGE ( 'NONE', *, *, #552, .F. ) ;
#742 = ORIENTED_EDGE ( 'NONE', *, *, #2507, .T. ) ;
#743 = CARTESIAN_POINT ( 'NONE',  ( 22.99033097526062974, 96.69804221329034988, -7.181042252007281412 ) ) ;
#744 = CARTESIAN_POINT ( 'NONE',  ( 324.9999999999999432, 83.00000000000000000, 8.858798006196936988E-30 ) ) ;
#745 = FACE_OUTER_BOUND ( 'NONE', #2591, .T. ) ;
#746 = DIRECTION ( 'NONE',  ( 0.000000000000000000, 1.000000000000000000, 0.000000000000000000 ) ) ;
#747 = EDGE_CURVE ( 'NONE', #4949, #4615, #5355, .T. ) ;
#748 = CARTESIAN_POINT ( 'NONE',  ( 53.49291338582637678, 60.39291438582644389, 6.301000000000110290 ) ) ;
#749 = ORIENTED_EDGE ( 'NONE', *, *, #3639, .F. ) ;
#750 = ADVANCED_FACE ( 'NONE', ( #2771 ), #777, .F. ) ;
#751 = EDGE_CURVE ( 'NONE', #664, #172, #3633, .T. ) ;
#752 = DIRECTION ( 'NONE',  ( 1.000000000000000000, 1.222859769274868068E-16, 0.000000000000000000 ) ) ;
#753 = EDGE_CURVE ( 'NONE', #230, #5903, #2994, .T. ) ;
#754 = CYLINDRICAL_SURFACE ( 'NONE', #667, 4.000000000000003553 ) ;
#755 = CARTESIAN_POINT ( 'NONE',  ( -1.000000000000000000, 114.5000000000000000, -6.199999999999997513 ) ) ;
#756 = CARTESIAN_POINT ( 'NONE',  ( 23.00000000000000711, 96.54454051307600082, -7.142048095470418190 ) ) ;
#757 = CYLINDRICAL_SURFACE ( 'NONE', #6323, 1.099999999999989875 ) ;
#758 = DIRECTION ( 'NONE',  ( -1.000000000000000000, -1.226045163472329843E-16, 0.000000000000000000 ) ) ;
#759 = DIRECTION ( 'NONE',  ( 0.000000000000000000, 0.000000000000000000, 1.000000000000000000 ) ) ;
#760 = CARTESIAN_POINT ( 'NONE',  ( 323.0000000000000000, 98.25363967881254723, -7.643383541865984121 ) ) ;
#761 =( LENGTH_UNIT ( ) NAMED_UNIT ( * ) SI_UNIT ( .MILLI., .METRE. ) );
#762 = CARTESIAN_POINT ( 'NONE',  ( 214.3000000000000114, -1.999999999999988010, -1.999999999999999556 ) ) ;
#763 = UNCERTAINTY_MEASURE_WITH_UNIT (LENGTH_MEASURE( 1.000000000000000082E-05 ), #3870, 'distance_accuracy_value', 'NONE');
#764 = AXIS2_PLACEMENT_3D ( 'NONE', #4605, #2117, #994 ) ;
#765 = ORIENTED_EDGE ( 'NONE', *, *, #3879, .F. ) ;
#766 = AXIS2_PLACEMENT_3D ( 'NONE', #5622, #3513, #2444 ) ;
#767 = AXIS2_PLACEMENT_3D ( 'NONE', #881, #1842, #2871 ) ;
#768 = AXIS2_PLACEMENT_3D ( 'NONE', #1494, #6114, #1527 ) ;
#769 = LINE ( 'NONE', #3838, #32 ) ;
#770 = EDGE_LOOP ( 'NONE', ( #5119, #4135, #6534, #2505 ) ) ;
#771 = DIRECTION ( 'NONE',  ( 0.000000000000000000, 0.000000000000000000, 1.000000000000000000 ) ) ;
#772 = VECTOR ( 'NONE', #2090, 1000.000000000000227 ) ;
#773 = EDGE_LOOP ( 'NONE', ( #4732, #6384, #1018, #150 ) ) ;
#774 = ORIENTED_EDGE ( 'NONE', *, *, #1697, .T. ) ;
#775 = EDGE_CURVE ( 'NONE', #2761, #3498, #2938, .T. ) ;
#776 = CARTESIAN_POINT ( 'NONE',  ( 324.5000000000000000, 113.3000000000000256, -8.199999999999935341 ) ) ;
#777 = CYLINDRICAL_SURFACE ( 'NONE', #1603, 2.199999999999979750 ) ;
#778 = DIRECTION ( 'NONE',  ( -1.000000000000000000, 0.000000000000000000, 0.000000000000000000 ) ) ;
#779 = CARTESIAN_POINT ( 'NONE',  ( -5.000000000000000000, 115.5000000000000000, 6.299999999999999822 ) ) ;
#780 = CARTESIAN_POINT ( 'NONE',  ( 324.5000000000000000, 116.5999999999999943, -7.099999999999941025 ) ) ;
#781 = VERTEX_POINT ( 'NONE', #970 ) ;
#782 = AXIS2_PLACEMENT_3D ( 'NONE', #229, #4875, #2693 ) ;
#783 = ORIENTED_EDGE ( 'NONE', *, *, #4114, .F. ) ;
#784 = VECTOR ( 'NONE', #478, 1000.000000000000000 ) ;
#785 = EDGE_CURVE ( 'NONE', #6402, #2792, #1502, .T. ) ;
#786 = CARTESIAN_POINT ( 'NONE',  ( 324.5000000000000000, 82.99999999999998579, -2.500000000000002220 ) ) ;
#787 = DIRECTION ( 'NONE',  ( 1.283000413665435261E-16, -1.000000000000000000, -0.000000000000000000 ) ) ;
#788 = CARTESIAN_POINT ( 'NONE',  ( 22.79746954293220185, 97.35230248563361499, -7.347234023018345717 ) ) ;
#789 = EDGE_CURVE ( 'NONE', #5262, #3526, #2906, .T. ) ;
#790 = DIRECTION ( 'NONE',  ( 0.000000000000000000, -0.9396926207859074287, -0.3420201433256714885 ) ) ;
#791 = ORIENTED_EDGE ( 'NONE', *, *, #6265, .F. ) ;
#792 = EDGE_CURVE ( 'NONE', #519, #35, #1005, .T. ) ;
#793 = EDGE_CURVE ( 'NONE', #2296, #735, #5025, .T. ) ;
#794 = DIRECTION ( 'NONE',  ( -1.252131230780251791E-16, 1.000000000000000000, -0.000000000000000000 ) ) ;
#795 = CARTESIAN_POINT ( 'NONE',  ( -2.730474342353105932, 83.00000000000000000, -2.500000000000000000 ) ) ;
#796 = VECTOR ( 'NONE', #1304, 1000.000000000000000 ) ;
#797 = CARTESIAN_POINT ( 'NONE',  ( -1.000000000000000000, 103.3667848596428485, -1.000000000000000000 ) ) ;
#798 = DIRECTION ( 'NONE',  ( -0.000000000000000000, -0.000000000000000000, -1.000000000000000000 ) ) ;
#799 = DIRECTION ( 'NONE',  ( -0.000000000000000000, -0.000000000000000000, -1.000000000000000000 ) ) ;
#800 = CARTESIAN_POINT ( 'NONE',  ( 26.00000000000000000, 94.80613420518679391, -3.000000000000014655 ) ) ;
#801 =( NAMED_UNIT ( * ) SI_UNIT ( $, .STERADIAN. ) SOLID_ANGLE_UNIT ( ) );
#802 = EDGE_LOOP ( 'NONE', ( #6528, #141, #5630, #3184, #4465, #2144 ) ) ;
#803 = CARTESIAN_POINT ( 'NONE',  ( 301.0000000000000000, 96.38160116615864581, -2.500000000000002220 ) ) ;
#804 = AXIS2_PLACEMENT_3D ( 'NONE', #3208, #4282, #1284 ) ;
#805 = CARTESIAN_POINT ( 'NONE',  ( -1.999999999999997780, 96.46780709592847813, -7.122555445710311517 ) ) ;
#806 = ORIENTED_EDGE ( 'NONE', *, *, #4795, .T. ) ;
#807 = DIRECTION ( 'NONE',  ( -0.000000000000000000, -0.000000000000000000, 1.000000000000000000 ) ) ;
#808 = ORIENTED_EDGE ( 'NONE', *, *, #1365, .F. ) ;
#809 = VECTOR ( 'NONE', #2323, 1000.000000000000000 ) ;
#810 = ORIENTED_EDGE ( 'NONE', *, *, #2898, .T. ) ;
#811 = CARTESIAN_POINT ( 'NONE',  ( -1.999999999999999112, 83.90398314678560610, -2.500000000000002220 ) ) ;
#812 = DIRECTION ( 'NONE',  ( -0.000000000000000000, -0.000000000000000000, -1.000000000000000000 ) ) ;
#813 = CARTESIAN_POINT ( 'NONE',  ( -5.000000000000000000, 118.5000000000000142, -8.200000000000054357 ) ) ;
#814 = CARTESIAN_POINT ( 'NONE',  ( -4.199999999999992184, 56.75000000000002132, -1.999999999999999556 ) ) ;
#815 = CARTESIAN_POINT ( 'NONE',  ( 26.00000000000000000, 94.80613420518679391, -4.750000000000002665 ) ) ;
#816 = EDGE_LOOP ( 'NONE', ( #1067, #2152, #6608, #1922 ) ) ;
#817 = CYLINDRICAL_SURFACE ( 'NONE', #4352, 1.749999999999994671 ) ;
#818 = FACE_OUTER_BOUND ( 'NONE', #4345, .T. ) ;
#819 = CARTESIAN_POINT ( 'NONE',  ( 21.50000000000000355, 96.38160116615864581, -2.500000000000002220 ) ) ;
#820 = CARTESIAN_POINT ( 'NONE',  ( -0.07692307692307447098, 55.15257233405421289, -1.000000000000000000 ) ) ;
#821 = LINE ( 'NONE', #5902, #350 ) ;
#822 = ADVANCED_FACE ( 'NONE', ( #4988 ), #507, .T. ) ;
#823 = VERTEX_POINT ( 'NONE', #415 ) ;
#824 = CARTESIAN_POINT ( 'NONE',  ( 8.392913385826680894, -5.001000000000047407, 1.647480314961017767 ) ) ;
#825 = CARTESIAN_POINT ( 'NONE',  ( 299.7400496753411971, 97.47613413978949382, -7.512815345816933110 ) ) ;
#826 = CARTESIAN_POINT ( 'NONE',  ( -1.999999999999985345, 115.5000000000000000, 6.300000000000110845 ) ) ;
#827 = CARTESIAN_POINT ( 'NONE',  ( 324.5000000000000000, 56.75000000000002132, -1.000000000000000000 ) ) ;
#828 = VECTOR ( 'NONE', #2354, 1000.000000000000000 ) ;
#829 = DIRECTION ( 'NONE',  ( -3.224512890673879998E-17, 0.3420201433256714885, -0.9396926207859074287 ) ) ;
#830 = CARTESIAN_POINT ( 'NONE',  ( 23.90398314678561320, 83.52785265049415386, -7.171256905813307547 ) ) ;
#831 = ADVANCED_FACE ( 'NONE', ( #2541 ), #2508, .F. ) ;
#832 = DIRECTION ( 'NONE',  ( -0.000000000000000000, -0.000000000000000000, -1.000000000000000000 ) ) ;
#833 = AXIS2_PLACEMENT_3D ( 'NONE', #3080, #5126, #980 ) ;
#834 = VERTEX_POINT ( 'NONE', #4045 ) ;
#835 = CARTESIAN_POINT ( 'NONE',  ( -1.999999999999999112, 83.90398314678560610, -2.500000000000002220 ) ) ;
#836 = VECTOR ( 'NONE', #31, 1000.000000000000000 ) ;
#837 = CARTESIAN_POINT ( 'NONE',  ( -1.999999999999997780, 96.77775185390864010, -7.138909977620732761 ) ) ;
#838 = ORIENTED_EDGE ( 'NONE', *, *, #1830, .F. ) ;
#839 = EDGE_CURVE ( 'NONE', #505, #52, #4006, .T. ) ;
#840 = CARTESIAN_POINT ( 'NONE',  ( -5.000000000000000000, 94.80613420518679391, -4.750000000000002665 ) ) ;
#841 = ORIENTED_EDGE ( 'NONE', *, *, #5896, .T. ) ;
#842 = VERTEX_POINT ( 'NONE', #2476 ) ;
#843 = B_SPLINE_CURVE_WITH_KNOTS ( 'NONE', 3,
 ( #3594, #6207, #2621, #5636, #3627, #6174, #559, #4637, #5199, #1056, #282, #4862, #2248, #2311, #3314, #5334, #4230, #5870, #4735, #5837, #1291, #1184, #3793, #1688, #3825, #3283, #4294, #788, #1715, #5366, #2183, #1751, #659, #721, #4360, #2719, #691, #220, #157, #4326, #6340, #6400, #1815, #3188, #6305, #5265, #1254, #6368, #2284, #1786, #2811, #756, #2780 ),
 .UNSPECIFIED., .F., .F.,
 ( 4, 2, 2, 2, 2, 2, 2, 2, 2, 2, 2, 1, 2, 2, 2, 1, 1, 2, 2, 2, 1, 1, 2, 2, 2, 1, 1, 2, 2, 4 ),
 ( 0.000000000000000000, 0.1250000000000809353, 0.1875000000001255385, 0.2500000000001701417, 0.3125000000002147726, 0.3437500000002389200, 0.3750000000002630118, 0.4375000000003112510, 0.4687500000003340661, 0.5000000000003568257, 0.5625000000003873568, 0.5937500000004015677, 0.6093750000004023448, 0.6250000000004031220, 0.6875000000004041212, 0.7187500000004121148, 0.7343750000004087841, 0.7421875000004063416, 0.7500000000004040102, 0.8125000000003507195, 0.8437500000003240741, 0.8593750000003107514, 0.8671875000002979839, 0.8750000000002853273, 0.9062500000002338130, 0.9218750000002151612, 0.9296875000001991740, 0.9335937500001977307, 0.9375000000001961764, 1.000000000000000000 ),
 .UNSPECIFIED. ) ;
#844 = CARTESIAN_POINT ( 'NONE',  ( 107.5974276659457729, 113.5769230769231086, -6.200000000000000178 ) ) ;
#845 = CYLINDRICAL_SURFACE ( 'NONE', #2625, 1.099999999999989875 ) ;
#846 = PLANE ( 'NONE',  #6414 ) ;
#847 = CARTESIAN_POINT ( 'NONE',  ( -5.000000000000000000, 83.00000000000000000, -2.500000000000000000 ) ) ;
#848 = LINE ( 'NONE', #6428, #975 ) ;
#849 = ORIENTED_EDGE ( 'NONE', *, *, #6371, .F. ) ;
#850 = DIRECTION ( 'NONE',  ( -0.000000000000000000, -0.000000000000000000, -1.000000000000000000 ) ) ;
#851 = DIRECTION ( 'NONE',  ( 8.659560562354863833E-17, -0.7071067811865416886, -0.7071067811865533459 ) ) ;
#852 = DIRECTION ( 'NONE',  ( -0.000000000000000000, 2.891205793294675861E-16, -1.000000000000000000 ) ) ;
#853 = DIRECTION ( 'NONE',  ( -0.000000000000000000, -0.000000000000000000, -1.000000000000000000 ) ) ;
#854 = DIRECTION ( 'NONE',  ( -1.000000000000000000, 0.000000000000000000, 0.000000000000000000 ) ) ;
#855 = ORIENTED_EDGE ( 'NONE', *, *, #3021, .T. ) ;
#856 = EDGE_LOOP ( 'NONE', ( #3331, #4621 ) ) ;
#857 = EDGE_CURVE ( 'NONE', #4688, #1424, #2441, .T. ) ;
#858 = CARTESIAN_POINT ( 'NONE',  ( 299.8579438609701242, 97.65606144685158085, -7.543025113506003798 ) ) ;
#859 = ORIENTED_EDGE ( 'NONE', *, *, #6411, .T. ) ;
#860 = CARTESIAN_POINT ( 'NONE',  ( 14.49291338582666633, 118.0000000000000711, -1.852519685038984676 ) ) ;
#861 = CARTESIAN_POINT ( 'NONE',  ( -4.500000000000057732, 115.5000000000000000, -8.699999999999997513 ) ) ;
#862 = ADVANCED_FACE ( 'NONE', ( #1975 ), #4014, .F. ) ;
#863 = DIRECTION ( 'NONE',  ( 0.000000000000000000, -0.000000000000000000, 1.000000000000000000 ) ) ;
#864 = DIRECTION ( 'NONE',  ( -0.000000000000000000, -0.000000000000000000, 1.000000000000000000 ) ) ;
#865 = DIRECTION ( 'NONE',  ( -0.000000000000000000, -0.000000000000000000, 1.000000000000000000 ) ) ;
#866 = EDGE_LOOP ( 'NONE', ( #3843, #5033 ) ) ;
#867 = LINE ( 'NONE', #4877, #3887 ) ;
#868 = EDGE_CURVE ( 'NONE', #3974, #4048, #1550, .T. ) ;
#869 = ADVANCED_FACE ( 'NONE', ( #1380 ), #6254, .F. ) ;
#870 = LINE ( 'NONE', #5159, #347 ) ;
#871 = ORIENTED_EDGE ( 'NONE', *, *, #2537, .T. ) ;
#872 = CARTESIAN_POINT ( 'NONE',  ( 23.00000000000000711, 94.97012234149306664, -3.007700401437580329 ) ) ;
#873 = EDGE_LOOP ( 'NONE', ( #2452, #5668, #2954, #4306 ) ) ;
#874 = VECTOR ( 'NONE', #4015, 1000.000000000000000 ) ;
#875 = ORIENTED_EDGE ( 'NONE', *, *, #4834, .F. ) ;
#876 = CARTESIAN_POINT ( 'NONE',  ( -4.500000000000055067, 0.000000000000000000, -2.500000000000000000 ) ) ;
#877 = DIRECTION ( 'NONE',  ( 0.000000000000000000, 0.000000000000000000, 1.000000000000000000 ) ) ;
#878 = CARTESIAN_POINT ( 'NONE',  ( -0.9999999999999995559, 110.5000000000000000, -6.199999999999997513 ) ) ;
#879 = PLANE ( 'NONE',  #3774 ) ;
#880 = CIRCLE ( 'NONE', #4289, 4.000000000000003553 ) ;
#881 = CARTESIAN_POINT ( 'NONE',  ( 324.5000000000000000, 94.80613420518679391, -4.750000000000002665 ) ) ;
#882 = ORIENTED_EDGE ( 'NONE', *, *, #1237, .F. ) ;
#883 = AXIS2_PLACEMENT_3D ( 'NONE', #2916, #2844, #1885 ) ;
#884 = CIRCLE ( 'NONE', #3542, 3.499999999999999556 ) ;
#885 = DIRECTION ( 'NONE',  ( -1.000000000000000000, 0.000000000000000000, 0.000000000000000000 ) ) ;
#886 = FACE_OUTER_BOUND ( 'NONE', #2670, .T. ) ;
#887 = LINE ( 'NONE', #4325, #4321 ) ;
#888 = LINE ( 'NONE', #5968, #2202 ) ;
#889 = DIRECTION ( 'NONE',  ( 1.000000000000000000, 1.252131230780251545E-16, -1.239088197126290817E-16 ) ) ;
#890 = ORIENTED_EDGE ( 'NONE', *, *, #4873, .F. ) ;
#891 = CONICAL_SURFACE ( 'NONE', #6337, 2.199999999999993516, 0.7853981633974445042 ) ;
#892 = ORIENTED_EDGE ( 'NONE', *, *, #5037, .F. ) ;
#893 = CARTESIAN_POINT ( 'NONE',  ( 300.8043225868130435, 98.25364223327107993, -7.643390560183113358 ) ) ;
#894 = ORIENTED_EDGE ( 'NONE', *, *, #1905, .F. ) ;
#895 = EDGE_CURVE ( 'NONE', #407, #735, #3951, .T. ) ;
#896 = FACE_OUTER_BOUND ( 'NONE', #3296, .T. ) ;
#897 = DIRECTION ( 'NONE',  ( -1.000000000000000000, 0.000000000000000000, 0.000000000000000000 ) ) ;
#898 = DIRECTION ( 'NONE',  ( 0.000000000000000000, 1.000000000000000000, 0.000000000000000000 ) ) ;
#899 = DIRECTION ( 'NONE',  ( 0.000000000000000000, -1.000000000000000000, 2.891205793294675861E-16 ) ) ;
#900 = ORIENTED_EDGE ( 'NONE', *, *, #1190, .F. ) ;
#901 = VECTOR ( 'NONE', #346, 1000.000000000000000 ) ;
#902 = EDGE_CURVE ( 'NONE', #2921, #1249, #378, .T. ) ;
#903 = VERTEX_POINT ( 'NONE', #6028 ) ;
#904 = CARTESIAN_POINT ( 'NONE',  ( 3.000000000000000000, 110.5000000000000000, -6.200000000000000178 ) ) ;
#905 = VERTEX_POINT ( 'NONE', #3476 ) ;
#906 = DIRECTION ( 'NONE',  ( 0.6285110671961747775, -0.04098437992369416416, -0.7767201033925901221 ) ) ;
#907 = VERTEX_POINT ( 'NONE', #5521 ) ;
#908 = AXIS2_PLACEMENT_3D ( 'NONE', #5801, #3124, #4734 ) ;
#909 = ORIENTED_EDGE ( 'NONE', *, *, #2947, .T. ) ;
#910 = DIRECTION ( 'NONE',  ( -0.000000000000000000, -0.000000000000000000, -1.000000000000000000 ) ) ;
#911 = LINE ( 'NONE', #508, #1189 ) ;
#912 = DIRECTION ( 'NONE',  ( 0.000000000000000000, 0.7071067811865469066, -0.7071067811865481278 ) ) ;
#913 = DIRECTION ( 'NONE',  ( -1.252131230780251545E-16, 1.000000000000000000, -0.000000000000000000 ) ) ;
#914 = ORIENTED_EDGE ( 'NONE', *, *, #5088, .F. ) ;
#915 = FACE_OUTER_BOUND ( 'NONE', #3469, .T. ) ;
#916 = DIRECTION ( 'NONE',  ( 0.000000000000000000, -0.7071067811865738850, 0.7071067811865211494 ) ) ;
#917 = AXIS2_PLACEMENT_3D ( 'NONE', #2085, #1961, #1461 ) ;
#918 = CARTESIAN_POINT ( 'NONE',  ( -1.809124587277665119, 97.32692019703392816, -7.340785716629638635 ) ) ;
#919 = CARTESIAN_POINT ( 'NONE',  ( 297.5000000000000000, 99.36678485964284846, -1.000000000000000888 ) ) ;
#920 = CARTESIAN_POINT ( 'NONE',  ( 299.5000000000000568, 96.17118736189515005, -5.858184238395356402 ) ) ;
#921 = ORIENTED_EDGE ( 'NONE', *, *, #2391, .T. ) ;
#922 = MANIFOLD_SOLID_BREP ( '\X2\976253d6308a\X0\4', #4890 ) ;
#923 = ORIENTED_EDGE ( 'NONE', *, *, #785, .T. ) ;
#924 = CARTESIAN_POINT ( 'NONE',  ( 299.7274934215164421, 97.45372357925003826, -7.509049861974305351 ) ) ;
#925 = ORIENTED_EDGE ( 'NONE', *, *, #1032, .T. ) ;
#926 = DIRECTION ( 'NONE',  ( -0.000000000000000000, 2.891205793294675861E-16, -1.000000000000000000 ) ) ;
#927 = DIRECTION ( 'NONE',  ( -1.000000000000000000, 0.000000000000000000, 0.000000000000000000 ) ) ;
#928 = CARTESIAN_POINT ( 'NONE',  ( 323.5000000000000000, 110.5000000000000426, 6.299999999999999822 ) ) ;
#929 = DIRECTION ( 'NONE',  ( -0.000000000000000000, -0.000000000000000000, -1.000000000000000000 ) ) ;
#930 = ORIENTED_EDGE ( 'NONE', *, *, #1790, .F. ) ;
#931 = EDGE_LOOP ( 'NONE', ( #3123, #195, #1834, #1574 ) ) ;
#932 = LINE ( 'NONE', #2966, #2806 ) ;
#933 = VECTOR ( 'NONE', #2180, 1000.000000000000000 ) ;
#934 = CARTESIAN_POINT ( 'NONE',  ( 299.5000000000000000, 82.99999999999998579, 31.47057550292607786 ) ) ;
#935 = EDGE_LOOP ( 'NONE', ( #3839, #3317, #5851, #1903 ) ) ;
#936 = VERTEX_POINT ( 'NONE', #939 ) ;
#937 = ADVANCED_FACE ( 'NONE', ( #2600 ), #4650, .F. ) ;
#938 = VECTOR ( 'NONE', #1739, 1000.000000000000000 ) ;
#939 = CARTESIAN_POINT ( 'NONE',  ( -4.500000000000055067, 83.00000000000000000, -2.500000000000000000 ) ) ;
#940 = LINE ( 'NONE', #6531, #5245 ) ;
#941 = CARTESIAN_POINT ( 'NONE',  ( 324.5000000000000000, 96.17112446137507220, -5.858247972019384520 ) ) ;
#942 = AXIS2_PLACEMENT_3D ( 'NONE', #39, #1573, #6097 ) ;
#943 = DIRECTION ( 'NONE',  ( -1.252131230780251791E-16, 1.000000000000000000, -0.000000000000000000 ) ) ;
#944 = VERTEX_POINT ( 'NONE', #608 ) ;
#945 = FACE_OUTER_BOUND ( 'NONE', #2804, .T. ) ;
#946 = AXIS2_PLACEMENT_3D ( 'NONE', #3462, #2427, #2496 ) ;
#947 = DIRECTION ( 'NONE',  ( -1.000000000000000000, 0.000000000000000000, 0.000000000000000000 ) ) ;
#948 = CYLINDRICAL_SURFACE ( 'NONE', #6314, 2.199999999999999734 ) ;
#949 = DIRECTION ( 'NONE',  ( -0.000000000000000000, -0.000000000000000000, 1.000000000000000000 ) ) ;
#950 = EDGE_CURVE ( 'NONE', #6527, #1930, #6465, .T. ) ;
#951 = CARTESIAN_POINT ( 'NONE',  ( 323.5000000000000000, -0.9999999999999603650, -1.000000000000000000 ) ) ;
#952 = EDGE_CURVE ( 'NONE', #903, #3277, #3575, .T. ) ;
#953 = CIRCLE ( 'NONE', #6619, 3.900000000000014566 ) ;
#954 = ORIENTED_EDGE ( 'NONE', *, *, #4134, .T. ) ;
#955 = ADVANCED_FACE ( 'NONE', ( #1069 ), #3611, .F. ) ;
#956 = EDGE_LOOP ( 'NONE', ( #5687, #4058, #1149, #5505 ) ) ;
#957 = CARTESIAN_POINT ( 'NONE',  ( -2.411424843022990316, 98.02038998558980154, -7.935969514133248914 ) ) ;
#958 = VERTEX_POINT ( 'NONE', #4616 ) ;
#959 = DIRECTION ( 'NONE',  ( 0.000000000000000000, 1.000000000000000000, 0.000000000000000000 ) ) ;
#960 = DIRECTION ( 'NONE',  ( -1.000000000000000000, 0.000000000000000000, 0.000000000000000000 ) ) ;
#961 = CARTESIAN_POINT ( 'NONE',  ( 105.9999999999999858, 115.5000000000000142, -6.200000000000000178 ) ) ;
#962 = PLANE ( 'NONE',  #6325 ) ;
#963 = VERTEX_POINT ( 'NONE', #1759 ) ;
#964 = CARTESIAN_POINT ( 'NONE',  ( 324.2974690077390392, 97.40842891022333561, -7.501437415639330197 ) ) ;
#965 = EDGE_CURVE ( 'NONE', #5247, #2035, #4805, .T. ) ;
#966 = AXIS2_PLACEMENT_3D ( 'NONE', #5386, #3882, #2974 ) ;
#967 = CARTESIAN_POINT ( 'NONE',  ( -1.999999999999997780, 95.72040586695538877, -2.500000000000001332 ) ) ;
#968 = VERTEX_POINT ( 'NONE', #69 ) ;
#969 = EDGE_LOOP ( 'NONE', ( #838, #3488, #4808, #5218 ) ) ;
#970 = CARTESIAN_POINT ( 'NONE',  ( 319.5000000000000000, 99.36678485964284846, -6.199999999999997513 ) ) ;
#971 = DIRECTION ( 'NONE',  ( 1.000000000000000000, 0.000000000000000000, 0.000000000000000000 ) ) ;
#972 = DIRECTION ( 'NONE',  ( -0.000000000000000000, -0.000000000000000000, -1.000000000000000000 ) ) ;
#973 = CARTESIAN_POINT ( 'NONE',  ( 327.0000000000000568, 83.52785265049415386, -7.171256905813307547 ) ) ;
#974 = EDGE_LOOP ( 'NONE', ( #641, #3210, #555, #5771 ) ) ;
#975 = VECTOR ( 'NONE', #3885, 1000.000000000000000 ) ;
#976 = CARTESIAN_POINT ( 'NONE',  ( 28.99999999999999645, 88.49999999999997158, -6.200000000000000178 ) ) ;
#977 = CIRCLE ( 'NONE', #2781, 1.099999999999989875 ) ;
#978 = EDGE_CURVE ( 'NONE', #5922, #284, #537, .T. ) ;
#979 = VECTOR ( 'NONE', #1579, 1000.000000000000000 ) ;
#980 = DIRECTION ( 'NONE',  ( -1.000000000000000000, 0.000000000000000000, 0.000000000000000000 ) ) ;
#981 = CYLINDRICAL_SURFACE ( 'NONE', #6104, 1.749999999999994671 ) ;
#982 = CARTESIAN_POINT ( 'NONE',  ( -2.000000000000000444, 118.5000000000000142, -1.000000000000000000 ) ) ;
#983 = VECTOR ( 'NONE', #491, 1000.000000000000000 ) ;
#984 = FACE_OUTER_BOUND ( 'NONE', #5697, .T. ) ;
#985 = ORIENTED_EDGE ( 'NONE', *, *, #5954, .F. ) ;
#986 = VERTEX_POINT ( 'NONE', #2032 ) ;
#987 = DIRECTION ( 'NONE',  ( 0.000000000000000000, 1.000000000000000000, 0.000000000000000000 ) ) ;
#988 = ORIENTED_EDGE ( 'NONE', *, *, #4300, .F. ) ;
#989 = EDGE_CURVE ( 'NONE', #2439, #3046, #5845, .T. ) ;
#990 = ADVANCED_FACE ( 'NONE', ( #4266 ), #3644, .F. ) ;
#991 = CARTESIAN_POINT ( 'NONE',  ( 322.5769230769230944, 55.15257233405420578, 6.299999999999999822 ) ) ;
#992 = CARTESIAN_POINT ( 'NONE',  ( 216.5000000000000568, 115.5000000000000000, 6.300000000000110845 ) ) ;
#993 = DIRECTION ( 'NONE',  ( 0.000000000000000000, 0.000000000000000000, -1.000000000000000000 ) ) ;
#994 = DIRECTION ( 'NONE',  ( 0.000000000000000000, 0.000000000000000000, -1.000000000000000000 ) ) ;
#995 = ORIENTED_EDGE ( 'NONE', *, *, #6371, .T. ) ;
#996 = CIRCLE ( 'NONE', #248, 2.199999999999998845 ) ;
#997 = ORIENTED_EDGE ( 'NONE', *, *, #6422, .F. ) ;
#998 = LINE ( 'NONE', #3066, #1219 ) ;
#999 = DIRECTION ( 'NONE',  ( 1.506359616073056041E-16, 0.9986107771491159468, -0.05269265377297461389 ) ) ;
#1000 = AXIS2_PLACEMENT_3D ( 'NONE', #4998, #424, #4562 ) ;
#1001 = CARTESIAN_POINT ( 'NONE',  ( 323.0000000000000000, 98.25363967881254723, -7.643383541866008102 ) ) ;
#1002 = ORIENTED_EDGE ( 'NONE', *, *, #3632, .F. ) ;
#1003 = ORIENTED_EDGE ( 'NONE', *, *, #4657, .T. ) ;
#1004 = VECTOR ( 'NONE', #368, 1000.000000000000000 ) ;
#1005 = LINE ( 'NONE', #5055, #1293 ) ;
#1006 = CARTESIAN_POINT ( 'NONE',  ( 323.5000000000000000, 52.59668806854095635, 6.299999999999999822 ) ) ;
#1007 = CARTESIAN_POINT ( 'NONE',  ( 7.492913385826668105, 98.84752415750148202, 1.647480314961016656 ) ) ;
#1008 = ORIENTED_EDGE ( 'NONE', *, *, #6623, .F. ) ;
#1009 = EDGE_CURVE ( 'NONE', #963, #3663, #6191, .T. ) ;
#1010 = CIRCLE ( 'NONE', #2283, 1.100000000000017630 ) ;
#1011 = DIRECTION ( 'NONE',  ( -0.000000000000000000, 0.7071067811865470176, -0.7071067811865481278 ) ) ;
#1012 = ORIENTED_EDGE ( 'NONE', *, *, #453, .F. ) ;
#1013 = CARTESIAN_POINT ( 'NONE',  ( 299.5000000000000000, 96.55345447274432047, -7.357869679547386355 ) ) ;
#1014 = CARTESIAN_POINT ( 'NONE',  ( -1.947586335336276342, 96.93227663605739508, -7.240525968716734262 ) ) ;
#1015 = DIRECTION ( 'NONE',  ( -1.000000000000000000, 0.000000000000000000, 0.000000000000000000 ) ) ;
#1016 = AXIS2_PLACEMENT_3D ( 'NONE', #1514, #486, #2013 ) ;
#1017 = DIRECTION ( 'NONE',  ( -0.000000000000000000, 2.891205793294675861E-16, -1.000000000000000000 ) ) ;
#1018 = ORIENTED_EDGE ( 'NONE', *, *, #411, .F. ) ;
#1019 = VECTOR ( 'NONE', #4409, 1000.000000000000000 ) ;
#1020 = VERTEX_POINT ( 'NONE', #1601 ) ;
#1021 = CARTESIAN_POINT ( 'NONE',  ( -2.903983146785582559, 96.42931646431685522, -7.852014996415017656 ) ) ;
#1022 = VERTEX_POINT ( 'NONE', #5811 ) ;
#1023 = AXIS2_PLACEMENT_3D ( 'NONE', #3595, #2623, #5233 ) ;
#1024 = EDGE_CURVE ( 'NONE', #397, #1436, #1228, .T. ) ;
#1025 = DIRECTION ( 'NONE',  ( 0.000000000000000000, -0.000000000000000000, -1.000000000000000000 ) ) ;
#1026 = DIRECTION ( 'NONE',  ( 0.7050330097193467926, -0.03927407601314994445, 0.7080861544751406722 ) ) ;
#1027 = CARTESIAN_POINT ( 'NONE',  ( 322.3000000000000114, -2.000000000000001776, -2.500000000000003553 ) ) ;
#1028 = CYLINDRICAL_SURFACE ( 'NONE', #768, 2.399999999999999467 ) ;
#1029 = VECTOR ( 'NONE', #2287, 1000.000000000000000 ) ;
#1030 = ORIENTED_EDGE ( 'NONE', *, *, #4216, .F. ) ;
#1031 = ORIENTED_EDGE ( 'NONE', *, *, #1730, .F. ) ;
#1032 = EDGE_CURVE ( 'NONE', #407, #4028, #6147, .T. ) ;
#1033 = CARTESIAN_POINT ( 'NONE',  ( -0.5000000000000004441, 99.03767606109998667, -7.989647587904847192 ) ) ;
#1034 = LINE ( 'NONE', #2120, #2540 ) ;
#1035 = EDGE_CURVE ( 'NONE', #1774, #5922, #5714, .T. ) ;
#1036 = EDGE_CURVE ( 'NONE', #519, #5799, #6375, .T. ) ;
#1037 = CARTESIAN_POINT ( 'NONE',  ( 21.50000000000001776, 99.03767606110004351, -7.989647587904852521 ) ) ;
#1038 = VERTEX_POINT ( 'NONE', #4369 ) ;
#1039 = ORIENTED_EDGE ( 'NONE', *, *, #3716, .T. ) ;
#1040 = EDGE_CURVE ( 'NONE', #1022, #1685, #4871, .T. ) ;
#1041 = DIRECTION ( 'NONE',  ( -0.7071067811865533459, 0.000000000000000000, 0.7071067811865416886 ) ) ;
#1042 = ORIENTED_EDGE ( 'NONE', *, *, #4338, .F. ) ;
#1043 = FACE_OUTER_BOUND ( 'NONE', #969, .T. ) ;
#1044 = ORIENTED_EDGE ( 'NONE', *, *, #2139, .F. ) ;
#1045 = FACE_OUTER_BOUND ( 'NONE', #5117, .T. ) ;
#1046 = CARTESIAN_POINT ( 'NONE',  ( 216.5000000000000568, 116.6000000000000085, -8.699999999999931788 ) ) ;
#1047 = CARTESIAN_POINT ( 'NONE',  ( -1.925840229522044256, 97.01476492446832367, -7.261481013730248790 ) ) ;
#1048 = CARTESIAN_POINT ( 'NONE',  ( -1.000000000000000000, 52.59668806854095635, 6.299999999999999822 ) ) ;
#1049 = LINE ( 'NONE', #951, #2682 ) ;
#1050 = EDGE_LOOP ( 'NONE', ( #1104, #4312, #48, #462 ) ) ;
#1051 = VECTOR ( 'NONE', #5406, 1000.000000000000000 ) ;
#1052 = VERTEX_POINT ( 'NONE', #1369 ) ;
#1053 = CARTESIAN_POINT ( 'NONE',  ( -1.952024865949073096, 96.92385810087465359, -7.238406437919786995 ) ) ;
#1054 = ORIENTED_EDGE ( 'NONE', *, *, #5986, .T. ) ;
#1055 = FACE_BOUND ( 'NONE', #866, .T. ) ;
#1056 = CARTESIAN_POINT ( 'NONE',  ( 22.22759578994308072, 98.00618928190255019, -7.513347315293722239 ) ) ;
#1057 = CARTESIAN_POINT ( 'NONE',  ( -2.000000000000001776, -1.999999999999960920, -0.9000000000000010214 ) ) ;
#1058 = FACE_OUTER_BOUND ( 'NONE', #4970, .T. ) ;
#1059 = VERTEX_POINT ( 'NONE', #5440 ) ;
#1060 = EDGE_CURVE ( 'NONE', #6364, #6549, #262, .T. ) ;
#1061 = CARTESIAN_POINT ( 'NONE',  ( 324.1961934173251620, 97.57998002278228000, -7.530250249247465000 ) ) ;
#1062 = DIRECTION ( 'NONE',  ( 0.000000000000000000, 0.000000000000000000, 1.000000000000000000 ) ) ;
#1063 = DIRECTION ( 'NONE',  ( 0.000000000000000000, 0.000000000000000000, 1.000000000000000000 ) ) ;
#1064 = VERTEX_POINT ( 'NONE', #928 ) ;
#1065 = EDGE_CURVE ( 'NONE', #4024, #710, #5945, .T. ) ;
#1066 = ADVANCED_FACE ( 'NONE', ( #5407 ), #291, .T. ) ;
#1067 = ORIENTED_EDGE ( 'NONE', *, *, #978, .F. ) ;
#1068 = ADVANCED_FACE ( 'NONE', ( #1795 ), #5875, .F. ) ;
#1069 = FACE_OUTER_BOUND ( 'NONE', #2097, .T. ) ;
#1070 = CARTESIAN_POINT ( 'NONE',  ( 220.6533119314590294, 3.000000000000027089, -1.000000000000000000 ) ) ;
#1071 = EDGE_LOOP ( 'NONE', ( #2368, #2660, #1213, #474 ) ) ;
#1072 = DIRECTION ( 'NONE',  ( 0.000000000000000000, 0.000000000000000000, -1.000000000000000000 ) ) ;
#1073 = ORIENTED_EDGE ( 'NONE', *, *, #3879, .T. ) ;
#1074 = CONICAL_SURFACE ( 'NONE', #660, 2.199999999999979750, 0.7853981633974467247 ) ;
#1075 = DIRECTION ( 'NONE',  ( 0.000000000000000000, 0.000000000000000000, -1.000000000000000000 ) ) ;
#1076 = DIRECTION ( 'NONE',  ( -0.000000000000000000, 2.891205793294675861E-16, -1.000000000000000000 ) ) ;
#1077 = DIRECTION ( 'NONE',  ( 0.000000000000000000, -0.7071067811865745512, -0.7071067811865204833 ) ) ;
#1078 = CARTESIAN_POINT ( 'NONE',  ( 324.5000000000000000, 96.05168500005940757, -5.979269383573933005 ) ) ;
#1079 = CARTESIAN_POINT ( 'NONE',  ( -1.999999999999985345, 115.5000000000000000, -8.199999999999935341 ) ) ;
#1080 = ORIENTED_EDGE ( 'NONE', *, *, #5003, .F. ) ;
#1081 = AXIS2_PLACEMENT_3D ( 'NONE', #3325, #929, #3868 ) ;
#1082 = ORIENTED_EDGE ( 'NONE', *, *, #3465, .T. ) ;
#1083 = CARTESIAN_POINT ( 'NONE',  ( 106.0000000000000142, -2.000000000000001332, 6.299999999999999822 ) ) ;
#1084 = VERTEX_POINT ( 'NONE', #4941 ) ;
#1085 = AXIS2_PLACEMENT_3D ( 'NONE', #2952, #1017, #5098 ) ;
#1086 = CIRCLE ( 'NONE', #6010, 1.100000000000017630 ) ;
#1087 = EDGE_CURVE ( 'NONE', #1615, #395, #4324, .T. ) ;
#1088 = CARTESIAN_POINT ( 'NONE',  ( 299.0000000000000568, 96.52710814585785215, -7.857175068121859951 ) ) ;
#1089 = DIRECTION ( 'NONE',  ( -0.000000000000000000, -0.000000000000000000, -1.000000000000000000 ) ) ;
#1090 = DIRECTION ( 'NONE',  ( 1.000000000000000000, 0.000000000000000000, 0.000000000000000000 ) ) ;
#1091 = CYLINDRICAL_SURFACE ( 'NONE', #5047, 2.199999999999979750 ) ;
#1092 = VECTOR ( 'NONE', #3571, 1000.000000000000227 ) ;
#1093 = EDGE_CURVE ( 'NONE', #3427, #5983, #1427, .T. ) ;
#1094 = ORIENTED_EDGE ( 'NONE', *, *, #1970, .F. ) ;
#1095 = CARTESIAN_POINT ( 'NONE',  ( 323.7490634654708401, 98.02673646604776536, -7.605276063279346133 ) ) ;
#1096 = LINE ( 'NONE', #3096, #5428 ) ;
#1097 = EDGE_CURVE ( 'NONE', #968, #6096, #3357, .T. ) ;
#1098 = CIRCLE ( 'NONE', #4199, 2.200000000000000622 ) ;
#1099 = CARTESIAN_POINT ( 'NONE',  ( 22.97835669920833368, 98.51415481647035222, -7.962023488188220810 ) ) ;
#1100 = ORIENTED_EDGE ( 'NONE', *, *, #839, .T. ) ;
#1101 = ORIENTED_EDGE ( 'NONE', *, *, #1032, .F. ) ;
#1102 = EDGE_CURVE ( 'NONE', #5092, #5400, #5375, .T. ) ;
#1103 = CARTESIAN_POINT ( 'NONE',  ( -2.730474342353105932, 83.00000000000000000, -6.643404255319152796 ) ) ;
#1104 = ORIENTED_EDGE ( 'NONE', *, *, #3060, .F. ) ;
#1105 = CARTESIAN_POINT ( 'NONE',  ( 327.5000000000000000, 94.80613420518679391, -6.499999999999997335 ) ) ;
#1106 = ORIENTED_EDGE ( 'NONE', *, *, #6172, .F. ) ;
#1107 = CIRCLE ( 'NONE', #2278, 2.199999999999993516 ) ;
#1108 = ORIENTED_EDGE ( 'NONE', *, *, #5478, .F. ) ;
#1109 = AXIS2_PLACEMENT_3D ( 'NONE', #4386, #5925, #5290 ) ;
#1110 = CARTESIAN_POINT ( 'NONE',  ( 14.49291338582666633, 118.0000000000000711, 5.147480314961017100 ) ) ;
#1111 = DIRECTION ( 'NONE',  ( 0.000000000000000000, 0.000000000000000000, 1.000000000000000000 ) ) ;
#1112 = CARTESIAN_POINT ( 'NONE',  ( -1.372903241500342375, 97.89848161413938499, -7.485988718739116088 ) ) ;
#1113 = DIRECTION ( 'NONE',  ( 0.000000000000000000, -0.000000000000000000, -1.000000000000000000 ) ) ;
#1114 = DIRECTION ( 'NONE',  ( -1.000000000000000000, 0.000000000000000000, 0.000000000000000000 ) ) ;
#1115 = EDGE_LOOP ( 'NONE', ( #4634, #5974, #174, #2650 ) ) ;
#1116 = AXIS2_PLACEMENT_3D ( 'NONE', #4569, #56, #2083 ) ;
#1117 = ORIENTED_EDGE ( 'NONE', *, *, #2805, .T. ) ;
#1118 = ORIENTED_EDGE ( 'NONE', *, *, #5488, .T. ) ;
#1119 = CONICAL_SURFACE ( 'NONE', #1437, 2.500000000000057732, 0.7853981633974375098 ) ;
#1120 = DIRECTION ( 'NONE',  ( -0.000000000000000000, 2.891205793294675861E-16, -1.000000000000000000 ) ) ;
#1121 = FACE_OUTER_BOUND ( 'NONE', #5659, .T. ) ;
#1122 = PLANE ( 'NONE',  #2617 ) ;
#1123 = CARTESIAN_POINT ( 'NONE',  ( 299.5000000000000568, 96.59051932279989217, -7.364094018200518121 ) ) ;
#1124 = EDGE_CURVE ( 'NONE', #3204, #1278, #1894, .T. ) ;
#1125 = VECTOR ( 'NONE', #3916, 1000.000000000000000 ) ;
#1126 = ORIENTED_EDGE ( 'NONE', *, *, #5342, .F. ) ;
#1127 = DIRECTION ( 'NONE',  ( 1.000000000000000000, 0.000000000000000000, 0.000000000000000000 ) ) ;
#1128 = DIRECTION ( 'NONE',  ( 0.000000000000000000, -0.000000000000000000, -1.000000000000000000 ) ) ;
#1129 = DIRECTION ( 'NONE',  ( 5.159220625078207627E-17, 0.3420201433256714885, -0.9396926207859074287 ) ) ;
#1130 = CARTESIAN_POINT ( 'NONE',  ( -4.500000000000060396, 83.52785265049415386, -7.171256905813307547 ) ) ;
#1131 = ORIENTED_EDGE ( 'NONE', *, *, #5257, .F. ) ;
#1132 = ORIENTED_EDGE ( 'NONE', *, *, #4168, .F. ) ;
#1133 = DIRECTION ( 'NONE',  ( -0.000000000000000000, 2.891205793294675861E-16, -1.000000000000000000 ) ) ;
#1134 = ORIENTED_EDGE ( 'NONE', *, *, #5140, .F. ) ;
#1135 = EDGE_CURVE ( 'NONE', #1384, #622, #326, .T. ) ;
#1136 = DIRECTION ( 'NONE',  ( -0.000000000000000000, 0.000000000000000000, 1.000000000000000000 ) ) ;
#1137 = ORIENTED_EDGE ( 'NONE', *, *, #179, .T. ) ;
#1138 = EDGE_CURVE ( 'NONE', #2306, #2200, #5977, .T. ) ;
#1139 = ORIENTED_EDGE ( 'NONE', *, *, #6268, .F. ) ;
#1140 = VECTOR ( 'NONE', #88, 1000.000000000000000 ) ;
#1141 = CARTESIAN_POINT ( 'NONE',  ( 23.00000661434702565, 96.58292703692750081, -7.151799454040919102 ) ) ;
#1142 = LINE ( 'NONE', #1705, #3863 ) ;
#1143 = CARTESIAN_POINT ( 'NONE',  ( -1.291837703585099861, 97.96280290835137805, -7.502331061281116042 ) ) ;
#1144 = DIRECTION ( 'NONE',  ( 0.000000000000000000, -1.000000000000000000, 2.891205793294675861E-16 ) ) ;
#1145 = DIRECTION ( 'NONE',  ( -1.000000000000000000, -9.427844978134817735E-17, -2.725784001906750461E-32 ) ) ;
#1146 = ORIENTED_EDGE ( 'NONE', *, *, #6212, .T. ) ;
#1147 = EDGE_LOOP ( 'NONE', ( #2242, #1505, #6448, #2300 ) ) ;
#1148 = CIRCLE ( 'NONE', #727, 4.000000000000003553 ) ;
#1149 = ORIENTED_EDGE ( 'NONE', *, *, #4592, .F. ) ;
#1150 = EDGE_CURVE ( 'NONE', #2111, #1341, #3970, .T. ) ;
#1151 = AXIS2_PLACEMENT_3D ( 'NONE', #6571, #850, #885 ) ;
#1152 = ADVANCED_FACE ( 'NONE', ( #1859 ), #3903, .F. ) ;
#1153 = LINE ( 'NONE', #1655, #5248 ) ;
#1154 = DIRECTION ( 'NONE',  ( -0.000000000000000000, -0.000000000000000000, -1.000000000000000000 ) ) ;
#1155 = CARTESIAN_POINT ( 'NONE',  ( 107.0999999999999943, -1.999999999999974021, -0.9000000000000010214 ) ) ;
#1156 = ADVANCED_FACE ( 'NONE', ( #2389 ), #4447, .T. ) ;
#1157 = AXIS2_PLACEMENT_3D ( 'NONE', #2405, #4424, #1379 ) ;
#1158 = DIRECTION ( 'NONE',  ( 0.000000000000000000, 0.000000000000000000, 1.000000000000000000 ) ) ;
#1159 = VECTOR ( 'NONE', #4655, 1000.000000000000000 ) ;
#1160 = EDGE_LOOP ( 'NONE', ( #3367, #2551, #4342, #1709 ) ) ;
#1161 = FACE_OUTER_BOUND ( 'NONE', #4937, .T. ) ;
#1162 = CARTESIAN_POINT ( 'NONE',  ( 352.4716436477942807, -0.1454312086438915297, -2.756155970267300859 ) ) ;
#1163 = LINE ( 'NONE', #5239, #3211 ) ;
#1164 = DIRECTION ( 'NONE',  ( -0.000000000000000000, -0.000000000000000000, -1.000000000000000000 ) ) ;
#1165 = ORIENTED_EDGE ( 'NONE', *, *, #2326, .T. ) ;
#1166 = ORIENTED_EDGE ( 'NONE', *, *, #6380, .F. ) ;
#1167 = EDGE_CURVE ( 'NONE', #3533, #6108, #4755, .T. ) ;
#1168 = LINE ( 'NONE', #5716, #6215 ) ;
#1169 = VERTEX_POINT ( 'NONE', #2022 ) ;
#1170 = CARTESIAN_POINT ( 'NONE',  ( 324.5983367759797602, 97.86167449654938366, -7.927594739392389123 ) ) ;
#1171 = EDGE_LOOP ( 'NONE', ( #4932, #5066, #4844, #2546 ) ) ;
#1172 = ORIENTED_EDGE ( 'NONE', *, *, #5081, .F. ) ;
#1173 = CARTESIAN_POINT ( 'NONE',  ( 22.63008060584188641, 97.63013038776887242, -7.417821337392235925 ) ) ;
#1174 = CYLINDRICAL_SURFACE ( 'NONE', #3540, 1.749999999999994671 ) ;
#1175 = CARTESIAN_POINT ( 'NONE',  ( -0.5000000000000004441, 96.38160116615864581, -2.500000000000003109 ) ) ;
#1176 = FACE_OUTER_BOUND ( 'NONE', #3072, .T. ) ;
#1177 = CARTESIAN_POINT ( 'NONE',  ( 327.5000000000000000, -1.999999999999960476, -1.000000000000000000 ) ) ;
#1178 = ORIENTED_EDGE ( 'NONE', *, *, #2121, .F. ) ;
#1179 = CARTESIAN_POINT ( 'NONE',  ( 324.9999999999999432, 96.52710814585788057, -7.857175068121859951 ) ) ;
#1180 = EDGE_CURVE ( 'NONE', #3772, #6576, #6580, .T. ) ;
#1181 = ORIENTED_EDGE ( 'NONE', *, *, #5196, .F. ) ;
#1182 = CARTESIAN_POINT ( 'NONE',  ( 216.5000000000000284, 115.5000000000000284, 6.299999999999999822 ) ) ;
#1183 = CARTESIAN_POINT ( 'NONE',  ( 319.5000000000000000, 60.90331193145909339, -1.000000000000000000 ) ) ;
#1184 = CARTESIAN_POINT ( 'NONE',  ( 22.67324434427749225, 97.56410256816582205, -7.401040676378227268 ) ) ;
#1185 = VECTOR ( 'NONE', #1323, 1000.000000000000227 ) ;
#1186 = CYLINDRICAL_SURFACE ( 'NONE', #6115, 1.100000000000003642 ) ;
#1187 = CARTESIAN_POINT ( 'NONE',  ( 352.4716436477942807, -2.515349040166358060E-15, -8.699999999999965539 ) ) ;
#1188 = VECTOR ( 'NONE', #3181, 1000.000000000000000 ) ;
#1189 = VECTOR ( 'NONE', #5056, 1000.000000000000000 ) ;
#1190 = EDGE_CURVE ( 'NONE', #842, #172, #5639, .T. ) ;
#1191 = VERTEX_POINT ( 'NONE', #1991 ) ;
#1192 = FACE_OUTER_BOUND ( 'NONE', #3191, .T. ) ;
#1193 = DIRECTION ( 'NONE',  ( -1.000000000000000000, -1.665334536937733233E-14, 0.000000000000000000 ) ) ;
#1194 = AXIS2_PLACEMENT_3D ( 'NONE', #2673, #4625, #6162 ) ;
#1195 = CARTESIAN_POINT ( 'NONE',  ( 13.59291338582666953, 114.5000000000000000, 4.047480314961017456 ) ) ;
#1196 = AXIS2_PLACEMENT_3D ( 'NONE', #2985, #2550, #488 ) ;
#1197 = CIRCLE ( 'NONE', #5150, 2.500000000000002220 ) ;
#1198 = EDGE_LOOP ( 'NONE', ( #5675, #3163 ) ) ;
#1199 = ORIENTED_EDGE ( 'NONE', *, *, #1167, .F. ) ;
#1200 = DIRECTION ( 'NONE',  ( 0.000000000000000000, 1.000000000000000000, 0.000000000000000000 ) ) ;
#1201 = EDGE_LOOP ( 'NONE', ( #3942, #3608, #5631, #5185 ) ) ;
#1202 = CONICAL_SURFACE ( 'NONE', #4945, 2.199999999999979750, 0.7853981633974445042 ) ;
#1203 = CARTESIAN_POINT ( 'NONE',  ( 322.9999999999998863, 98.54930633448350363, -7.862247086473781899 ) ) ;
#1204 = DIRECTION ( 'NONE',  ( 1.000000000000000000, -0.000000000000000000, -0.000000000000000000 ) ) ;
#1205 = EDGE_LOOP ( 'NONE', ( #4274, #3135, #5298, #4089 ) ) ;
#1206 = ORIENTED_EDGE ( 'NONE', *, *, #165, .T. ) ;
#1207 = DIRECTION ( 'NONE',  ( -0.000000000000000000, 2.891205793294675861E-16, -1.000000000000000000 ) ) ;
#1208 = CARTESIAN_POINT ( 'NONE',  ( 106.0000000000000142, 114.3999999999999915, -7.099999999999941025 ) ) ;
#1209 = CARTESIAN_POINT ( 'NONE',  ( -0.6956759876495975936, 98.22670347077763608, -7.569376918524308273 ) ) ;
#1210 = ADVANCED_FACE ( 'NONE', ( #4063 ), #2401, .F. ) ;
#1211 = CARTESIAN_POINT ( 'NONE',  ( 299.5000000000000000, 82.48877974498449817, 31.28450654694645650 ) ) ;
#1212 = CARTESIAN_POINT ( 'NONE',  ( 216.5000000000000284, -1.999999999999988010, -2.500000000000003553 ) ) ;
#1213 = ORIENTED_EDGE ( 'NONE', *, *, #3111, .T. ) ;
#1214 = CIRCLE ( 'NONE', #4739, 4.000000000000000000 ) ;
#1215 = ORIENTED_EDGE ( 'NONE', *, *, #3632, .T. ) ;
#1216 = ORIENTED_EDGE ( 'NONE', *, *, #92, .F. ) ;
#1217 = DIRECTION ( 'NONE',  ( -0.000000000000000000, 2.891205793294675861E-16, -1.000000000000000000 ) ) ;
#1218 = CARTESIAN_POINT ( 'NONE',  ( -1.999999999999993561, 56.75000000000000000, 6.299999999999999822 ) ) ;
#1219 = VECTOR ( 'NONE', #4675, 1000.000000000000114 ) ;
#1220 = DIRECTION ( 'NONE',  ( -0.000000000000000000, -0.000000000000000000, -1.000000000000000000 ) ) ;
#1221 = CARTESIAN_POINT ( 'NONE',  ( 28.99999999999999645, 95.36678485964283425, 41.42640687119293830 ) ) ;
#1222 = DIRECTION ( 'NONE',  ( 2.775557561562891967E-17, -0.7071067811865470176, 0.7071067811865481278 ) ) ;
#1223 = CONICAL_SURFACE ( 'NONE', #4210, 2.199999999999993516, 0.7853981633974403964 ) ;
#1224 = EDGE_CURVE ( 'NONE', #6402, #2714, #3693, .T. ) ;
#1225 = ORIENTED_EDGE ( 'NONE', *, *, #1035, .T. ) ;
#1226 = CARTESIAN_POINT ( 'NONE',  ( -1.999999999999993561, 56.75000000000002132, 6.299999999999999822 ) ) ;
#1227 = DIRECTION ( 'NONE',  ( 1.000000000000000000, 0.000000000000000000, 0.000000000000000000 ) ) ;
#1228 = LINE ( 'NONE', #5340, #5077 ) ;
#1229 = CARTESIAN_POINT ( 'NONE',  ( 300.8690995744779002, 98.69714923121327388, -7.971679363689553099 ) ) ;
#1230 = CIRCLE ( 'NONE', #3880, 1.749999999999987566 ) ;
#1231 = PRESENTATION_LAYER_ASSIGNMENT (  '', '', ( #4225 ) ) ;
#1232 = EDGE_LOOP ( 'NONE', ( #207, #1803, #3235, #6089 ) ) ;
#1233 = ORIENTED_EDGE ( 'NONE', *, *, #2275, .F. ) ;
#1234 = AXIS2_PLACEMENT_3D ( 'NONE', #5608, #3495, #5073 ) ;
#1235 = EDGE_CURVE ( 'NONE', #6549, #1249, #4033, .T. ) ;
#1236 = EDGE_CURVE ( 'NONE', #5216, #521, #602, .T. ) ;
#1237 = EDGE_CURVE ( 'NONE', #4915, #6560, #6363, .T. ) ;
#1238 = LINE ( 'NONE', #4309, #6539 ) ;
#1239 = ORIENTED_EDGE ( 'NONE', *, *, #6475, .T. ) ;
#1240 = AXIS2_PLACEMENT_3D ( 'NONE', #2253, #6370, #1347 ) ;
#1241 = CARTESIAN_POINT ( 'NONE',  ( -0.5000000000000004441, 99.03767606110001509, -7.989647587904852521 ) ) ;
#1242 = ORIENTED_EDGE ( 'NONE', *, *, #4515, .F. ) ;
#1243 = ORIENTED_EDGE ( 'NONE', *, *, #4976, .F. ) ;
#1244 = CARTESIAN_POINT ( 'NONE',  ( 23.90398314678560254, 96.42931646431685522, -7.852014996415014103 ) ) ;
#1245 = CARTESIAN_POINT ( 'NONE',  ( 3.992913385826665440, 118.0000000000000711, 1.647480314961016656 ) ) ;
#1246 = CARTESIAN_POINT ( 'NONE',  ( 23.00000000000000711, 94.80613420518679391, -6.499999999999997335 ) ) ;
#1247 = CARTESIAN_POINT ( 'NONE',  ( 14.49291338582666633, 118.0000000000000711, 1.647480314961015324 ) ) ;
#1248 = DIRECTION ( 'NONE',  ( 1.000000000000000000, 0.000000000000000000, 0.000000000000000000 ) ) ;
#1249 = VERTEX_POINT ( 'NONE', #5665 ) ;
#1250 = ORIENTED_EDGE ( 'NONE', *, *, #3922, .T. ) ;
#1251 = CIRCLE ( 'NONE', #2738, 4.000000000000000000 ) ;
#1252 = CARTESIAN_POINT ( 'NONE',  ( 14.49291338582666633, 115.1000000000000085, -1.852519685038983344 ) ) ;
#1253 = DIRECTION ( 'NONE',  ( 1.000000000000000000, 0.000000000000000000, 0.000000000000000000 ) ) ;
#1254 = CARTESIAN_POINT ( 'NONE',  ( 22.99030834166391912, 96.66769453738351103, -7.173332182468203477 ) ) ;
#1255 = CARTESIAN_POINT ( 'NONE',  ( 319.5000000000000000, 103.3667848596428485, -1.000000000000000000 ) ) ;
#1256 = AXIS2_PLACEMENT_3D ( 'NONE', #75, #3015, #240 ) ;
#1257 = FACE_BOUND ( 'NONE', #2070, .T. ) ;
#1258 = CIRCLE ( 'NONE', #3819, 1.099999999999989875 ) ;
#1259 = ADVANCED_FACE ( 'NONE', ( #6082 ), #6049, .T. ) ;
#1260 = CIRCLE ( 'NONE', #833, 3.900000000000014566 ) ;
#1261 = DIRECTION ( 'NONE',  ( 0.000000000000000000, 0.000000000000000000, 1.000000000000000000 ) ) ;
#1262 = CARTESIAN_POINT ( 'NONE',  ( 293.5000000000000000, 88.49999999999997158, -6.200000000000000178 ) ) ;
#1263 = AXIS2_PLACEMENT_3D ( 'NONE', #4589, #482, #7 ) ;
#1264 = CARTESIAN_POINT ( 'NONE',  ( -2.730474342353105932, 83.00000000000000000, -6.643404255319152796 ) ) ;
#1265 = CARTESIAN_POINT ( 'NONE',  ( 300.5166770196530024, 98.16680483554505088, -7.628801276712387391 ) ) ;
#1266 = AXIS2_PLACEMENT_3D ( 'NONE', #1630, #4642, #4172 ) ;
#1267 = FACE_OUTER_BOUND ( 'NONE', #2970, .T. ) ;
#1268 = EDGE_CURVE ( 'NONE', #2569, #1191, #1526, .T. ) ;
#1269 = ORIENTED_EDGE ( 'NONE', *, *, #737, .T. ) ;
#1270 = CONICAL_SURFACE ( 'NONE', #2973, 2.199999999999979750, 0.7853981633974445042 ) ;
#1271 = DIRECTION ( 'NONE',  ( -1.000000000000000000, -1.252131230780251545E-16, -0.000000000000000000 ) ) ;
#1272 = ORIENTED_EDGE ( 'NONE', *, *, #3393, .T. ) ;
#1273 = EDGE_CURVE ( 'NONE', #3920, #407, #6470, .T. ) ;
#1274 = DIRECTION ( 'NONE',  ( 1.000000000000000000, 0.000000000000000000, 0.000000000000000000 ) ) ;
#1275 = VERTEX_POINT ( 'NONE', #3628 ) ;
#1276 = EDGE_CURVE ( 'NONE', #3158, #2666, #2082, .T. ) ;
#1277 = EDGE_CURVE ( 'NONE', #5051, #2792, #1450, .T. ) ;
#1278 = VERTEX_POINT ( 'NONE', #2524 ) ;
#1279 = ADVANCED_FACE ( 'NONE', ( #3028 ), #5106, .F. ) ;
#1280 = ADVANCED_FACE ( 'NONE', ( #4572 ), #5010, .F. ) ;
#1281 = DIRECTION ( 'NONE',  ( 0.7071067811865533459, -0.000000000000000000, 0.7071067811865416886 ) ) ;
#1282 = FACE_OUTER_BOUND ( 'NONE', #5058, .T. ) ;
#1283 = CARTESIAN_POINT ( 'NONE',  ( 327.0000000000000568, 83.00000000000000000, -6.643404255319152796 ) ) ;
#1284 = DIRECTION ( 'NONE',  ( 1.000000000000000000, 1.226045163472329843E-16, 0.000000000000000000 ) ) ;
#1285 = CARTESIAN_POINT ( 'NONE',  ( -0.07692307692307447098, 58.34742766594579422, 6.299999999999999822 ) ) ;
#1286 = VERTEX_POINT ( 'NONE', #1027 ) ;
#1287 = VERTEX_POINT ( 'NONE', #527 ) ;
#1288 = LINE ( 'NONE', #6338, #4347 ) ;
#1289 = B_SPLINE_CURVE_WITH_KNOTS ( 'NONE', 3,
 ( #1088, #658, #3664, #5698 ),
 .UNSPECIFIED., .F., .F.,
 ( 4, 4 ),
 ( 0.000000000000000000, 1.000000000000000000 ),
 .UNSPECIFIED. ) ;
#1290 = CARTESIAN_POINT ( 'NONE',  ( 324.5000000000000000, 115.5000000000000426, -8.699999999999997513 ) ) ;
#1291 = CARTESIAN_POINT ( 'NONE',  ( 22.62642111512291265, 97.63073592273916290, -7.417968094027551196 ) ) ;
#1292 = DIRECTION ( 'NONE',  ( -0.000000000000000000, -0.000000000000000000, -1.000000000000000000 ) ) ;
#1293 = VECTOR ( 'NONE', #476, 1000.000000000000000 ) ;
#1294 = CARTESIAN_POINT ( 'NONE',  ( -1.000000000000000000, -1.000000000000000000, 6.299999999999999822 ) ) ;
#1295 = VECTOR ( 'NONE', #1077, 1000.000000000000114 ) ;
#1296 = DIRECTION ( 'NONE',  ( -0.000000000000000000, -0.000000000000000000, -1.000000000000000000 ) ) ;
#1297 = CARTESIAN_POINT ( 'NONE',  ( 110.1533119314590152, 110.5000000000000142, 6.299999999999999822 ) ) ;
#1298 = DIRECTION ( 'NONE',  ( -1.000000000000000000, 0.000000000000000000, 0.000000000000000000 ) ) ;
#1299 = DIRECTION ( 'NONE',  ( 0.000000000000000000, -1.000000000000000000, 0.000000000000000000 ) ) ;
#1300 = VECTOR ( 'NONE', #1823, 1000.000000000000000 ) ;
#1301 = EDGE_CURVE ( 'NONE', #1405, #2677, #5617, .T. ) ;
#1302 = ORIENTED_EDGE ( 'NONE', *, *, #3592, .T. ) ;
#1303 = AXIS2_PLACEMENT_3D ( 'NONE', #5293, #3750, #149 ) ;
#1304 = DIRECTION ( 'NONE',  ( -1.000000000000000000, -0.000000000000000000, -0.000000000000000000 ) ) ;
#1305 = VECTOR ( 'NONE', #1904, 1000.000000000000000 ) ;
#1306 = DIRECTION ( 'NONE',  ( -0.000000000000000000, -0.000000000000000000, -1.000000000000000000 ) ) ;
#1307 = ORIENTED_EDGE ( 'NONE', *, *, #6506, .F. ) ;
#1308 = CARTESIAN_POINT ( 'NONE',  ( 323.0000000000000000, 98.69713966231897473, -7.971678858777679899 ) ) ;
#1309 = VERTEX_POINT ( 'NONE', #2054 ) ;
#1310 = VERTEX_POINT ( 'NONE', #4098 ) ;
#1311 = ADVANCED_FACE ( 'NONE', ( #6144 ), #1558, .F. ) ;
#1312 = DIRECTION ( 'NONE',  ( -0.000000000000000000, -0.000000000000000000, 1.000000000000000000 ) ) ;
#1313 = DIRECTION ( 'NONE',  ( 2.725784001906750461E-32, 0.000000000000000000, -1.000000000000000000 ) ) ;
#1314 = CARTESIAN_POINT ( 'NONE',  ( -1.999999999999998224, 94.97012234149305243, -3.007700401437586546 ) ) ;
#1315 = DIRECTION ( 'NONE',  ( -0.000000000000000000, -0.000000000000000000, -1.000000000000000000 ) ) ;
#1316 = DIRECTION ( 'NONE',  ( -0.000000000000000000, -0.000000000000000000, -1.000000000000000000 ) ) ;
#1317 = ORIENTED_EDGE ( 'NONE', *, *, #524, .F. ) ;
#1318 = VECTOR ( 'NONE', #2158, 1000.000000000000000 ) ;
#1319 = CARTESIAN_POINT ( 'NONE',  ( 323.4000000000000341, 56.75000000000000000, -2.500000000000000000 ) ) ;
#1320 = CIRCLE ( 'NONE', #3320, 4.000000000000003553 ) ;
#1321 = ADVANCED_FACE ( 'NONE', ( #722 ), #1122, .F. ) ;
#1322 = DIRECTION ( 'NONE',  ( 0.000000000000000000, 0.7071067811865435759, -0.7071067811865513475 ) ) ;
#1323 = DIRECTION ( 'NONE',  ( 3.224512890673880615E-17, -0.3420201433256714885, 0.9396926207859074287 ) ) ;
#1324 = CARTESIAN_POINT ( 'NONE',  ( 101.8466880685409279, 114.5000000000000142, 6.299999999999999822 ) ) ;
#1325 = DIRECTION ( 'NONE',  ( 0.000000000000000000, 0.000000000000000000, -1.000000000000000000 ) ) ;
#1326 = ORIENTED_EDGE ( 'NONE', *, *, #4542, .F. ) ;
#1327 = FACE_BOUND ( 'NONE', #1979, .T. ) ;
#1328 = CARTESIAN_POINT ( 'NONE',  ( 299.5394296046573004, 96.94558877744091774, -7.423721352999567813 ) ) ;
#1329 = VECTOR ( 'NONE', #972, 1000.000000000000000 ) ;
#1330 = ADVANCED_FACE ( 'NONE', ( #2151 ), #692, .F. ) ;
#1331 = DIRECTION ( 'NONE',  ( -0.000000000000000000, -0.000000000000000000, -1.000000000000000000 ) ) ;
#1332 = DIRECTION ( 'NONE',  ( 0.000000000000000000, 1.000000000000000000, 0.000000000000000000 ) ) ;
#1333 = DIRECTION ( 'NONE',  ( -0.000000000000000000, 2.891205793294675861E-16, -1.000000000000000000 ) ) ;
#1334 = CARTESIAN_POINT ( 'NONE',  ( -4.500000000000055067, 83.00000000000000000, 0.000000000000000000 ) ) ;
#1335 = VECTOR ( 'NONE', #5662, 1000.000000000000000 ) ;
#1336 = CARTESIAN_POINT ( 'NONE',  ( 3.000000000000000000, 110.5000000000000000, -1.000000000000000000 ) ) ;
#1337 = ORIENTED_EDGE ( 'NONE', *, *, #552, .T. ) ;
#1338 = CARTESIAN_POINT ( 'NONE',  ( 327.0000000000000568, 83.00000000000000000, -6.643404255319152796 ) ) ;
#1339 = VECTOR ( 'NONE', #1349, 1000.000000000000114 ) ;
#1340 = DIRECTION ( 'NONE',  ( 0.000000000000000000, 0.000000000000000000, 1.000000000000000000 ) ) ;
#1341 = VERTEX_POINT ( 'NONE', #1658 ) ;
#1342 = FACE_OUTER_BOUND ( 'NONE', #5195, .T. ) ;
#1343 = EDGE_LOOP ( 'NONE', ( #3948, #5467, #4382, #3979, #4892, #2262 ) ) ;
#1344 = VECTOR ( 'NONE', #898, 1000.000000000000000 ) ;
#1345 = VERTEX_POINT ( 'NONE', #4670 ) ;
#1346 = DIRECTION ( 'NONE',  ( -1.000000000000000000, 0.000000000000000000, 0.000000000000000000 ) ) ;
#1347 = DIRECTION ( 'NONE',  ( -1.000000000000000000, 0.000000000000000000, 0.000000000000000000 ) ) ;
#1348 = CARTESIAN_POINT ( 'NONE',  ( -1.762676524155808666, 96.00447081803002902, -3.464391570258027464 ) ) ;
#1349 = DIRECTION ( 'NONE',  ( -0.7050330097193336920, 0.03927407601317171176, -0.7080861544751524406 ) ) ;
#1350 = EDGE_CURVE ( 'NONE', #1854, #3549, #4701, .T. ) ;
#1351 = CARTESIAN_POINT ( 'NONE',  ( 216.5000000000000568, 113.2999999999999972, -8.699999999999935341 ) ) ;
#1352 = ORIENTED_EDGE ( 'NONE', *, *, #1633, .F. ) ;
#1353 = ADVANCED_FACE ( 'NONE', ( #5266 ), #4763, .T. ) ;
#1354 = ADVANCED_FACE ( 'NONE', ( #3666 ), #90, .T. ) ;
#1355 = CARTESIAN_POINT ( 'NONE',  ( 324.5000000000000000, 118.5000000000000568, -8.200000000000043698 ) ) ;
#1356 = CARTESIAN_POINT ( 'NONE',  ( 319.5000000000000000, 103.3667848596428485, -6.200000000000000178 ) ) ;
#1357 = CARTESIAN_POINT ( 'NONE',  ( 8.392913385826666683, 114.5000000000000000, 1.647480314961017767 ) ) ;
#1358 = DIRECTION ( 'NONE',  ( 0.000000000000000000, 1.000000000000000000, 0.000000000000000000 ) ) ;
#1359 = LINE ( 'NONE', #5399, #2893 ) ;
#1360 = ORIENTED_EDGE ( 'NONE', *, *, #205, .F. ) ;
#1361 = EDGE_LOOP ( 'NONE', ( #5634, #2933, #3978, #3410 ) ) ;
#1362 = CARTESIAN_POINT ( 'NONE',  ( 327.5000000000000000, 94.80613420518679391, -4.750000000000002665 ) ) ;
#1363 = VERTEX_POINT ( 'NONE', #3189 ) ;
#1364 = ADVANCED_FACE ( 'NONE', ( #3794 ), #2184, .F. ) ;
#1365 = EDGE_CURVE ( 'NONE', #2671, #5163, #4449, .T. ) ;
#1366 = DIRECTION ( 'NONE',  ( 1.000000000000000000, 0.000000000000000000, 0.000000000000000000 ) ) ;
#1367 = CARTESIAN_POINT ( 'NONE',  ( -1.000000000000000000, 114.5000000000000000, 6.299999999999999822 ) ) ;
#1368 = AXIS2_PLACEMENT_3D ( 'NONE', #5301, #251, #4799 ) ;
#1369 = CARTESIAN_POINT ( 'NONE',  ( -2.000000000000000444, 118.5000000000000142, -8.200000000000054357 ) ) ;
#1370 = DIRECTION ( 'NONE',  ( 0.6634450713716182335, -0.4086773398779660060, -0.6267563076212141482 ) ) ;
#1371 = DIRECTION ( 'NONE',  ( -0.000000000000000000, -2.891205793294675861E-16, -1.000000000000000000 ) ) ;
#1372 = VECTOR ( 'NONE', #5933, 1000.000000000000000 ) ;
#1373 = ORIENTED_EDGE ( 'NONE', *, *, #989, .F. ) ;
#1374 = CARTESIAN_POINT ( 'NONE',  ( -1.999999999999985345, 117.7000000000000028, -8.699999999999935341 ) ) ;
#1375 = FACE_BOUND ( 'NONE', #2279, .T. ) ;
#1376 = ORIENTED_EDGE ( 'NONE', *, *, #4707, .F. ) ;
#1377 = ORIENTED_EDGE ( 'NONE', *, *, #6172, .T. ) ;
#1378 = ORIENTED_EDGE ( 'NONE', *, *, #1753, .F. ) ;
#1379 = DIRECTION ( 'NONE',  ( -1.000000000000000000, 0.000000000000000000, 0.000000000000000000 ) ) ;
#1380 = FACE_OUTER_BOUND ( 'NONE', #358, .T. ) ;
#1381 = CARTESIAN_POINT ( 'NONE',  ( -1.618144099936464464, 96.39234875726263851, -3.991790908108094893 ) ) ;
#1382 = CARTESIAN_POINT ( 'NONE',  ( 322.3000000000000114, 56.75000000000000000, -1.999999999999999556 ) ) ;
#1383 = DIRECTION ( 'NONE',  ( 1.000000000000000000, 1.222859769274868068E-16, 0.000000000000000000 ) ) ;
#1384 = VERTEX_POINT ( 'NONE', #1716 ) ;
#1385 = FACE_OUTER_BOUND ( 'NONE', #1147, .T. ) ;
#1386 = CARTESIAN_POINT ( 'NONE',  ( 214.9025723340542982, -0.07692307692306341038, -8.701999999999998181 ) ) ;
#1387 = DIRECTION ( 'NONE',  ( 0.000000000000000000, 0.000000000000000000, -1.000000000000000000 ) ) ;
#1388 = DIRECTION ( 'NONE',  ( 0.7778006418176423020, -0.6285110671961662288, 0.000000000000000000 ) ) ;
#1389 = FACE_OUTER_BOUND ( 'NONE', #3582, .T. ) ;
#1390 = ORIENTED_EDGE ( 'NONE', *, *, #3591, .T. ) ;
#1391 = EDGE_CURVE ( 'NONE', #3565, #6402, #2720, .T. ) ;
#1392 = ORIENTED_EDGE ( 'NONE', *, *, #6551, .T. ) ;
#1393 = CARTESIAN_POINT ( 'NONE',  ( 299.9749724514095419, 97.79605520058086654, -7.566541422877921086 ) ) ;
#1394 = EDGE_LOOP ( 'NONE', ( #3078, #2017, #1376, #1360 ) ) ;
#1395 = DIRECTION ( 'NONE',  ( 0.000000000000000000, 1.000000000000000000, 0.000000000000000000 ) ) ;
#1396 = DIRECTION ( 'NONE',  ( -1.252131230780251791E-16, 1.000000000000000000, -0.000000000000000000 ) ) ;
#1397 = CARTESIAN_POINT ( 'NONE',  ( 216.5000000000000568, -2.000000000000001332, -8.701999999999998181 ) ) ;
#1398 = FACE_OUTER_BOUND ( 'NONE', #267, .T. ) ;
#1399 = ORIENTED_EDGE ( 'NONE', *, *, #4299, .F. ) ;
#1400 = ORIENTED_EDGE ( 'NONE', *, *, #4592, .T. ) ;
#1401 = DIRECTION ( 'NONE',  ( -0.000000000000000000, -0.000000000000000000, -1.000000000000000000 ) ) ;
#1402 = AXIS2_PLACEMENT_3D ( 'NONE', #5160, #582, #2608 ) ;
#1403 = EDGE_LOOP ( 'NONE', ( #4238, #2039, #1377, #4673 ) ) ;
#1404 = DIRECTION ( 'NONE',  ( -0.000000000000000000, -0.000000000000000000, -1.000000000000000000 ) ) ;
#1405 = VERTEX_POINT ( 'NONE', #5201 ) ;
#1406 = VECTOR ( 'NONE', #2975, 1000.000000000000000 ) ;
#1407 = ORIENTED_EDGE ( 'NONE', *, *, #1036, .T. ) ;
#1408 = CARTESIAN_POINT ( 'NONE',  ( 107.0999999999999943, -1.999999999999974021, -2.500000000000000000 ) ) ;
#1409 = CARTESIAN_POINT ( 'NONE',  ( 0.000000000000000000, 83.00000000000000000, 0.000000000000000000 ) ) ;
#1410 = CARTESIAN_POINT ( 'NONE',  ( -1.999999999999993561, 56.75000000000002132, -2.500000000000003553 ) ) ;
#1411 = CARTESIAN_POINT ( 'NONE',  ( 324.1179247049117293, 96.39344956272222475, -3.994098162472951685 ) ) ;
#1412 = CARTESIAN_POINT ( 'NONE',  ( 47.49291338582636968, 60.39291438582644389, -1.000000000000000000 ) ) ;
#1413 = ORIENTED_EDGE ( 'NONE', *, *, #3509, .T. ) ;
#1414 = VECTOR ( 'NONE', #2080, 1000.000000000000000 ) ;
#1415 = CARTESIAN_POINT ( 'NONE',  ( 324.5000000000000000, 115.5000000000000000, -7.099999999999941025 ) ) ;
#1416 = CARTESIAN_POINT ( 'NONE',  ( 14.49291338582666810, 98.84752415750148202, -1.852519685038983344 ) ) ;
#1417 = DIRECTION ( 'NONE',  ( -1.000000000000000000, 0.000000000000000000, 0.000000000000000000 ) ) ;
#1418 = DIRECTION ( 'NONE',  ( -0.000000000000000000, 2.891205793294675861E-16, -1.000000000000000000 ) ) ;
#1419 = LINE ( 'NONE', #6545, #4395 ) ;
#1420 = ORIENTED_EDGE ( 'NONE', *, *, #4328, .F. ) ;
#1421 = CIRCLE ( 'NONE', #5054, 4.000000000000003553 ) ;
#1422 = VERTEX_POINT ( 'NONE', #3732 ) ;
#1423 = DIRECTION ( 'NONE',  ( 0.000000000000000000, 0.000000000000000000, 1.000000000000000000 ) ) ;
#1424 = VERTEX_POINT ( 'NONE', #4736 ) ;
#1425 = CARTESIAN_POINT ( 'NONE',  ( -2.000000000000000000, 115.5000000000000000, -1.000000000000000000 ) ) ;
#1426 = LINE ( 'NONE', #4446, #1797 ) ;
#1427 = LINE ( 'NONE', #6483, #2823 ) ;
#1428 = CARTESIAN_POINT ( 'NONE',  ( -1.999999999999997780, 94.80613420518679391, -4.750000000000002665 ) ) ;
#1429 = ORIENTED_EDGE ( 'NONE', *, *, #6187, .F. ) ;
#1430 = EDGE_CURVE ( 'NONE', #6490, #3895, #4231, .T. ) ;
#1431 = AXIS2_PLACEMENT_3D ( 'NONE', #310, #212, #1807 ) ;
#1432 = ORIENTED_EDGE ( 'NONE', *, *, #3610, .F. ) ;
#1433 = CARTESIAN_POINT ( 'NONE',  ( 110.1533119314589868, 114.5000000000000142, 6.299999999999999822 ) ) ;
#1434 = AXIS2_PLACEMENT_3D ( 'NONE', #2495, #6111, #4635 ) ;
#1435 = PLANE ( 'NONE',  #4720 ) ;
#1436 = VERTEX_POINT ( 'NONE', #2220 ) ;
#1437 = AXIS2_PLACEMENT_3D ( 'NONE', #3824, #281, #4963 ) ;
#1438 = ADVANCED_FACE ( 'NONE', ( #1690 ), #1186, .F. ) ;
#1439 = ORIENTED_EDGE ( 'NONE', *, *, #6529, .T. ) ;
#1440 = ADVANCED_FACE ( 'NONE', ( #4198 ), #3222, .F. ) ;
#1441 = EDGE_CURVE ( 'NONE', #521, #52, #2751, .T. ) ;
#1442 = DIRECTION ( 'NONE',  ( -0.7071067811865573427, 0.7071067811865376918, -0.000000000000000000 ) ) ;
#1443 = CARTESIAN_POINT ( 'NONE',  ( 101.8466880685409564, 110.5000000000000142, 6.299999999999999822 ) ) ;
#1444 = FACE_OUTER_BOUND ( 'NONE', #3307, .T. ) ;
#1445 = DIRECTION ( 'NONE',  ( -0.000000000000000000, 0.000000000000000000, 1.000000000000000000 ) ) ;
#1446 = ORIENTED_EDGE ( 'NONE', *, *, #2695, .F. ) ;
#1447 = VECTOR ( 'NONE', #1298, 1000.000000000000000 ) ;
#1448 = DIRECTION ( 'NONE',  ( 0.000000000000000000, 0.000000000000000000, -1.000000000000000000 ) ) ;
#1449 = DIRECTION ( 'NONE',  ( 0.000000000000000000, 0.000000000000000000, 1.000000000000000000 ) ) ;
#1450 = CIRCLE ( 'NONE', #5832, 4.000000000000000000 ) ;
#1451 = CYLINDRICAL_SURFACE ( 'NONE', #2031, 1.749999999999994671 ) ;
#1452 = DIRECTION ( 'NONE',  ( -1.000000000000000000, 0.000000000000000000, 0.000000000000000000 ) ) ;
#1453 = FACE_OUTER_BOUND ( 'NONE', #5565, .T. ) ;
#1454 = VERTEX_POINT ( 'NONE', #221 ) ;
#1455 = ORIENTED_EDGE ( 'NONE', *, *, #2605, .T. ) ;
#1456 = CARTESIAN_POINT ( 'NONE',  ( -2.781202699633211761, 97.26976988718688233, -7.896362325962205553 ) ) ;
#1457 = VERTEX_POINT ( 'NONE', #4295 ) ;
#1458 = ADVANCED_FACE ( 'NONE', ( #6341 ), #3126, .F. ) ;
#1459 = CARTESIAN_POINT ( 'NONE',  ( 106.0000000000000142, 115.5000000000000000, -8.199999999999935341 ) ) ;
#1460 = DIRECTION ( 'NONE',  ( -0.000000000000000000, -0.000000000000000000, -1.000000000000000000 ) ) ;
#1461 = DIRECTION ( 'NONE',  ( -1.000000000000000000, 0.000000000000000000, 0.000000000000000000 ) ) ;
#1462 = PLANE ( 'NONE',  #456 ) ;
#1463 = EDGE_LOOP ( 'NONE', ( #1126, #4401, #3387, #6026 ) ) ;
#1464 = ORIENTED_EDGE ( 'NONE', *, *, #1764, .F. ) ;
#1465 = CIRCLE ( 'NONE', #3561, 1.099999999999989875 ) ;
#1466 = CARTESIAN_POINT ( 'NONE',  ( 323.0000000000000000, 98.25363967881254723, -7.643383541865993003 ) ) ;
#1467 = EDGE_CURVE ( 'NONE', #2880, #3778, #6008, .T. ) ;
#1468 = VECTOR ( 'NONE', #4797, 1000.000000000000000 ) ;
#1469 = CARTESIAN_POINT ( 'NONE',  ( -1.378679656440356727, 96.38160116615866002, -2.500000000000001332 ) ) ;
#1470 = ORIENTED_EDGE ( 'NONE', *, *, #3963, .F. ) ;
#1471 = EDGE_LOOP ( 'NONE', ( #539, #1604, #6246, #3004, #1914, #5996, #367 ) ) ;
#1472 = CIRCLE ( 'NONE', #5210, 3.400000000000007017 ) ;
#1473 = FILL_AREA_STYLE ('',( #6059 ) ) ;
#1474 = DIRECTION ( 'NONE',  ( 0.000000000000000000, 0.000000000000000000, -1.000000000000000000 ) ) ;
#1475 = CARTESIAN_POINT ( 'NONE',  ( 33.00000000000000000, 88.49999999999997158, 41.42640687119293830 ) ) ;
#1476 = VECTOR ( 'NONE', #1011, 1000.000000000000000 ) ;
#1477 = DIRECTION ( 'NONE',  ( 0.000000000000000000, 0.000000000000000000, -1.000000000000000000 ) ) ;
#1478 = ORIENTED_EDGE ( 'NONE', *, *, #1997, .T. ) ;
#1479 = CYLINDRICAL_SURFACE ( 'NONE', #305, 2.199999999999999734 ) ;
#1480 = EDGE_CURVE ( 'NONE', #6416, #5983, #1851, .T. ) ;
#1481 = ADVANCED_FACE ( 'NONE', ( #283 ), #3893, .F. ) ;
#1482 = EDGE_CURVE ( 'NONE', #6395, #905, #821, .T. ) ;
#1483 = CARTESIAN_POINT ( 'NONE',  ( 300.4752877603069123, 98.64003548466887139, -7.968665702169759335 ) ) ;
#1484 = CARTESIAN_POINT ( 'NONE',  ( -1.999999999999998224, 96.50615237115893308, -7.132296325861479325 ) ) ;
#1485 = LINE ( 'NONE', #2609, #3685 ) ;
#1486 = CARTESIAN_POINT ( 'NONE',  ( -1.999999999999985345, 116.5999999999999943, 6.300000000000110845 ) ) ;
#1487 = EDGE_LOOP ( 'NONE', ( #5173, #6378, #4554, #3734 ) ) ;
#1488 = ORIENTED_EDGE ( 'NONE', *, *, #1522, .F. ) ;
#1489 = CARTESIAN_POINT ( 'NONE',  ( -1.990330975260615531, 96.69804221329034988, -7.181042252007302729 ) ) ;
#1490 = ORIENTED_EDGE ( 'NONE', *, *, #2124, .F. ) ;
#1491 = CARTESIAN_POINT ( 'NONE',  ( 101.8466880685409706, -0.9999999999999874545, -1.000000000000000000 ) ) ;
#1492 = DIRECTION ( 'NONE',  ( -1.000000000000000000, 0.000000000000000000, 0.000000000000000000 ) ) ;
#1493 = DIRECTION ( 'NONE',  ( -1.000000000000000000, 0.000000000000000000, 0.000000000000000000 ) ) ;
#1494 = CARTESIAN_POINT ( 'NONE',  ( 13.59291338582668551, -5.001000000000047407, 1.647480314961016878 ) ) ;
#1495 = ORIENTED_EDGE ( 'NONE', *, *, #5478, .T. ) ;
#1496 = ORIENTED_EDGE ( 'NONE', *, *, #6090, .F. ) ;
#1497 = DIRECTION ( 'NONE',  ( -0.000000000000000000, -0.000000000000000000, -1.000000000000000000 ) ) ;
#1498 = CARTESIAN_POINT ( 'NONE',  ( 324.1926611334121162, 97.59055061008091059, -7.532030307877659148 ) ) ;
#1499 = EDGE_LOOP ( 'NONE', ( #2130, #1773, #6463, #3898 ) ) ;
#1500 = ORIENTED_EDGE ( 'NONE', *, *, #2948, .F. ) ;
#1501 = CONICAL_SURFACE ( 'NONE', #4500, 3.400000000000007017, 0.7853981633974361776 ) ;
#1502 = LINE ( 'NONE', #443, #438 ) ;
#1503 = DIRECTION ( 'NONE',  ( -0.000000000000000000, -0.000000000000000000, -1.000000000000000000 ) ) ;
#1504 = CARTESIAN_POINT ( 'NONE',  ( -3.099999999999993427, 56.75000000000002132, -0.9000000000000010214 ) ) ;
#1505 = ORIENTED_EDGE ( 'NONE', *, *, #6224, .F. ) ;
#1506 = VECTOR ( 'NONE', #6462, 1000.000000000000000 ) ;
#1507 = DIRECTION ( 'NONE',  ( -1.000000000000000000, 0.000000000000000000, 0.000000000000000000 ) ) ;
#1508 = AXIS2_PLACEMENT_3D ( 'NONE', #1410, #1503, #3674 ) ;
#1509 = EDGE_CURVE ( 'NONE', #177, #4498, #1919, .T. ) ;
#1510 = AXIS2_PLACEMENT_3D ( 'NONE', #719, #2683, #4733 ) ;
#1511 = CARTESIAN_POINT ( 'NONE',  ( -3.100000000000000533, -1.999999999999960920, -2.500000000000000000 ) ) ;
#1512 = AXIS2_PLACEMENT_3D ( 'NONE', #3380, #1325, #3349 ) ;
#1513 = CARTESIAN_POINT ( 'NONE',  ( -1.973295065499170331, 96.79829037451422380, -7.206508154935194810 ) ) ;
#1514 = CARTESIAN_POINT ( 'NONE',  ( 216.5000000000000568, 115.5000000000000000, -8.199999999999935341 ) ) ;
#1515 = AXIS2_PLACEMENT_3D ( 'NONE', #24, #5640, #3029 ) ;
#1516 = DIRECTION ( 'NONE',  ( 1.000000000000000000, 0.000000000000000000, 0.000000000000000000 ) ) ;
#1517 = VERTEX_POINT ( 'NONE', #3859 ) ;
#1518 = ORIENTED_EDGE ( 'NONE', *, *, #2162, .T. ) ;
#1519 = DIRECTION ( 'NONE',  ( 1.000000000000000000, 0.000000000000000000, 0.000000000000000000 ) ) ;
#1520 = ADVANCED_FACE ( 'NONE', ( #1389 ), #757, .F. ) ;
#1521 = EDGE_LOOP ( 'NONE', ( #1645, #1, #1852, #4663 ) ) ;
#1522 = EDGE_CURVE ( 'NONE', #3039, #1309, #5871, .T. ) ;
#1523 = EDGE_CURVE ( 'NONE', #4815, #3204, #6430, .T. ) ;
#1524 = DIRECTION ( 'NONE',  ( 1.506359616073056287E-16, 0.9986107771491159468, -0.05269265377297461389 ) ) ;
#1525 = CARTESIAN_POINT ( 'NONE',  ( 106.0000000000000000, -1.999999999999974021, -2.500000000000000000 ) ) ;
#1526 = LINE ( 'NONE', #59, #4111 ) ;
#1527 = DIRECTION ( 'NONE',  ( -1.000000000000000000, 0.000000000000000000, 0.000000000000000000 ) ) ;
#1528 = VERTEX_POINT ( 'NONE', #6401 ) ;
#1529 = EDGE_CURVE ( 'NONE', #3991, #2296, #4290, .T. ) ;
#1530 = ORIENTED_EDGE ( 'NONE', *, *, #1087, .F. ) ;
#1531 = CARTESIAN_POINT ( 'NONE',  ( 324.3679569116631569, 97.25122757670341400, -7.475045029083313253 ) ) ;
#1532 = CARTESIAN_POINT ( 'NONE',  ( 323.5000000000000000, 114.5000000000000426, -6.200000000000000178 ) ) ;
#1533 = AXIS2_PLACEMENT_3D ( 'NONE', #548, #5097, #4627 ) ;
#1534 = LINE ( 'NONE', #2563, #4518 ) ;
#1535 = ORIENTED_EDGE ( 'NONE', *, *, #4528, .F. ) ;
#1536 = ORIENTED_EDGE ( 'NONE', *, *, #2275, .T. ) ;
#1537 = AXIS2_PLACEMENT_3D ( 'NONE', #3388, #926, #6405 ) ;
#1538 = DIRECTION ( 'NONE',  ( 0.000000000000000000, 0.000000000000000000, 1.000000000000000000 ) ) ;
#1539 = LINE ( 'NONE', #3984, #1634 ) ;
#1540 = ORIENTED_EDGE ( 'NONE', *, *, #5403, .F. ) ;
#1541 = VECTOR ( 'NONE', #6240, 1000.000000000000000 ) ;
#1542 = DIRECTION ( 'NONE',  ( 1.000000000000000000, -0.000000000000000000, -0.000000000000000000 ) ) ;
#1543 = ORIENTED_EDGE ( 'NONE', *, *, #435, .F. ) ;
#1544 = CARTESIAN_POINT ( 'NONE',  ( -2.000000000000000000, 115.5000000000000000, -8.200000000000043698 ) ) ;
#1545 = CARTESIAN_POINT ( 'NONE',  ( 216.5000000000000568, 113.2999999999999972, -8.699999999999931788 ) ) ;
#1546 = CARTESIAN_POINT ( 'NONE',  ( 23.00000000000000711, 96.46780709592523806, -7.122555445701422627 ) ) ;
#1547 = CIRCLE ( 'NONE', #42, 3.499999999999999556 ) ;
#1548 = CARTESIAN_POINT ( 'NONE',  ( 293.5000000000000000, 95.36678485964283425, -1.000000000000000888 ) ) ;
#1549 = ORIENTED_EDGE ( 'NONE', *, *, #3183, .F. ) ;
#1550 = CIRCLE ( 'NONE', #2293, 1.750000000000001554 ) ;
#1551 = ORIENTED_EDGE ( 'NONE', *, *, #2967, .T. ) ;
#1552 = LINE ( 'NONE', #5632, #1940 ) ;
#1553 = EDGE_CURVE ( 'NONE', #1084, #6387, #1829, .T. ) ;
#1554 = ORIENTED_EDGE ( 'NONE', *, *, #3401, .T. ) ;
#1555 = AXIS2_PLACEMENT_3D ( 'NONE', #5701, #3161, #6307 ) ;
#1556 = FACE_OUTER_BOUND ( 'NONE', #2400, .T. ) ;
#1557 = CARTESIAN_POINT ( 'NONE',  ( 106.0000000000000142, -2.000000000000001332, -8.701999999999998181 ) ) ;
#1558 = CYLINDRICAL_SURFACE ( 'NONE', #1023, 1.100000000000003642 ) ;
#1559 = CARTESIAN_POINT ( 'NONE',  ( 324.5000000000000000, 56.75000000000000000, 6.299999999999999822 ) ) ;
#1560 = ADVANCED_FACE ( 'NONE', ( #3316 ), #4327, .T. ) ;
#1561 = EDGE_CURVE ( 'NONE', #2615, #8, #5335, .T. ) ;
#1562 = EDGE_CURVE ( 'NONE', #3663, #4640, #1359, .T. ) ;
#1563 = ORIENTED_EDGE ( 'NONE', *, *, #5592, .F. ) ;
#1564 = CARTESIAN_POINT ( 'NONE',  ( 323.8135024334986269, 97.98214233354747194, -7.597790423861568776 ) ) ;
#1565 = DIRECTION ( 'NONE',  ( -1.000000000000000000, 0.000000000000000000, -0.000000000000000000 ) ) ;
#1566 = CARTESIAN_POINT ( 'NONE',  ( 23.90398314678561675, 96.42931646431682680, -7.852014996415012327 ) ) ;
#1567 = ORIENTED_EDGE ( 'NONE', *, *, #775, .T. ) ;
#1568 = ORIENTED_EDGE ( 'NONE', *, *, #6514, .T. ) ;
#1569 = CARTESIAN_POINT ( 'NONE',  ( 47.49291338582636968, 60.39291438582644389, -1.000000000000000000 ) ) ;
#1570 = CIRCLE ( 'NONE', #193, 1.099999999999989875 ) ;
#1571 = DIRECTION ( 'NONE',  ( -1.000000000000000000, 0.000000000000000000, 0.000000000000000000 ) ) ;
#1572 = EDGE_LOOP ( 'NONE', ( #5002, #523, #3467, #5569 ) ) ;
#1573 = DIRECTION ( 'NONE',  ( -0.000000000000000000, -0.7071067811865557884, -0.7071067811865392461 ) ) ;
#1574 = ORIENTED_EDGE ( 'NONE', *, *, #638, .F. ) ;
#1575 = EDGE_CURVE ( 'NONE', #5410, #734, #26, .T. ) ;
#1576 = VECTOR ( 'NONE', #2216, 1000.000000000000000 ) ;
#1577 = CIRCLE ( 'NONE', #2101, 3.000000000000000000 ) ;
#1578 = DIRECTION ( 'NONE',  ( -1.000000000000000000, 0.000000000000000000, 0.000000000000000000 ) ) ;
#1579 = DIRECTION ( 'NONE',  ( -0.000000000000000000, -0.000000000000000000, -1.000000000000000000 ) ) ;
#1580 = CARTESIAN_POINT ( 'NONE',  ( -1.642055444113895923, 97.60848808299745372, -7.412315985205252034 ) ) ;
#1581 = FACE_OUTER_BOUND ( 'NONE', #2552, .T. ) ;
#1582 = CARTESIAN_POINT ( 'NONE',  ( 13.59291338582668551, -5.001000000000047407, 4.047480314961017456 ) ) ;
#1583 = ORIENTED_EDGE ( 'NONE', *, *, #4009, .F. ) ;
#1584 = ADVANCED_FACE ( 'NONE', ( #4438 ), #3285, .T. ) ;
#1585 = ORIENTED_EDGE ( 'NONE', *, *, #1753, .T. ) ;
#1586 = CARTESIAN_POINT ( 'NONE',  ( -0.9833229803308479733, 98.13686711404962182, -7.546548062894220088 ) ) ;
#1587 = EDGE_LOOP ( 'NONE', ( #3726, #5381, #6577, #117 ) ) ;
#1588 = ADVANCED_FACE ( 'NONE', ( #2782 ), #4470, .T. ) ;
#1589 = FACE_BOUND ( 'NONE', #6511, .T. ) ;
#1590 = CYLINDRICAL_SURFACE ( 'NONE', #723, 1.100000000000003642 ) ;
#1591 = EDGE_CURVE ( 'NONE', #2467, #4113, #6474, .T. ) ;
#1592 = DIRECTION ( 'NONE',  ( 0.000000000000000000, 0.000000000000000000, -1.000000000000000000 ) ) ;
#1593 = CARTESIAN_POINT ( 'NONE',  ( 293.5000000000000000, 95.36678485964283425, -6.199999999999997513 ) ) ;
#1594 = ADVANCED_FACE ( 'NONE', ( #1453 ), #6040, .F. ) ;
#1595 = EDGE_LOOP ( 'NONE', ( #1568, #4455, #923, #6137 ) ) ;
#1596 = DIRECTION ( 'NONE',  ( -1.000000000000000000, -1.283000413665435261E-16, 0.000000000000000000 ) ) ;
#1597 = PLANE ( 'NONE',  #3935 ) ;
#1598 = DIRECTION ( 'NONE',  ( 0.000000000000000000, 1.000000000000000000, 0.000000000000000000 ) ) ;
#1599 = ORIENTED_EDGE ( 'NONE', *, *, #3535, .F. ) ;
#1600 = VERTEX_POINT ( 'NONE', #6607 ) ;
#1601 = CARTESIAN_POINT ( 'NONE',  ( 324.5000000000000000, 114.4000000000000199, -7.099999999999941025 ) ) ;
#1602 = CARTESIAN_POINT ( 'NONE',  ( -1.999999999999999112, 83.90398314678560610, -7.143404255319143914 ) ) ;
#1603 = AXIS2_PLACEMENT_3D ( 'NONE', #2302, #6424, #4349 ) ;
#1604 = ORIENTED_EDGE ( 'NONE', *, *, #4828, .T. ) ;
#1605 = DIRECTION ( 'NONE',  ( -1.000000000000000000, 0.000000000000000000, 0.000000000000000000 ) ) ;
#1606 = ORIENTED_EDGE ( 'NONE', *, *, #503, .T. ) ;
#1607 = AXIS2_PLACEMENT_3D ( 'NONE', #2373, #3407, #2801 ) ;
#1608 = EDGE_LOOP ( 'NONE', ( #5131, #6512, #1843, #2118 ) ) ;
#1609 = EDGE_CURVE ( 'NONE', #4665, #4815, #1049, .T. ) ;
#1610 = CARTESIAN_POINT ( 'NONE',  ( 0.000000000000000000, 83.00000000000000000, 0.000000000000000000 ) ) ;
#1611 = DIRECTION ( 'NONE',  ( -0.7071067811865533459, 0.03725933280158495731, 0.7061244522881022778 ) ) ;
#1612 = CARTESIAN_POINT ( 'NONE',  ( -1.754292433505608484, 97.43255696201410387, -7.367631492672902738 ) ) ;
#1613 = LINE ( 'NONE', #3657, #4444 ) ;
#1614 = FACE_OUTER_BOUND ( 'NONE', #4751, .T. ) ;
#1615 = VERTEX_POINT ( 'NONE', #1486 ) ;
#1616 = CONICAL_SURFACE ( 'NONE', #5571, 1.749999999999987566, 1.029744258676648094 ) ;
#1617 = ORIENTED_EDGE ( 'NONE', *, *, #1430, .F. ) ;
#1618 = DIRECTION ( 'NONE',  ( -1.000000000000000000, -0.000000000000000000, -0.000000000000000000 ) ) ;
#1619 = EDGE_LOOP ( 'NONE', ( #808, #68, #6016, #875 ) ) ;
#1620 = VECTOR ( 'NONE', #3740, 1000.000000000000114 ) ;
#1621 = VECTOR ( 'NONE', #5892, 1000.000000000000000 ) ;
#1622 = AXIS2_PLACEMENT_3D ( 'NONE', #3127, #4639, #60 ) ;
#1623 = CARTESIAN_POINT ( 'NONE',  ( 323.5000000000000000, 3.000000000000039080, -1.000000000000000000 ) ) ;
#1624 = CARTESIAN_POINT ( 'NONE',  ( -0.07692307692307381872, 55.15257233405421289, -8.701999999999998181 ) ) ;
#1625 = DIRECTION ( 'NONE',  ( 0.000000000000000000, 0.000000000000000000, 1.000000000000000000 ) ) ;
#1626 = CARTESIAN_POINT ( 'NONE',  ( 299.5043487385956951, 96.68369708393845485, -7.379737428425338308 ) ) ;
#1627 = AXIS2_PLACEMENT_3D ( 'NONE', #6188, #4645, #4073 ) ;
#1628 = ORIENTED_EDGE ( 'NONE', *, *, #2695, .T. ) ;
#1629 = FACE_BOUND ( 'NONE', #1587, .T. ) ;
#1630 = CARTESIAN_POINT ( 'NONE',  ( 106.0000000000000142, -2.000000000000001332, -1.000000000000000000 ) ) ;
#1631 = DIRECTION ( 'NONE',  ( -0.000000000000000000, -0.000000000000000000, -1.000000000000000000 ) ) ;
#1632 = EDGE_CURVE ( 'NONE', #1436, #4619, #5030, .T. ) ;
#1633 = EDGE_CURVE ( 'NONE', #706, #4057, #4614, .T. ) ;
#1634 = VECTOR ( 'NONE', #4464, 1000.000000000000000 ) ;
#1635 = CARTESIAN_POINT ( 'NONE',  ( 23.88832352898880629, 96.77145345862427916, -7.870068182497620413 ) ) ;
#1636 = ORIENTED_EDGE ( 'NONE', *, *, #1482, .F. ) ;
#1637 = ORIENTED_EDGE ( 'NONE', *, *, #6223, .F. ) ;
#1638 = CARTESIAN_POINT ( 'NONE',  ( -0.07692307692307447098, 55.15257233405421289, 6.299999999999999822 ) ) ;
#1639 = ORIENTED_EDGE ( 'NONE', *, *, #1758, .T. ) ;
#1640 = DIRECTION ( 'NONE',  ( -1.000000000000000000, 0.000000000000000000, 0.000000000000000000 ) ) ;
#1641 = ORIENTED_EDGE ( 'NONE', *, *, #1632, .T. ) ;
#1642 = EDGE_CURVE ( 'NONE', #3105, #4703, #5710, .T. ) ;
#1643 = AXIS2_PLACEMENT_3D ( 'NONE', #161, #1261, #1127 ) ;
#1644 = EDGE_CURVE ( 'NONE', #6560, #4915, #2888, .T. ) ;
#1645 = ORIENTED_EDGE ( 'NONE', *, *, #3097, .T. ) ;
#1646 = CARTESIAN_POINT ( 'NONE',  ( 22.92338936693359841, 97.03454946537893022, -7.266525451512000799 ) ) ;
#1647 = DIRECTION ( 'NONE',  ( -0.000000000000000000, -0.000000000000000000, -1.000000000000000000 ) ) ;
#1648 = DIRECTION ( 'NONE',  ( -1.000000000000000000, 0.000000000000000000, 0.000000000000000000 ) ) ;
#1649 = CYLINDRICAL_SURFACE ( 'NONE', #151, 3.000000000000002665 ) ;
#1650 = CYLINDRICAL_SURFACE ( 'NONE', #1303, 3.000000000000002665 ) ;
#1651 = VERTEX_POINT ( 'NONE', #6071 ) ;
#1652 = ORIENTED_EDGE ( 'NONE', *, *, #3716, .F. ) ;
#1653 = ORIENTED_EDGE ( 'NONE', *, *, #1697, .F. ) ;
#1654 = AXIS2_PLACEMENT_3D ( 'NONE', #78, #5161, #5628 ) ;
#1655 = CARTESIAN_POINT ( 'NONE',  ( -1.999999999999985345, 116.6000000000000085, -8.699999999999931788 ) ) ;
#1656 = DIRECTION ( 'NONE',  ( 5.159220625078207627E-17, -0.3420201433256714885, 0.9396926207859074287 ) ) ;
#1657 = CARTESIAN_POINT ( 'NONE',  ( 299.2781327575735872, 83.51235918151877513, -6.891919694606395197 ) ) ;
#1658 = CARTESIAN_POINT ( 'NONE',  ( 110.1533119314590579, 114.5000000000000142, -6.200000000000000178 ) ) ;
#1659 = ADVANCED_FACE ( 'NONE', ( #5130 ), #2581, .T. ) ;
#1660 = VECTOR ( 'NONE', #3801, 1000.000000000000000 ) ;
#1661 = VERTEX_POINT ( 'NONE', #2076 ) ;
#1662 = CARTESIAN_POINT ( 'NONE',  ( 324.4920991568636168, 96.72776900313465376, -7.387142271976574470 ) ) ;
#1663 = CARTESIAN_POINT ( 'NONE',  ( 319.5000000000000000, 99.36678485964284846, -1.000000000000000000 ) ) ;
#1664 = DIRECTION ( 'NONE',  ( 1.000000000000000000, 0.000000000000000000, 0.000000000000000000 ) ) ;
#1665 = DIRECTION ( 'NONE',  ( -0.000000000000000000, 2.891205793294675861E-16, -1.000000000000000000 ) ) ;
#1666 = EDGE_LOOP ( 'NONE', ( #5330, #5886, #4177, #5480, #5426, #6301, #2019, #6299, #610, #5153, #4158, #3086, #2962, #2813, #1400, #5825, #2382, #3878, #643, #3661, #2701, #6612, #5980, #3176 ) ) ;
#1667 = ORIENTED_EDGE ( 'NONE', *, *, #5594, .T. ) ;
#1668 = ADVANCED_FACE ( 'NONE', ( #984 ), #47, .F. ) ;
#1669 = DIRECTION ( 'NONE',  ( -0.000000000000000000, -0.000000000000000000, -1.000000000000000000 ) ) ;
#1670 = VERTEX_POINT ( 'NONE', #2014 ) ;
#1671 = DIRECTION ( 'NONE',  ( 1.000000000000000000, 0.000000000000000000, 0.000000000000000000 ) ) ;
#1672 = ORIENTED_EDGE ( 'NONE', *, *, #6013, .T. ) ;
#1673 = ORIENTED_EDGE ( 'NONE', *, *, #2735, .F. ) ;
#1674 = VECTOR ( 'NONE', #4165, 1000.000000000000000 ) ;
#1675 = CARTESIAN_POINT ( 'NONE',  ( 13.59291338582668551, 114.5000000000000000, -0.7525196850389813674 ) ) ;
#1676 = DIRECTION ( 'NONE',  ( -0.000000000000000000, -0.000000000000000000, -1.000000000000000000 ) ) ;
#1677 = CARTESIAN_POINT ( 'NONE',  ( -1.354114172501547086, 97.91400869059584977, -7.489934831791101644 ) ) ;
#1678 = LINE ( 'NONE', #650, #5060 ) ;
#1679 = DIRECTION ( 'NONE',  ( -0.000000000000000000, -0.000000000000000000, -1.000000000000000000 ) ) ;
#1680 = ORIENTED_EDGE ( 'NONE', *, *, #3603, .T. ) ;
#1681 = EDGE_CURVE ( 'NONE', #6350, #4716, #1952, .T. ) ;
#1682 = ADVANCED_FACE ( 'NONE', ( #3554 ), #5597, .F. ) ;
#1683 = ORIENTED_EDGE ( 'NONE', *, *, #4051, .T. ) ;
#1684 = CIRCLE ( 'NONE', #5957, 2.399999999999999467 ) ;
#1685 = VERTEX_POINT ( 'NONE', #1548 ) ;
#1686 = CARTESIAN_POINT ( 'NONE',  ( 295.4484939167018069, 94.80613420518677970, -4.750000000000002665 ) ) ;
#1687 = DIRECTION ( 'NONE',  ( 2.725784001906749913E-32, 0.000000000000000000, 1.000000000000000000 ) ) ;
#1688 = CARTESIAN_POINT ( 'NONE',  ( 22.71834339727509899, 97.49394387062577039, -7.383223223257739498 ) ) ;
#1689 = AXIS2_PLACEMENT_3D ( 'NONE', #4954, #1874, #309 ) ;
#1690 = FACE_OUTER_BOUND ( 'NONE', #1572, .T. ) ;
#1691 = DIRECTION ( 'NONE',  ( -0.000000000000000000, -0.000000000000000000, -1.000000000000000000 ) ) ;
#1692 = ORIENTED_EDGE ( 'NONE', *, *, #2856, .T. ) ;
#1693 = CARTESIAN_POINT ( 'NONE',  ( 7.492913385826666328, 118.5000000000000142, -2.352519685038876762 ) ) ;
#1694 = DIRECTION ( 'NONE',  ( -0.000000000000000000, -0.000000000000000000, -1.000000000000000000 ) ) ;
#1695 = CARTESIAN_POINT ( 'NONE',  ( 299.8699193941556018, 97.67698189789784635, -7.546544803546572311 ) ) ;
#1696 = ORIENTED_EDGE ( 'NONE', *, *, #4698, .F. ) ;
#1697 = EDGE_CURVE ( 'NONE', #2615, #716, #1419, .T. ) ;
#1698 = ORIENTED_EDGE ( 'NONE', *, *, #1720, .F. ) ;
#1699 = CARTESIAN_POINT ( 'NONE',  ( 23.00000000000000355, 83.03849063161166555, -6.413944704614425341 ) ) ;
#1700 = EDGE_LOOP ( 'NONE', ( #5194, #4814, #3249, #1554 ) ) ;
#1701 = FACE_OUTER_BOUND ( 'NONE', #4858, .T. ) ;
#1702 = ORIENTED_EDGE ( 'NONE', *, *, #4338, .T. ) ;
#1703 = ORIENTED_EDGE ( 'NONE', *, *, #6223, .T. ) ;
#1704 = CARTESIAN_POINT ( 'NONE',  ( 22.70475704314709020, 98.69293387435646991, -7.971456936349019529 ) ) ;
#1705 = CARTESIAN_POINT ( 'NONE',  ( 3.000000000000000000, 99.36678485964284846, -1.000000000000000888 ) ) ;
#1706 = DIRECTION ( 'NONE',  ( -3.224512890673880615E-17, -0.3420201433256715440, 0.9396926207859075397 ) ) ;
#1707 = CARTESIAN_POINT ( 'NONE',  ( -1.999999999999997780, 96.46780709592847813, -7.122555445710311517 ) ) ;
#1708 = PLANE ( 'NONE',  #5671 ) ;
#1709 = ORIENTED_EDGE ( 'NONE', *, *, #1971, .F. ) ;
#1710 = EDGE_CURVE ( 'NONE', #6527, #3365, #3990, .T. ) ;
#1711 = ORIENTED_EDGE ( 'NONE', *, *, #5681, .T. ) ;
#1712 = ORIENTED_EDGE ( 'NONE', *, *, #6411, .F. ) ;
#1713 = CARTESIAN_POINT ( 'NONE',  ( 7.492913385826666328, 118.5000000000000142, -2.352519685038876762 ) ) ;
#1714 = CARTESIAN_POINT ( 'NONE',  ( 216.5000000000000568, 115.5000000000000000, -7.099999999999941025 ) ) ;
#1715 = CARTESIAN_POINT ( 'NONE',  ( 22.83237499749506227, 97.27628095791880014, -7.327921701335680993 ) ) ;
#1716 = CARTESIAN_POINT ( 'NONE',  ( 106.0000000000000142, 114.4000000000000199, 6.300000000000110845 ) ) ;
#1717 = CARTESIAN_POINT ( 'NONE',  ( 23.00000000000000711, 94.78533450744475886, -2.500000000000002220 ) ) ;
#1718 = AXIS2_PLACEMENT_3D ( 'NONE', #1212, #4792, #1114 ) ;
#1719 = CIRCLE ( 'NONE', #1508, 2.200000000000000178 ) ;
#1720 = EDGE_CURVE ( 'NONE', #2188, #4640, #6266, .T. ) ;
#1721 = EDGE_CURVE ( 'NONE', #5466, #5360, #5894, .T. ) ;
#1722 = VERTEX_POINT ( 'NONE', #2647 ) ;
#1723 = DIRECTION ( 'NONE',  ( -1.000000000000000000, 0.000000000000000000, 0.000000000000000000 ) ) ;
#1724 = LINE ( 'NONE', #4332, #628 ) ;
#1725 = AXIS2_PLACEMENT_3D ( 'NONE', #4377, #1833, #4454 ) ;
#1726 = DIRECTION ( 'NONE',  ( -1.000000000000000000, 0.000000000000000000, 0.000000000000000000 ) ) ;
#1727 = DIRECTION ( 'NONE',  ( 0.000000000000000000, 0.000000000000000000, -1.000000000000000000 ) ) ;
#1728 = AXIS2_PLACEMENT_3D ( 'NONE', #5432, #392, #2878 ) ;
#1729 = VECTOR ( 'NONE', #6513, 1000.000000000000000 ) ;
#1730 = EDGE_CURVE ( 'NONE', #3427, #6190, #5693, .T. ) ;
#1731 = ORIENTED_EDGE ( 'NONE', *, *, #1764, .T. ) ;
#1732 = VERTEX_POINT ( 'NONE', #2743 ) ;
#1733 = DIRECTION ( 'NONE',  ( -0.7069839367425884147, -0.01863937702514251171, -0.7069839367426011822 ) ) ;
#1734 = ORIENTED_EDGE ( 'NONE', *, *, #793, .F. ) ;
#1735 = AXIS2_PLACEMENT_3D ( 'NONE', #2543, #2479, #418 ) ;
#1736 = CARTESIAN_POINT ( 'NONE',  ( -1.274600199500165010, 98.90445734117184884, -7.982618174598004934 ) ) ;
#1737 = EDGE_LOOP ( 'NONE', ( #5610, #308, #3940, #2093 ) ) ;
#1738 = EDGE_LOOP ( 'NONE', ( #4074, #6084, #3008, #4632 ) ) ;
#1739 = DIRECTION ( 'NONE',  ( -0.000000000000000000, 2.891205793294675861E-16, -1.000000000000000000 ) ) ;
#1740 = FACE_OUTER_BOUND ( 'NONE', #3597, .T. ) ;
#1741 = CARTESIAN_POINT ( 'NONE',  ( -1.999999999999999556, 95.13940934097711022, -3.023633975416005537 ) ) ;
#1742 = PLANE ( 'NONE',  #804 ) ;
#1743 = DIRECTION ( 'NONE',  ( -1.000000000000000000, 0.000000000000000000, 0.000000000000000000 ) ) ;
#1744 = EDGE_LOOP ( 'NONE', ( #5604, #5588, #5294, #2001 ) ) ;
#1745 = EDGE_CURVE ( 'NONE', #2705, #6053, #2036, .T. ) ;
#1746 = VECTOR ( 'NONE', #1497, 1000.000000000000000 ) ;
#1747 = ORIENTED_EDGE ( 'NONE', *, *, #496, .F. ) ;
#1748 = DIRECTION ( 'NONE',  ( -0.000000000000000000, -0.000000000000000000, -1.000000000000000000 ) ) ;
#1749 = CARTESIAN_POINT ( 'NONE',  ( 216.5000000000000284, -1.999999999999988010, -2.500000000000000000 ) ) ;
#1750 = AXIS2_PLACEMENT_3D ( 'NONE', #2409, #4463, #912 ) ;
#1751 = CARTESIAN_POINT ( 'NONE',  ( 22.87570011895451572, 97.16890797319013018, -7.300655520559980793 ) ) ;
#1752 = DIRECTION ( 'NONE',  ( 0.000000000000000000, 1.000000000000000000, 0.000000000000000000 ) ) ;
#1753 = EDGE_CURVE ( 'NONE', #1528, #2987, #4191, .T. ) ;
#1754 = DIRECTION ( 'NONE',  ( -0.7071067811865475727, 0.000000000000000000, -0.7071067811865474617 ) ) ;
#1755 = AXIS2_PLACEMENT_3D ( 'NONE', #4095, #5543, #959 ) ;
#1756 = CARTESIAN_POINT ( 'NONE',  ( -1.000000000000000000, -1.000000000000000000, -1.000000000000000000 ) ) ;
#1757 = CARTESIAN_POINT ( 'NONE',  ( 47.49291338582636968, 56.99291438582643821, -1.999999999999980904 ) ) ;
#1758 = EDGE_CURVE ( 'NONE', #823, #2761, #5780, .T. ) ;
#1759 = CARTESIAN_POINT ( 'NONE',  ( 7.492913385826668105, 115.1000000000000085, 5.147480314961017100 ) ) ;
#1760 = PLANE ( 'NONE',  #2469 ) ;
#1761 = ADVANCED_FACE ( 'NONE', ( #1614 ), #1650, .T. ) ;
#1762 = AXIS2_PLACEMENT_3D ( 'NONE', #3390, #4974, #364 ) ;
#1763 = EDGE_CURVE ( 'NONE', #284, #2000, #3536, .T. ) ;
#1764 = EDGE_CURVE ( 'NONE', #1286, #6154, #6541, .T. ) ;
#1765 = EDGE_CURVE ( 'NONE', #958, #1670, #2357, .T. ) ;
#1766 = ORIENTED_EDGE ( 'NONE', *, *, #2403, .T. ) ;
#1767 = EDGE_LOOP ( 'NONE', ( #1583, #4320, #6211, #5865, #4876, #5942 ) ) ;
#1768 = VECTOR ( 'NONE', #6176, 1000.000000000000227 ) ;
#1769 = CARTESIAN_POINT ( 'NONE',  ( 22.71433532547925438, 96.11737506430196731, -3.579323217498632470 ) ) ;
#1770 = VERTEX_POINT ( 'NONE', #3691 ) ;
#1771 = VECTOR ( 'NONE', #241, 1000.000000000000000 ) ;
#1772 = CARTESIAN_POINT ( 'NONE',  ( 110.1533119314590152, 110.5000000000000142, -8.701999999999998181 ) ) ;
#1773 = ORIENTED_EDGE ( 'NONE', *, *, #5310, .F. ) ;
#1774 = VERTEX_POINT ( 'NONE', #5725 ) ;
#1775 = CARTESIAN_POINT ( 'NONE',  ( -2.730474342353105932, 83.00000000000000000, -6.643404255319152796 ) ) ;
#1776 = LINE ( 'NONE', #2740, #4979 ) ;
#1777 = DIRECTION ( 'NONE',  ( 8.853904842201589675E-17, -0.7071067811865354713, 0.7071067811865595631 ) ) ;
#1778 = DIRECTION ( 'NONE',  ( -1.000000000000000000, 0.000000000000000000, 0.000000000000000000 ) ) ;
#1779 = DIRECTION ( 'NONE',  ( -0.000000000000000000, -0.000000000000000000, -1.000000000000000000 ) ) ;
#1780 = EDGE_LOOP ( 'NONE', ( #2062, #1352, #5677, #810 ) ) ;
#1781 = EDGE_LOOP ( 'NONE', ( #5253, #3121, #4254, #2530, #4065, #3558, #2128, #3715 ) ) ;
#1782 = VECTOR ( 'NONE', #2218, 1000.000000000000000 ) ;
#1783 = DIRECTION ( 'NONE',  ( 1.000000000000000000, 0.000000000000000000, 0.000000000000000000 ) ) ;
#1784 = EDGE_CURVE ( 'NONE', #1930, #5508, #4761, .T. ) ;
#1785 = FACE_OUTER_BOUND ( 'NONE', #2730, .T. ) ;
#1786 = CARTESIAN_POINT ( 'NONE',  ( 22.99257657317977532, 96.64259597903161136, -7.166957006670849673 ) ) ;
#1787 = DIRECTION ( 'NONE',  ( -1.000000000000000000, 0.000000000000000000, 0.000000000000000000 ) ) ;
#1788 = VECTOR ( 'NONE', #851, 1000.000000000000000 ) ;
#1789 = CARTESIAN_POINT ( 'NONE',  ( 47.49291338582636968, 60.39291438582644389, -1.999999999999980904 ) ) ;
#1790 = EDGE_CURVE ( 'NONE', #3039, #1941, #5045, .T. ) ;
#1791 = CONICAL_SURFACE ( 'NONE', #2108, 2.500000000000055067, 0.7853981633974396193 ) ;
#1792 = CARTESIAN_POINT ( 'NONE',  ( 105.9999999999999858, 115.5000000000000142, -8.701999999999998181 ) ) ;
#1793 = CARTESIAN_POINT ( 'NONE',  ( 324.5000000000000000, 115.5000000000000000, -8.199999999999935341 ) ) ;
#1794 = AXIS2_PLACEMENT_3D ( 'NONE', #6601, #2009, #2603 ) ;
#1795 = FACE_OUTER_BOUND ( 'NONE', #4984, .T. ) ;
#1796 = CARTESIAN_POINT ( 'NONE',  ( 300.3555693595141065, 98.58630800353110146, -7.965830720186324321 ) ) ;
#1797 = VECTOR ( 'NONE', #1892, 1000.000000000000114 ) ;
#1798 = ADVANCED_FACE ( 'NONE', ( #2174 ), #683, .F. ) ;
#1799 = ORIENTED_EDGE ( 'NONE', *, *, #1765, .F. ) ;
#1800 = LINE ( 'NONE', #5853, #1847 ) ;
#1801 = ORIENTED_EDGE ( 'NONE', *, *, #385, .F. ) ;
#1802 = CARTESIAN_POINT ( 'NONE',  ( 8.392913385826680894, -5.001000000000047407, -0.7525196850389815895 ) ) ;
#1803 = ORIENTED_EDGE ( 'NONE', *, *, #6158, .T. ) ;
#1804 = EDGE_CURVE ( 'NONE', #1422, #4712, #2146, .T. ) ;
#1805 = EDGE_LOOP ( 'NONE', ( #3055, #5179, #2830, #1637 ) ) ;
#1806 = DIRECTION ( 'NONE',  ( 1.000000000000000000, 0.000000000000000000, 0.000000000000000000 ) ) ;
#1807 = DIRECTION ( 'NONE',  ( -1.000000000000000000, 0.000000000000000000, 0.000000000000000000 ) ) ;
#1808 = FACE_OUTER_BOUND ( 'NONE', #4647, .T. ) ;
#1809 = LINE ( 'NONE', #2940, #1339 ) ;
#1810 = CYLINDRICAL_SURFACE ( 'NONE', #2784, 1.099999999999989875 ) ;
#1811 = ORIENTED_EDGE ( 'NONE', *, *, #5560, .T. ) ;
#1812 = ORIENTED_EDGE ( 'NONE', *, *, #3487, .T. ) ;
#1813 = EDGE_CURVE ( 'NONE', #3993, #1732, #4071, .T. ) ;
#1814 = DIRECTION ( 'NONE',  ( -0.5570624845448972629, -0.5872313804254136738, -0.5872313804254072345 ) ) ;
#1815 = CARTESIAN_POINT ( 'NONE',  ( 22.97543244266353213, 96.78586962433172403, -7.203353185755376309 ) ) ;
#1816 = CARTESIAN_POINT ( 'NONE',  ( 216.5000000000000568, 115.5000000000000000, -8.699999999999931788 ) ) ;
#1817 = ORIENTED_EDGE ( 'NONE', *, *, #5280, .F. ) ;
#1818 = FACE_BOUND ( 'NONE', #856, .T. ) ;
#1819 = DIRECTION ( 'NONE',  ( -0.000000000000000000, -0.000000000000000000, -1.000000000000000000 ) ) ;
#1820 = FACE_OUTER_BOUND ( 'NONE', #2999, .T. ) ;
#1821 = DIRECTION ( 'NONE',  ( 0.000000000000000000, 1.000000000000000000, 0.000000000000000000 ) ) ;
#1822 = CARTESIAN_POINT ( 'NONE',  ( -4.500000000000060396, 83.52785265049415386, -7.171256905813307547 ) ) ;
#1823 = DIRECTION ( 'NONE',  ( 0.000000000000000000, -0.7071067811865392461, -0.7071067811865557884 ) ) ;
#1824 = VECTOR ( 'NONE', #1383, 1000.000000000000000 ) ;
#1825 = VECTOR ( 'NONE', #6499, 1000.000000000000000 ) ;
#1826 = DIRECTION ( 'NONE',  ( -1.000000000000000000, 0.000000000000000000, 0.000000000000000000 ) ) ;
#1827 = EDGE_LOOP ( 'NONE', ( #304, #1488, #542, #2728 ) ) ;
#1828 = AXIS2_PLACEMENT_3D ( 'NONE', #6232, #3081, #146 ) ;
#1829 = CIRCLE ( 'NONE', #4718, 2.199999999999979750 ) ;
#1830 = EDGE_CURVE ( 'NONE', #3200, #6058, #2254, .T. ) ;
#1831 = CARTESIAN_POINT ( 'NONE',  ( 218.0974276659458155, -0.07692307692306385447, -8.701999999999998181 ) ) ;
#1832 = ADVANCED_FACE ( 'NONE', ( #6165 ), #1708, .F. ) ;
#1833 = DIRECTION ( 'NONE',  ( -0.000000000000000000, -0.000000000000000000, -1.000000000000000000 ) ) ;
#1834 = ORIENTED_EDGE ( 'NONE', *, *, #4134, .F. ) ;
#1835 = CYLINDRICAL_SURFACE ( 'NONE', #134, 1.099999999999989875 ) ;
#1836 = ORIENTED_EDGE ( 'NONE', *, *, #4052, .F. ) ;
#1837 = ORIENTED_EDGE ( 'NONE', *, *, #3031, .F. ) ;
#1838 = DIRECTION ( 'NONE',  ( 0.000000000000000000, 0.000000000000000000, 1.000000000000000000 ) ) ;
#1839 = CARTESIAN_POINT ( 'NONE',  ( 13.59291338582668551, -5.001000000000047407, -0.7525196850389813674 ) ) ;
#1840 = DIRECTION ( 'NONE',  ( -1.000000000000000000, 0.000000000000000000, 0.000000000000000000 ) ) ;
#1841 = LINE ( 'NONE', #380, #156 ) ;
#1842 = DIRECTION ( 'NONE',  ( -1.000000000000000000, -9.427844978134817735E-17, -2.725784001906750461E-32 ) ) ;
#1843 = ORIENTED_EDGE ( 'NONE', *, *, #1167, .T. ) ;
#1844 = EDGE_CURVE ( 'NONE', #6387, #5466, #6201, .T. ) ;
#1845 = CARTESIAN_POINT ( 'NONE',  ( 217.6000000000000227, -1.999999999999988010, -0.9000000000000010214 ) ) ;
#1846 = ADVANCED_FACE ( 'NONE', ( #2909 ), #5144, .F. ) ;
#1847 = VECTOR ( 'NONE', #1271, 1000.000000000000000 ) ;
#1848 = CARTESIAN_POINT ( 'NONE',  ( 106.0000000000000142, 117.7000000000000028, -8.199999999999935341 ) ) ;
#1849 = LINE ( 'NONE', #2310, #4849 ) ;
#1850 = CARTESIAN_POINT ( 'NONE',  ( 216.5000000000000568, 115.5000000000000000, 6.300000000000110845 ) ) ;
#1851 = LINE ( 'NONE', #3415, #5149 ) ;
#1852 = ORIENTED_EDGE ( 'NONE', *, *, #5038, .F. ) ;
#1853 = CIRCLE ( 'NONE', #5591, 1.099999999999989875 ) ;
#1854 = VERTEX_POINT ( 'NONE', #2341 ) ;
#1855 = CARTESIAN_POINT ( 'NONE',  ( 299.5246314388494966, 96.86036637357381096, -7.409409070676683307 ) ) ;
#1856 = VECTOR ( 'NONE', #5949, 1000.000000000000000 ) ;
#1857 = FACE_OUTER_BOUND ( 'NONE', #2489, .T. ) ;
#1858 = CARTESIAN_POINT ( 'NONE',  ( 28.99999999999999645, 95.36678485964283425, -6.200000000000000178 ) ) ;
#1859 = FACE_OUTER_BOUND ( 'NONE', #2798, .T. ) ;
#1860 = DIRECTION ( 'NONE',  ( -0.7071067811865539010, 2.044391222244478390E-16, 0.7071067811865411334 ) ) ;
#1861 = AXIS2_PLACEMENT_3D ( 'NONE', #2149, #1120, #2217 ) ;
#1862 = CARTESIAN_POINT ( 'NONE',  ( 324.9999999999999432, 96.52710814585788057, -7.857175068121859951 ) ) ;
#1863 = VERTEX_POINT ( 'NONE', #1285 ) ;
#1864 = CARTESIAN_POINT ( 'NONE',  ( -1.999999999999985345, 115.5000000000000000, -8.199999999999935341 ) ) ;
#1865 = CIRCLE ( 'NONE', #2699, 3.400000000000007017 ) ;
#1866 = AXIS2_PLACEMENT_3D ( 'NONE', #5511, #2429, #6014 ) ;
#1867 = CARTESIAN_POINT ( 'NONE',  ( 23.00000000000000711, 96.05168500005940757, -5.979269383573917018 ) ) ;
#1868 = ORIENTED_EDGE ( 'NONE', *, *, #3031, .T. ) ;
#1869 = CARTESIAN_POINT ( 'NONE',  ( 323.8863030889745005, 98.47760369411034276, -7.960094833221146082 ) ) ;
#1870 = ORIENTED_EDGE ( 'NONE', *, *, #1060, .F. ) ;
#1871 = AXIS2_PLACEMENT_3D ( 'NONE', #3529, #3061, #5574 ) ;
#1872 = ORIENTED_EDGE ( 'NONE', *, *, #6183, .F. ) ;
#1873 = ADVANCED_FACE ( 'NONE', ( #4319 ), #5928, .F. ) ;
#1874 = DIRECTION ( 'NONE',  ( -8.669448491322606775E-17, 0.7071067811865532349, 0.7071067811865417996 ) ) ;
#1875 = CARTESIAN_POINT ( 'NONE',  ( 23.90398314678561320, 83.00000000000000000, -2.500000000000000000 ) ) ;
#1876 = VECTOR ( 'NONE', #5872, 1000.000000000000000 ) ;
#1877 = DIRECTION ( 'NONE',  ( 0.000000000000000000, 1.000000000000000000, 0.000000000000000000 ) ) ;
#1878 = CARTESIAN_POINT ( 'NONE',  ( 324.1414644751084779, 96.54249236641884124, -4.477166708829352082 ) ) ;
#1879 = CARTESIAN_POINT ( 'NONE',  ( -1.999999999999993561, 56.75000000000000000, -8.701999999999998181 ) ) ;
#1880 = ORIENTED_EDGE ( 'NONE', *, *, #737, .F. ) ;
#1881 = DIRECTION ( 'NONE',  ( -1.000000000000000000, 0.000000000000000000, 0.000000000000000000 ) ) ;
#1882 = CARTESIAN_POINT ( 'NONE',  ( 101.8466880685409706, -0.9999999999999874545, 6.299999999999999822 ) ) ;
#1883 = LINE ( 'NONE', #6434, #4002 ) ;
#1884 = CARTESIAN_POINT ( 'NONE',  ( 14.49291338582666633, 118.0000000000000711, 1.647480314961015324 ) ) ;
#1885 = DIRECTION ( 'NONE',  ( 0.000000000000000000, -1.000000000000000000, 0.000000000000000000 ) ) ;
#1886 = ORIENTED_EDGE ( 'NONE', *, *, #1887, .T. ) ;
#1887 = EDGE_CURVE ( 'NONE', #4900, #5601, #3107, .T. ) ;
#1888 = ORIENTED_EDGE ( 'NONE', *, *, #5146, .T. ) ;
#1889 = CARTESIAN_POINT ( 'NONE',  ( 299.8111222254225368, 97.59165096403943096, -7.532208824988461338 ) ) ;
#1890 = ORIENTED_EDGE ( 'NONE', *, *, #6021, .F. ) ;
#1891 = CARTESIAN_POINT ( 'NONE',  ( 323.4000000000000341, -2.000000000000001776, -2.500000000000000000 ) ) ;
#1892 = DIRECTION ( 'NONE',  ( 0.7468394258899795357, 0.3107459302851989791, 0.5879352334632719224 ) ) ;
#1893 = VECTOR ( 'NONE', #6242, 1000.000000000000000 ) ;
#1894 = LINE ( 'NONE', #3324, #3471 ) ;
#1895 = CARTESIAN_POINT ( 'NONE',  ( 218.7000000000000455, -1.999999999999987566, -1.999999999999999556 ) ) ;
#1896 = ORIENTED_EDGE ( 'NONE', *, *, #2687, .T. ) ;
#1897 = LINE ( 'NONE', #3733, #3829 ) ;
#1898 = VECTOR ( 'NONE', #4757, 1000.000000000000114 ) ;
#1899 = VERTEX_POINT ( 'NONE', #780 ) ;
#1900 = FACE_OUTER_BOUND ( 'NONE', #4200, .T. ) ;
#1901 = AXIS2_PLACEMENT_3D ( 'NONE', #4315, #3271, #6357 ) ;
#1902 = DIRECTION ( 'NONE',  ( 0.000000000000000000, 0.000000000000000000, -1.000000000000000000 ) ) ;
#1903 = ORIENTED_EDGE ( 'NONE', *, *, #3956, .F. ) ;
#1904 = DIRECTION ( 'NONE',  ( -1.000000000000000000, -1.252131230780251545E-16, 1.239088197126290817E-16 ) ) ;
#1905 = EDGE_CURVE ( 'NONE', #3754, #958, #3972, .T. ) ;
#1906 = ORIENTED_EDGE ( 'NONE', *, *, #1934, .F. ) ;
#1907 = ORIENTED_EDGE ( 'NONE', *, *, #1562, .F. ) ;
#1908 = CIRCLE ( 'NONE', #3907, 1.100000000000003642 ) ;
#1909 = LINE ( 'NONE', #3441, #4477 ) ;
#1910 = CARTESIAN_POINT ( 'NONE',  ( 14.49291338582666810, 98.84752415750148202, -1.852519685038983344 ) ) ;
#1911 = CARTESIAN_POINT ( 'NONE',  ( 7.492913385826665440, 118.0000000000000711, 1.647480314961016656 ) ) ;
#1912 = CARTESIAN_POINT ( 'NONE',  ( 324.4059516083469248, 96.42580368732231477, -5.433075270492425446 ) ) ;
#1913 = LINE ( 'NONE', #4017, #3875 ) ;
#1914 = ORIENTED_EDGE ( 'NONE', *, *, #178, .T. ) ;
#1915 = CARTESIAN_POINT ( 'NONE',  ( 327.0000000000000568, 83.00000000000000000, -2.500000000000000000 ) ) ;
#1916 = CARTESIAN_POINT ( 'NONE',  ( 106.0000000000000142, 113.3000000000000114, -8.199999999999935341 ) ) ;
#1917 = CARTESIAN_POINT ( 'NONE',  ( -5.000000000000000000, 115.5000000000000000, -8.200000000000043698 ) ) ;
#1918 = DIRECTION ( 'NONE',  ( -0.000000000000000000, -0.000000000000000000, -1.000000000000000000 ) ) ;
#1919 = LINE ( 'NONE', #5937, #3864 ) ;
#1920 = ORIENTED_EDGE ( 'NONE', *, *, #1273, .T. ) ;
#1921 = ADVANCED_FACE ( 'NONE', ( #3820 ), #1810, .F. ) ;
#1922 = ORIENTED_EDGE ( 'NONE', *, *, #6445, .T. ) ;
#1923 = CARTESIAN_POINT ( 'NONE',  ( 8.392913385826668460, 114.5000000000000000, -0.7525196850389802572 ) ) ;
#1924 = ORIENTED_EDGE ( 'NONE', *, *, #353, .T. ) ;
#1925 = CYLINDRICAL_SURFACE ( 'NONE', #3239, 3.000000000000000000 ) ;
#1926 = CARTESIAN_POINT ( 'NONE',  ( 3.000000000000000444, 52.59668806854095635, -1.000000000000000000 ) ) ;
#1927 = CARTESIAN_POINT ( 'NONE',  ( 44.09291338582636399, 56.99291438582643821, 6.301000000000110290 ) ) ;
#1928 = CARTESIAN_POINT ( 'NONE',  ( -4.500000000000060396, 83.52785265049415386, -7.171256905813307547 ) ) ;
#1929 = EDGE_CURVE ( 'NONE', #5731, #2666, #2803, .T. ) ;
#1930 = VERTEX_POINT ( 'NONE', #313 ) ;
#1931 = EDGE_CURVE ( 'NONE', #2775, #4865, #5864, .T. ) ;
#1932 = EDGE_CURVE ( 'NONE', #6053, #4553, #3306, .T. ) ;
#1933 = CONICAL_SURFACE ( 'NONE', #5664, 2.199999999999998401, 0.7853981633974483900 ) ;
#1934 = EDGE_CURVE ( 'NONE', #4711, #2067, #3006, .T. ) ;
#1935 = ORIENTED_EDGE ( 'NONE', *, *, #5257, .T. ) ;
#1936 = CYLINDRICAL_SURFACE ( 'NONE', #5814, 3.400000000000007017 ) ;
#1937 = VECTOR ( 'NONE', #498, 1000.000000000000114 ) ;
#1938 = CARTESIAN_POINT ( 'NONE',  ( 323.2617954331424244, 98.68315160340294767, -7.970940765456155930 ) ) ;
#1939 = ORIENTED_EDGE ( 'NONE', *, *, #5280, .T. ) ;
#1940 = VECTOR ( 'NONE', #4666, 1000.000000000000114 ) ;
#1941 = VERTEX_POINT ( 'NONE', #277 ) ;
#1942 = DIRECTION ( 'NONE',  ( -1.000000000000000000, 0.000000000000000000, 0.000000000000000000 ) ) ;
#1943 = FACE_OUTER_BOUND ( 'NONE', #1521, .T. ) ;
#1944 = LINE ( 'NONE', #3340, #901 ) ;
#1945 = FACE_OUTER_BOUND ( 'NONE', #4565, .T. ) ;
#1946 = ORIENTED_EDGE ( 'NONE', *, *, #4588, .F. ) ;
#1947 = AXIS2_PLACEMENT_3D ( 'NONE', #5211, #1665, #102 ) ;
#1948 = CYLINDRICAL_SURFACE ( 'NONE', #2850, 4.000000000000003553 ) ;
#1949 = DIRECTION ( 'NONE',  ( 0.000000000000000000, 1.000000000000000000, 0.000000000000000000 ) ) ;
#1950 = CARTESIAN_POINT ( 'NONE',  ( -1.981329496241784227, 96.74483045383203716, -7.192925419576017276 ) ) ;
#1951 = DIRECTION ( 'NONE',  ( 0.7071067811865376918, 0.7071067811865573427, -0.000000000000000000 ) ) ;
#1952 = LINE ( 'NONE', #6134, #6109 ) ;
#1953 = EDGE_LOOP ( 'NONE', ( #5132, #5779, #1495, #4883 ) ) ;
#1954 = VECTOR ( 'NONE', #4683, 1000.000000000000000 ) ;
#1955 = VERTEX_POINT ( 'NONE', #2305 ) ;
#1956 = CARTESIAN_POINT ( 'NONE',  ( 299.6100019830421957, 97.19256357887837794, -7.465195567265418219 ) ) ;
#1957 = VERTEX_POINT ( 'NONE', #1351 ) ;
#1958 = DIRECTION ( 'NONE',  ( -0.000000000000000000, 2.891205793294675861E-16, -1.000000000000000000 ) ) ;
#1959 = FACE_OUTER_BOUND ( 'NONE', #3041, .T. ) ;
#1960 = ADVANCED_FACE ( 'NONE', ( #4353 ), #3341, .T. ) ;
#1961 = DIRECTION ( 'NONE',  ( -0.000000000000000000, -0.000000000000000000, 1.000000000000000000 ) ) ;
#1962 = PLANE ( 'NONE',  #5464 ) ;
#1963 = ORIENTED_EDGE ( 'NONE', *, *, #5353, .F. ) ;
#1964 = VECTOR ( 'NONE', #445, 1000.000000000000114 ) ;
#1965 = ORIENTED_EDGE ( 'NONE', *, *, #94, .F. ) ;
#1966 = CARTESIAN_POINT ( 'NONE',  ( 324.2727972281352891, 97.45461285241906069, -7.509202510295726718 ) ) ;
#1967 = EDGE_CURVE ( 'NONE', #620, #4918, #5389, .T. ) ;
#1968 = CIRCLE ( 'NONE', #2927, 4.000000000000003553 ) ;
#1969 = EDGE_CURVE ( 'NONE', #5247, #5799, #4891, .T. ) ;
#1970 = EDGE_CURVE ( 'NONE', #4729, #2880, #848, .T. ) ;
#1971 = EDGE_CURVE ( 'NONE', #734, #3974, #2774, .T. ) ;
#1972 = CARTESIAN_POINT ( 'NONE',  ( -1.999999999999985345, 115.5000000000000000, -8.199999999999935341 ) ) ;
#1973 = ORIENTED_EDGE ( 'NONE', *, *, #2421, .T. ) ;
#1974 = ORIENTED_EDGE ( 'NONE', *, *, #178, .F. ) ;
#1975 = FACE_OUTER_BOUND ( 'NONE', #5620, .T. ) ;
#1976 = DIRECTION ( 'NONE',  ( 0.000000000000000000, 0.000000000000000000, 1.000000000000000000 ) ) ;
#1977 = CARTESIAN_POINT ( 'NONE',  ( 299.5000000000000000, 80.99449987500624104, -6.536886543326278165 ) ) ;
#1978 = LINE ( 'NONE', #4586, #2472 ) ;
#1979 = EDGE_LOOP ( 'NONE', ( #4980, #882 ) ) ;
#1980 = LINE ( 'NONE', #3650, #2642 ) ;
#1981 = DIRECTION ( 'NONE',  ( -1.000000000000000000, 0.000000000000000000, 0.000000000000000000 ) ) ;
#1982 = CARTESIAN_POINT ( 'NONE',  ( 326.6999999999999886, 56.75000000000000000, -2.500000000000003553 ) ) ;
#1983 = CARTESIAN_POINT ( 'NONE',  ( -1.999999999999993561, 56.75000000000002132, -2.500000000000000000 ) ) ;
#1984 = DIRECTION ( 'NONE',  ( 0.000000000000000000, 0.000000000000000000, 1.000000000000000000 ) ) ;
#1985 = ORIENTED_EDGE ( 'NONE', *, *, #5268, .F. ) ;
#1986 = ORIENTED_EDGE ( 'NONE', *, *, #5613, .F. ) ;
#1987 = CARTESIAN_POINT ( 'NONE',  ( 24.99999999999999645, 99.36678485964284846, -39.80080654514613059 ) ) ;
#1988 = ORIENTED_EDGE ( 'NONE', *, *, #4433, .F. ) ;
#1989 = CARTESIAN_POINT ( 'NONE',  ( 324.5000000000000000, 113.3000000000000256, -8.699999999999935341 ) ) ;
#1990 = CARTESIAN_POINT ( 'NONE',  ( -1.000000000000000000, 110.5000000000000000, 6.299999999999999822 ) ) ;
#1991 = CARTESIAN_POINT ( 'NONE',  ( 289.5000000000000000, 84.49999999999995737, -6.200000000000000178 ) ) ;
#1992 = DIRECTION ( 'NONE',  ( 1.000000000000000000, 0.000000000000000000, 0.000000000000000000 ) ) ;
#1993 = B_SPLINE_CURVE_WITH_KNOTS ( 'NONE', 3,
 ( #1308, #1203, #2334, #4379 ),
 .UNSPECIFIED., .F., .F.,
 ( 4, 4 ),
 ( 0.000000000000000000, 1.000000000000000000 ),
 .UNSPECIFIED. ) ;
#1994 = ORIENTED_EDGE ( 'NONE', *, *, #3579, .F. ) ;
#1995 = CIRCLE ( 'NONE', #2308, 2.200000000000000178 ) ;
#1996 = CARTESIAN_POINT ( 'NONE',  ( 324.4185782078316151, 97.10877916437152635, -7.451110362800281273 ) ) ;
#1997 = EDGE_CURVE ( 'NONE', #136, #4865, #2276, .T. ) ;
#1998 = VECTOR ( 'NONE', #2072, 1000.000000000000000 ) ;
#1999 = DIRECTION ( 'NONE',  ( -0.000000000000000000, 2.891205793294675861E-16, -1.000000000000000000 ) ) ;
#2000 = VERTEX_POINT ( 'NONE', #5455 ) ;
#2001 = ORIENTED_EDGE ( 'NONE', *, *, #294, .F. ) ;
#2002 = AXIS2_PLACEMENT_3D ( 'NONE', #5843, #4265, #6281 ) ;
#2003 = DIRECTION ( 'NONE',  ( -1.000000000000000000, -0.000000000000000000, -0.000000000000000000 ) ) ;
#2004 = LINE ( 'NONE', #6565, #3858 ) ;
#2005 = AXIS2_PLACEMENT_3D ( 'NONE', #2359, #1371, #5750 ) ;
#2006 = CARTESIAN_POINT ( 'NONE',  ( 327.0000000000000568, 83.00000000000000000, 0.000000000000000000 ) ) ;
#2007 = VERTEX_POINT ( 'NONE', #6333 ) ;
#2008 = EDGE_CURVE ( 'NONE', #6421, #3049, #3786, .T. ) ;
#2009 = DIRECTION ( 'NONE',  ( 0.000000000000000000, 0.000000000000000000, 1.000000000000000000 ) ) ;
#2010 = ADVANCED_FACE ( 'NONE', ( #3479 ), #509, .F. ) ;
#2011 = LINE ( 'NONE', #2041, #2432 ) ;
#2012 = LINE ( 'NONE', #4626, #5458 ) ;
#2013 = DIRECTION ( 'NONE',  ( 0.000000000000000000, 1.000000000000000000, 0.000000000000000000 ) ) ;
#2014 = CARTESIAN_POINT ( 'NONE',  ( 324.5000000000000000, 94.97012234149306664, -3.007700401437592763 ) ) ;
#2015 = ORIENTED_EDGE ( 'NONE', *, *, #6255, .F. ) ;
#2016 = ADVANCED_FACE ( 'NONE', ( #4047 ), #382, .F. ) ;
#2017 = ORIENTED_EDGE ( 'NONE', *, *, #5970, .F. ) ;
#2018 = FACE_OUTER_BOUND ( 'NONE', #6052, .T. ) ;
#2019 = ORIENTED_EDGE ( 'NONE', *, *, #6551, .F. ) ;
#2020 = DIRECTION ( 'NONE',  ( -1.000000000000000000, -0.000000000000000000, -0.000000000000000000 ) ) ;
#2021 = DIRECTION ( 'NONE',  ( 1.000000000000000000, 0.000000000000000000, 0.000000000000000000 ) ) ;
#2022 = CARTESIAN_POINT ( 'NONE',  ( 324.9999999999999432, 83.52785265049415386, -7.171256905813307547 ) ) ;
#2023 = CARTESIAN_POINT ( 'NONE',  ( 105.9999999999999858, 115.5000000000000142, 6.299999999999999822 ) ) ;
#2024 = VERTEX_POINT ( 'NONE', #3954 ) ;
#2025 = CARTESIAN_POINT ( 'NONE',  ( 323.3402872719610173, 98.21022785981668335, -7.636094040146387485 ) ) ;
#2026 = CARTESIAN_POINT ( 'NONE',  ( 47.49291338582636968, 56.99291438582643821, -2.500000000000000000 ) ) ;
#2027 = CARTESIAN_POINT ( 'NONE',  ( 324.7976656407849418, 97.48876096389389545, -7.907917599796955521 ) ) ;
#2028 = EDGE_CURVE ( 'NONE', #4884, #2943, #6095, .T. ) ;
#2029 = ORIENTED_EDGE ( 'NONE', *, *, #2706, .F. ) ;
#2030 = EDGE_LOOP ( 'NONE', ( #4841, #3298, #5652, #1536 ) ) ;
#2031 = AXIS2_PLACEMENT_3D ( 'NONE', #2578, #3552, #4594 ) ;
#2032 = CARTESIAN_POINT ( 'NONE',  ( 212.3466880685409706, 114.5000000000000284, 6.299999999999999822 ) ) ;
#2033 = ADVANCED_FACE ( 'NONE', ( #5995 ), #3577, .F. ) ;
#2034 = DIRECTION ( 'NONE',  ( -1.000000000000000000, 0.000000000000000000, 0.000000000000000000 ) ) ;
#2035 = VERTEX_POINT ( 'NONE', #1412 ) ;
#2036 = CIRCLE ( 'NONE', #3752, 2.199999999999993516 ) ;
#2037 = CYLINDRICAL_SURFACE ( 'NONE', #5006, 4.000000000000000000 ) ;
#2038 = AXIS2_PLACEMENT_3D ( 'NONE', #2464, #1370, #4508 ) ;
#2039 = ORIENTED_EDGE ( 'NONE', *, *, #4009, .T. ) ;
#2040 = CIRCLE ( 'NONE', #4717, 2.200000000000000622 ) ;
#2041 = CARTESIAN_POINT ( 'NONE',  ( 323.5000000000000000, 103.3667848596428485, -1.000000000000000000 ) ) ;
#2042 = DIRECTION ( 'NONE',  ( -1.000000000000000000, 0.000000000000000000, 0.000000000000000000 ) ) ;
#2043 = DIRECTION ( 'NONE',  ( 1.000000000000000000, 1.283000413665435261E-16, -1.876503760071064077E-16 ) ) ;
#2044 = VECTOR ( 'NONE', #707, 1000.000000000000000 ) ;
#2045 = EDGE_CURVE ( 'NONE', #1341, #3158, #1421, .T. ) ;
#2046 = CARTESIAN_POINT ( 'NONE',  ( 299.8818559000635560, 96.39234875726262430, -3.991790908108114877 ) ) ;
#2047 = EDGE_LOOP ( 'NONE', ( #4901, #4039, #6286, #152 ) ) ;
#2048 = ADVANCED_FACE ( 'NONE', ( #3045 ), #2977, .F. ) ;
#2049 = ORIENTED_EDGE ( 'NONE', *, *, #1721, .F. ) ;
#2050 = PLANE ( 'NONE',  #3759 ) ;
#2051 = ORIENTED_EDGE ( 'NONE', *, *, #5939, .F. ) ;
#2052 = PLANE ( 'NONE',  #3997 ) ;
#2053 = CARTESIAN_POINT ( 'NONE',  ( 323.5000000000000000, 110.5000000000000426, -6.199999999999997513 ) ) ;
#2054 = CARTESIAN_POINT ( 'NONE',  ( 13.59291338582666953, 115.1000000000000085, -0.7525196850389813674 ) ) ;
#2055 = CARTESIAN_POINT ( 'NONE',  ( 324.5000000000000000, 56.75000000000000000, -2.500000000000000000 ) ) ;
#2056 = VECTOR ( 'NONE', #2763, 1000.000000000000000 ) ;
#2057 = ORIENTED_EDGE ( 'NONE', *, *, #4012, .F. ) ;
#2058 = CARTESIAN_POINT ( 'NONE',  ( 323.4816871706313464, 98.16455222079726184, -7.628419448679079728 ) ) ;
#2059 = DIRECTION ( 'NONE',  ( -1.000000000000000000, 0.000000000000000000, 0.000000000000000000 ) ) ;
#2060 = VECTOR ( 'NONE', #2951, 1000.000000000000000 ) ;
#2061 = CARTESIAN_POINT ( 'NONE',  ( 324.9999999999999432, 96.52710814585785215, -7.857175068121863504 ) ) ;
#2062 = ORIENTED_EDGE ( 'NONE', *, *, #4623, .F. ) ;
#2063 = VERTEX_POINT ( 'NONE', #4526 ) ;
#2064 = AXIS2_PLACEMENT_3D ( 'NONE', #4302, #4171, #3287 ) ;
#2065 = DIRECTION ( 'NONE',  ( -1.000000000000000000, 0.000000000000000000, 0.000000000000000000 ) ) ;
#2066 = DIRECTION ( 'NONE',  ( -0.000000000000000000, -0.000000000000000000, -1.000000000000000000 ) ) ;
#2067 = VERTEX_POINT ( 'NONE', #1504 ) ;
#2068 = AXIS2_PLACEMENT_3D ( 'NONE', #1792, #3830, #4407 ) ;
#2069 = PLANE ( 'NONE',  #6178 ) ;
#2070 = EDGE_LOOP ( 'NONE', ( #2521, #6353 ) ) ;
#2071 = EDGE_CURVE ( 'NONE', #968, #4716, #5745, .T. ) ;
#2072 = DIRECTION ( 'NONE',  ( -0.000000000000000000, 0.000000000000000000, -1.000000000000000000 ) ) ;
#2073 = CARTESIAN_POINT ( 'NONE',  ( 3.000000000000000444, 60.90331193145905075, 6.299999999999999822 ) ) ;
#2074 = DIRECTION ( 'NONE',  ( 0.000000000000000000, -0.9396926207859070956, -0.3420201433256722101 ) ) ;
#2075 = DIRECTION ( 'NONE',  ( -1.000000000000000000, -0.000000000000000000, -0.000000000000000000 ) ) ;
#2076 = CARTESIAN_POINT ( 'NONE',  ( 323.5000000000000000, 60.90331193145909339, 6.299999999999999822 ) ) ;
#2077 = EDGE_LOOP ( 'NONE', ( #4192, #3751, #5542, #160 ) ) ;
#2078 = VECTOR ( 'NONE', #6312, 1000.000000000000114 ) ;
#2079 = ORIENTED_EDGE ( 'NONE', *, *, #5759, .F. ) ;
#2080 = DIRECTION ( 'NONE',  ( -0.000000000000000000, -0.000000000000000000, -1.000000000000000000 ) ) ;
#2081 = EDGE_LOOP ( 'NONE', ( #2544, #62, #1420 ) ) ;
#2082 = CIRCLE ( 'NONE', #4330, 2.500000000000002220 ) ;
#2083 = DIRECTION ( 'NONE',  ( 0.000000000000000000, 1.000000000000000000, 0.000000000000000000 ) ) ;
#2084 = DIRECTION ( 'NONE',  ( 1.000000000000000000, 1.222859769274868068E-16, 0.000000000000000000 ) ) ;
#2085 = CARTESIAN_POINT ( 'NONE',  ( -1.999999999999993561, 56.75000000000000000, -1.000000000000000000 ) ) ;
#2086 = LINE ( 'NONE', #4034, #2260 ) ;
#2087 = ORIENTED_EDGE ( 'NONE', *, *, #1235, .T. ) ;
#2088 = CARTESIAN_POINT ( 'NONE',  ( -5.000000000000000000, 115.5000000000000000, -1.000000000000000000 ) ) ;
#2089 = CARTESIAN_POINT ( 'NONE',  ( 0.000000000000000000, 0.000000000000000000, -2.500000000000000000 ) ) ;
#2090 = DIRECTION ( 'NONE',  ( -9.414747600456603028E-17, -0.9986107771491159468, 0.05269265377297461389 ) ) ;
#2091 = EDGE_LOOP ( 'NONE', ( #1470, #5694, #6515, #1446 ) ) ;
#2092 = AXIS2_PLACEMENT_3D ( 'NONE', #1884, #3989, #2347 ) ;
#2093 = ORIENTED_EDGE ( 'NONE', *, *, #1009, .F. ) ;
#2094 = CARTESIAN_POINT ( 'NONE',  ( 352.4716436477942807, 99.03767606109998667, -7.989647587904848969 ) ) ;
#2095 = AXIS2_PLACEMENT_3D ( 'NONE', #145, #6231, #4787 ) ;
#2096 = CARTESIAN_POINT ( 'NONE',  ( 106.0000000000000142, 113.2999999999999972, -8.699999999999935341 ) ) ;
#2097 = EDGE_LOOP ( 'NONE', ( #5817, #5322, #5807, #1131 ) ) ;
#2098 = CARTESIAN_POINT ( 'NONE',  ( 2.999999999999999556, 3.000000000000000444, -1.000000000000000000 ) ) ;
#2099 = ORIENTED_EDGE ( 'NONE', *, *, #1830, .T. ) ;
#2100 = AXIS2_PLACEMENT_3D ( 'NONE', #5272, #2820, #4804 ) ;
#2101 = AXIS2_PLACEMENT_3D ( 'NONE', #4081, #6127, #5682 ) ;
#2102 = DIRECTION ( 'NONE',  ( 0.000000000000000000, 0.000000000000000000, 1.000000000000000000 ) ) ;
#2103 = CARTESIAN_POINT ( 'NONE',  ( 106.0000000000000142, 115.5000000000000000, -8.699999999999935341 ) ) ;
#2104 = CYLINDRICAL_SURFACE ( 'NONE', #4708, 1.749999999999994671 ) ;
#2105 = FACE_OUTER_BOUND ( 'NONE', #956, .T. ) ;
#2106 = DIRECTION ( 'NONE',  ( 1.668003342285390565E-16, 2.088559077921379370E-32, 1.000000000000000000 ) ) ;
#2107 = ORIENTED_EDGE ( 'NONE', *, *, #4903, .F. ) ;
#2108 = AXIS2_PLACEMENT_3D ( 'NONE', #3323, #5339, #1227 ) ;
#2109 = VERTEX_POINT ( 'NONE', #5587 ) ;
#2110 = CARTESIAN_POINT ( 'NONE',  ( -1.251725554777634697, 97.99423064245631565, -7.510314008851746159 ) ) ;
#2111 = VERTEX_POINT ( 'NONE', #5021 ) ;
#2112 = AXIS2_PLACEMENT_3D ( 'NONE', #3906, #2166, #4874 ) ;
#2113 = EDGE_CURVE ( 'NONE', #5526, #3574, #6533, .T. ) ;
#2114 = CARTESIAN_POINT ( 'NONE',  ( -2.730474342353105932, 83.00000000000000000, -2.500000000000002220 ) ) ;
#2115 = LINE ( 'NONE', #4603, #1674 ) ;
#2116 = CARTESIAN_POINT ( 'NONE',  ( 324.5000000000000000, 115.5000000000000000, -8.699999999999931788 ) ) ;
#2117 = DIRECTION ( 'NONE',  ( 1.000000000000000000, 0.000000000000000000, 0.000000000000000000 ) ) ;
#2118 = ORIENTED_EDGE ( 'NONE', *, *, #5804, .F. ) ;
#2119 = CARTESIAN_POINT ( 'NONE',  ( 299.0000000000000568, 83.00000000000000000, 1.304015066512189728E-29 ) ) ;
#2120 = CARTESIAN_POINT ( 'NONE',  ( -1.000000000000000000, -1.000000000000000000, -1.000000000000000000 ) ) ;
#2121 = EDGE_CURVE ( 'NONE', #834, #3200, #1978, .T. ) ;
#2122 = CARTESIAN_POINT ( 'NONE',  ( 289.5000000000000000, 88.49999999999997158, -6.200000000000000178 ) ) ;
#2123 = EDGE_CURVE ( 'NONE', #3765, #2143, #1913, .T. ) ;
#2124 = EDGE_CURVE ( 'NONE', #6416, #2307, #5479, .T. ) ;
#2125 = ADVANCED_FACE ( 'NONE', ( #1945 ), #6125, .T. ) ;
#2126 = DIRECTION ( 'NONE',  ( -0.000000000000000000, -0.000000000000000000, -1.000000000000000000 ) ) ;
#2127 = ORIENTED_EDGE ( 'NONE', *, *, #5704, .F. ) ;
#2128 = ORIENTED_EDGE ( 'NONE', *, *, #1093, .T. ) ;
#2129 = DIRECTION ( 'NONE',  ( 0.000000000000000000, 1.000000000000000000, 0.000000000000000000 ) ) ;
#2130 = ORIENTED_EDGE ( 'NONE', *, *, #4835, .F. ) ;
#2131 = DIRECTION ( 'NONE',  ( -1.000000000000000000, 0.000000000000000000, 0.000000000000000000 ) ) ;
#2132 = EDGE_LOOP ( 'NONE', ( #4575, #458, #5713, #4599 ) ) ;
#2133 = VECTOR ( 'NONE', #2273, 1000.000000000000000 ) ;
#2134 = ORIENTED_EDGE ( 'NONE', *, *, #5530, .T. ) ;
#2135 = CARTESIAN_POINT ( 'NONE',  ( 22.80174770348991942, 97.34927712603634120, -7.346475964431554928 ) ) ;
#2136 = CARTESIAN_POINT ( 'NONE',  ( 301.0000000000000000, 98.69713966231904578, -7.971678858777683452 ) ) ;
#2137 = CARTESIAN_POINT ( 'NONE',  ( -1.578476736608717124, 97.69064074017228450, -7.433192544334403351 ) ) ;
#2138 = DIRECTION ( 'NONE',  ( 0.000000000000000000, 0.000000000000000000, 1.000000000000000000 ) ) ;
#2139 = EDGE_CURVE ( 'NONE', #5963, #1854, #1539, .T. ) ;
#2140 = CARTESIAN_POINT ( 'NONE',  ( 324.5000000000000000, 56.75000000000000000, -2.500000000000003553 ) ) ;
#2141 = ORIENTED_EDGE ( 'NONE', *, *, #2071, .T. ) ;
#2142 = CIRCLE ( 'NONE', #3537, 3.500000000000000000 ) ;
#2143 = VERTEX_POINT ( 'NONE', #973 ) ;
#2144 = ORIENTED_EDGE ( 'NONE', *, *, #6517, .F. ) ;
#2145 = AXIS2_PLACEMENT_3D ( 'NONE', #5754, #3148, #3206 ) ;
#2146 = CIRCLE ( 'NONE', #4823, 3.999999999999893419 ) ;
#2147 = AXIS2_PLACEMENT_3D ( 'NONE', #6559, #1404, #4552 ) ;
#2148 = CARTESIAN_POINT ( 'NONE',  ( 110.1533119314590152, 114.5000000000000142, -1.000000000000000000 ) ) ;
#2149 = CARTESIAN_POINT ( 'NONE',  ( 106.0000000000000142, 115.5000000000000000, -8.199999999999935341 ) ) ;
#2150 = DIRECTION ( 'NONE',  ( -1.000000000000000000, 0.000000000000000000, 0.000000000000000000 ) ) ;
#2151 = FACE_OUTER_BOUND ( 'NONE', #1780, .T. ) ;
#2152 = ORIENTED_EDGE ( 'NONE', *, *, #1035, .F. ) ;
#2153 = EDGE_CURVE ( 'NONE', #709, #2910, #3012, .T. ) ;
#2154 = CARTESIAN_POINT ( 'NONE',  ( 299.5000000000000000, 96.05168500005939336, -5.979269383573931229 ) ) ;
#2155 = CARTESIAN_POINT ( 'NONE',  ( 53.49291338582637678, 53.09291438582642542, -2.500000000000000000 ) ) ;
#2156 = CARTESIAN_POINT ( 'NONE',  ( 299.0128920329767652, 96.81116031634745411, -7.872163352862589392 ) ) ;
#2157 = VECTOR ( 'NONE', #5122, 1000.000000000000000 ) ;
#2158 = DIRECTION ( 'NONE',  ( 0.7071067811865536790, 8.659560562355008046E-17, -0.7071067811865414665 ) ) ;
#2159 = ORIENTED_EDGE ( 'NONE', *, *, #4100, .T. ) ;
#2160 = ORIENTED_EDGE ( 'NONE', *, *, #55, .T. ) ;
#2161 = EDGE_CURVE ( 'NONE', #5648, #104, #6599, .T. ) ;
#2162 = EDGE_CURVE ( 'NONE', #4113, #4443, #37, .T. ) ;
#2163 = VECTOR ( 'NONE', #3304, 1000.000000000000000 ) ;
#2164 = CARTESIAN_POINT ( 'NONE',  ( 106.0000000000000000, -1.999999999999974021, -1.999999999999999556 ) ) ;
#2165 = ORIENTED_EDGE ( 'NONE', *, *, #5353, .T. ) ;
#2166 = DIRECTION ( 'NONE',  ( 0.000000000000000000, 0.000000000000000000, 1.000000000000000000 ) ) ;
#2167 = EDGE_LOOP ( 'NONE', ( #2195, #322, #4184, #434 ) ) ;
#2168 = AXIS2_PLACEMENT_3D ( 'NONE', #665, #2689, #4742 ) ;
#2169 = ORIENTED_EDGE ( 'NONE', *, *, #4707, .T. ) ;
#2170 = CARTESIAN_POINT ( 'NONE',  ( 21.50000000000001776, 99.03767606110001509, -7.989647587904848969 ) ) ;
#2171 = DIRECTION ( 'NONE',  ( -1.000000000000000000, 0.000000000000000000, 0.000000000000000000 ) ) ;
#2172 = CARTESIAN_POINT ( 'NONE',  ( -1.488061085655513427, 97.79244606713875498, -7.459049216014448369 ) ) ;
#2173 = DIRECTION ( 'NONE',  ( -1.000000000000000000, -0.000000000000000000, -0.000000000000000000 ) ) ;
#2174 = FACE_OUTER_BOUND ( 'NONE', #1071, .T. ) ;
#2175 = ORIENTED_EDGE ( 'NONE', *, *, #3700, .T. ) ;
#2176 = CIRCLE ( 'NONE', #1434, 2.199999999999979750 ) ;
#2177 = ORIENTED_EDGE ( 'NONE', *, *, #5040, .T. ) ;
#2178 = ORIENTED_EDGE ( 'NONE', *, *, #1931, .F. ) ;
#2179 = CIRCLE ( 'NONE', #5930, 4.000000000000003553 ) ;
#2180 = DIRECTION ( 'NONE',  ( -0.000000000000000000, -0.000000000000000000, -1.000000000000000000 ) ) ;
#2181 = VECTOR ( 'NONE', #799, 1000.000000000000000 ) ;
#2182 = DIRECTION ( 'NONE',  ( 0.000000000000000000, 0.000000000000000000, 1.000000000000000000 ) ) ;
#2183 = CARTESIAN_POINT ( 'NONE',  ( 22.86795713274248953, 97.18967385921726532, -7.305929031090641956 ) ) ;
#2184 = CYLINDRICAL_SURFACE ( 'NONE', #6151, 4.000000000000003553 ) ;
#2185 = B_SPLINE_SURFACE_WITH_KNOTS ( 'NONE', 1, 3, ( 
 ( #1001, #3977, #5015, #409, #439, #2437, #4484, #3003, #2899, #6526, #1498, #3538, #6056, #2470, #6453, #4519, #4950, #504 ),
 ( #2504, #373, #1938, #5582, #3038, #1869, #2399, #3912, #3473, #5953, #4456, #6492, #2027, #5674, #3166, #570, #4679, #2061 ) ),
 .UNSPECIFIED., .F., .F., .F.,
 ( 2, 2 ),
 ( 4, 2, 2, 2, 2, 2, 2, 2, 4 ),
 ( 0.000000000000000000, 1.000000000000000000 ),
 ( 8.959022568878042837E-17, 0.1963495408493622085, 0.3926990816987243060, 0.5890486225480864313, 0.7853981633974485010, 0.9817477042468106818, 1.178097245096172863, 1.374446785945534932, 1.570796326794897002 ),
 .UNSPECIFIED. ) ;
#2186 = LINE ( 'NONE', #3256, #2189 ) ;
#2187 = AXIS2_PLACEMENT_3D ( 'NONE', #199, #4839, #731 ) ;
#2188 = VERTEX_POINT ( 'NONE', #3199 ) ;
#2189 = VECTOR ( 'NONE', #1754, 1000.000000000000000 ) ;
#2190 = CARTESIAN_POINT ( 'NONE',  ( -0.8999999999999936939, 56.75000000000002132, -0.9000000000000010214 ) ) ;
#2191 = CARTESIAN_POINT ( 'NONE',  ( -2.904004389456464441, 96.77142232011259182, -7.870066539444238174 ) ) ;
#2192 = CARTESIAN_POINT ( 'NONE',  ( 299.7800198076402012, 98.25251631113495421, -7.948217881949246610 ) ) ;
#2193 = DIRECTION ( 'NONE',  ( -0.000000000000000000, -0.000000000000000000, -1.000000000000000000 ) ) ;
#2194 = VERTEX_POINT ( 'NONE', #5679 ) ;
#2195 = ORIENTED_EDGE ( 'NONE', *, *, #1301, .F. ) ;
#2196 = EDGE_CURVE ( 'NONE', #4498, #383, #1098, .T. ) ;
#2197 = DIRECTION ( 'NONE',  ( 0.000000000000000000, 0.000000000000000000, 1.000000000000000000 ) ) ;
#2198 = VERTEX_POINT ( 'NONE', #6156 ) ;
#2199 = DIRECTION ( 'NONE',  ( 0.000000000000000000, 0.000000000000000000, 1.000000000000000000 ) ) ;
#2200 = VERTEX_POINT ( 'NONE', #5649 ) ;
#2201 = ORIENTED_EDGE ( 'NONE', *, *, #340, .T. ) ;
#2202 = VECTOR ( 'NONE', #3347, 1000.000000000000114 ) ;
#2203 = CARTESIAN_POINT ( 'NONE',  ( 23.41142484302300630, 98.02038998558984417, -7.935969514133247138 ) ) ;
#2204 = EDGE_CURVE ( 'NONE', #5866, #383, #5152, .T. ) ;
#2205 = LINE ( 'NONE', #648, #2892 ) ;
#2206 = CARTESIAN_POINT ( 'NONE',  ( 53.49291338582637678, 56.99291438582643821, -1.000000000000000000 ) ) ;
#2207 = CARTESIAN_POINT ( 'NONE',  ( 297.5000000000000000, 95.36678485964283425, -6.199999999999997513 ) ) ;
#2208 = EDGE_CURVE ( 'NONE', #5349, #5823, #1320, .T. ) ;
#2209 = CARTESIAN_POINT ( 'NONE',  ( 14.49291338582666810, 98.84752415750148202, 5.147480314961017100 ) ) ;
#2210 = ORIENTED_EDGE ( 'NONE', *, *, #3060, .T. ) ;
#2211 = EDGE_CURVE ( 'NONE', #706, #1899, #1168, .T. ) ;
#2212 = EDGE_CURVE ( 'NONE', #6160, #3724, #2266, .T. ) ;
#2213 = VERTEX_POINT ( 'NONE', #2096 ) ;
#2214 = CIRCLE ( 'NONE', #6279, 2.200000000000007283 ) ;
#2215 = ORIENTED_EDGE ( 'NONE', *, *, #5594, .F. ) ;
#2216 = DIRECTION ( 'NONE',  ( -1.000000000000000000, -1.283000413665435261E-16, 1.239088197126290817E-16 ) ) ;
#2217 = DIRECTION ( 'NONE',  ( 0.000000000000000000, 1.000000000000000000, 0.000000000000000000 ) ) ;
#2218 = DIRECTION ( 'NONE',  ( -1.000000000000000000, 0.000000000000000000, 0.000000000000000000 ) ) ;
#2219 = VECTOR ( 'NONE', #1694, 1000.000000000000000 ) ;
#2220 = CARTESIAN_POINT ( 'NONE',  ( -5.000000000000000000, -2.000000000000000444, -2.000000000000047073 ) ) ;
#2221 = EDGE_CURVE ( 'NONE', #3140, #2439, #4147, .T. ) ;
#2222 = CARTESIAN_POINT ( 'NONE',  ( 106.0000000000000142, 116.5999999999999943, 6.300000000000110845 ) ) ;
#2223 = VERTEX_POINT ( 'NONE', #2700 ) ;
#2224 = CARTESIAN_POINT ( 'NONE',  ( 324.4913936514780062, 96.73536024332760519, -7.388416915116601480 ) ) ;
#2225 = LINE ( 'NONE', #3288, #5538 ) ;
#2226 = DIRECTION ( 'NONE',  ( -1.000000000000000000, 0.000000000000000000, 0.000000000000000000 ) ) ;
#2227 = CARTESIAN_POINT ( 'NONE',  ( 300.1136969110254995, 98.47760369411034276, -7.960094833221146082 ) ) ;
#2228 = ORIENTED_EDGE ( 'NONE', *, *, #4091, .T. ) ;
#2229 = ORIENTED_EDGE ( 'NONE', *, *, #3805, .F. ) ;
#2230 = CARTESIAN_POINT ( 'NONE',  ( 23.00000000000000711, 95.13949849275476822, -3.023642366529605052 ) ) ;
#2231 = ORIENTED_EDGE ( 'NONE', *, *, #3154, .T. ) ;
#2232 = DIRECTION ( 'NONE',  ( 0.000000000000000000, 0.000000000000000000, 1.000000000000000000 ) ) ;
#2233 = ORIENTED_EDGE ( 'NONE', *, *, #1277, .T. ) ;
#2234 = ORIENTED_EDGE ( 'NONE', *, *, #4091, .F. ) ;
#2235 = ADVANCED_FACE ( 'NONE', ( #4179 ), #891, .F. ) ;
#2236 = CARTESIAN_POINT ( 'NONE',  ( 23.00000000000000711, 96.46780709592847813, -7.122555445710291089 ) ) ;
#2237 = DIRECTION ( 'NONE',  ( -0.000000000000000000, -0.000000000000000000, -1.000000000000000000 ) ) ;
#2238 = DIRECTION ( 'NONE',  ( -0.000000000000000000, 2.891205793294675861E-16, -1.000000000000000000 ) ) ;
#2239 = DIRECTION ( 'NONE',  ( -0.5773502691896172934, 0.5773502691896332806, 0.5773502691896267303 ) ) ;
#2240 = DIRECTION ( 'NONE',  ( -1.000000000000000000, 0.000000000000000000, 0.000000000000000000 ) ) ;
#2241 = ORIENTED_EDGE ( 'NONE', *, *, #5434, .F. ) ;
#2242 = ORIENTED_EDGE ( 'NONE', *, *, #4083, .F. ) ;
#2243 = AXIS2_PLACEMENT_3D ( 'NONE', #3656, #4789, #4118 ) ;
#2244 = EDGE_CURVE ( 'NONE', #3101, #4918, #2490, .T. ) ;
#2245 = EDGE_CURVE ( 'NONE', #4443, #16, #3646, .T. ) ;
#2246 = CARTESIAN_POINT ( 'NONE',  ( 322.5769230769230944, 55.15257233405421289, -8.701999999999998181 ) ) ;
#2247 = DIRECTION ( 'NONE',  ( 0.000000000000000000, 1.000000000000000000, 0.000000000000000000 ) ) ;
#2248 = CARTESIAN_POINT ( 'NONE',  ( 22.31350213585908548, 97.94582836065468712, -7.498018021852265846 ) ) ;
#2249 = CIRCLE ( 'NONE', #5775, 4.000000000000003553 ) ;
#2250 = EDGE_CURVE ( 'NONE', #2465, #3049, #450, .T. ) ;
#2251 = CARTESIAN_POINT ( 'NONE',  ( 103.7999999999999972, -1.999999999999974021, -2.500000000000000000 ) ) ;
#2252 = B_SPLINE_CURVE_WITH_KNOTS ( 'NONE', 3,
 ( #630, #1123, #3162, #5702, #1626, #2656, #5202, #4702, #3457, #5507, #4934, #6478, #3965, #1855, #2454, #2881, #1328, #4402, #4502, #3385, #6548, #5905, #1956, #360, #5973, #3994, #2385, #5436, #924, #825, #4442, #6043, #1889, #858, #2423, #2849, #4969, #1393, #2815, #3931, #3418, #5468, #6440, #3353, #4474, #428, #2351, #2920, #893, #3319 ),
 .UNSPECIFIED., .F., .F.,
 ( 4, 2, 1, 1, 2, 2, 2, 1, 2, 2, 2, 1, 1, 2, 2, 2, 1, 2, 2, 2, 2, 2, 2, 2, 2, 2, 2, 4 ),
 ( 0.000000000000000000, 0.03124999999994580030, 0.04687499999991870392, 0.05468749999990505511, 0.05859374999990830252, 0.06249999999991155686, 0.09374999999995781153, 0.1093749999999884953, 0.1171874999999958644, 0.1250000000000032474, 0.1875000000000395795, 0.2187500000000502931, 0.2343750000000556222, 0.2421875000000503486, 0.2500000000000450751, 0.3124999999999012457, 0.3437499999998364641, 0.3593749999998039901, 0.3749999999997714606, 0.4374999999997030709, 0.4687499999996688760, 0.4999999999996347366, 0.5624999999995783373, 0.5937499999995742295, 0.6249999999995702327, 0.6874999999996249667, 0.7499999999996795896, 1.000000000000000000 ),
 .UNSPECIFIED. ) ;
#2253 = CARTESIAN_POINT ( 'NONE',  ( 297.5000000000000000, 95.36678485964283425, -1.000000000000000888 ) ) ;
#2254 = CIRCLE ( 'NONE', #3426, 1.099999999999989875 ) ;
#2255 = AXIS2_PLACEMENT_3D ( 'NONE', #3545, #416, #5709 ) ;
#2256 = CARTESIAN_POINT ( 'NONE',  ( -2.000000000000001776, -1.999999999999960920, 6.299999999999999822 ) ) ;
#2257 = CARTESIAN_POINT ( 'NONE',  ( 7.492913385826665440, 118.0000000000000711, 1.647480314961016656 ) ) ;
#2258 = CARTESIAN_POINT ( 'NONE',  ( 3.000000000000000444, 60.90331193145905075, -8.701999999999998181 ) ) ;
#2259 = CARTESIAN_POINT ( 'NONE',  ( 299.5766106330610228, 97.10128019346143446, -7.449866620140181084 ) ) ;
#2260 = VECTOR ( 'NONE', #4671, 1000.000000000000000 ) ;
#2261 = APPLICATION_PROTOCOL_DEFINITION ( 'draft international standard', 'automotive_design', 1998, #2727 ) ;
#2262 = ORIENTED_EDGE ( 'NONE', *, *, #4069, .T. ) ;
#2263 = EDGE_LOOP ( 'NONE', ( #6335, #3185 ) ) ;
#2264 = CARTESIAN_POINT ( 'NONE',  ( 220.6533119314590294, 3.000000000000027089, 6.299999999999999822 ) ) ;
#2265 = EDGE_LOOP ( 'NONE', ( #1606, #3020, #1392, #1250 ) ) ;
#2266 = CIRCLE ( 'NONE', #143, 2.500000000000002220 ) ;
#2267 = CARTESIAN_POINT ( 'NONE',  ( 327.5000000000000000, 115.5000000000000426, -8.200000000000043698 ) ) ;
#2268 = ORIENTED_EDGE ( 'NONE', *, *, #2527, .T. ) ;
#2269 = EDGE_CURVE ( 'NONE', #2732, #3046, #3710, .T. ) ;
#2270 = ORIENTED_EDGE ( 'NONE', *, *, #621, .F. ) ;
#2271 = PLANE ( 'NONE',  #2095 ) ;
#2272 = DIRECTION ( 'NONE',  ( -1.000000000000000000, 0.000000000000000000, 1.876503760071064077E-16 ) ) ;
#2273 = DIRECTION ( 'NONE',  ( -1.274053505894528010E-16, 0.7071067811865470176, -0.7071067811865481278 ) ) ;
#2274 = FACE_OUTER_BOUND ( 'NONE', #6292, .T. ) ;
#2275 = EDGE_CURVE ( 'NONE', #5866, #177, #996, .T. ) ;
#2276 = LINE ( 'NONE', #3919, #1824 ) ;
#2277 = ORIENTED_EDGE ( 'NONE', *, *, #5684, .T. ) ;
#2278 = AXIS2_PLACEMENT_3D ( 'NONE', #5473, #2289, #3968 ) ;
#2279 = EDGE_LOOP ( 'NONE', ( #1044, #6546, #4722, #2499, #4630 ) ) ;
#2280 = AXIS2_PLACEMENT_3D ( 'NONE', #2338, #3847, #2868 ) ;
#2281 = CARTESIAN_POINT ( 'NONE',  ( 23.00000000000000711, 96.46780709592523806, -7.122555445701422627 ) ) ;
#2282 = CARTESIAN_POINT ( 'NONE',  ( 101.8466880685410274, 114.5000000000000142, -6.200000000000000178 ) ) ;
#2283 = AXIS2_PLACEMENT_3D ( 'NONE', #1714, #4259, #120 ) ;
#2284 = CARTESIAN_POINT ( 'NONE',  ( 22.99209917387123170, 96.64814056917101937, -7.168365435019492082 ) ) ;
#2285 = DIRECTION ( 'NONE',  ( -1.252131230780251791E-16, 1.000000000000000000, -0.000000000000000000 ) ) ;
#2286 = ADVANCED_FACE ( 'NONE', ( #2568 ), #5906, .F. ) ;
#2287 = DIRECTION ( 'NONE',  ( -0.000000000000000000, -0.000000000000000000, -1.000000000000000000 ) ) ;
#2288 = CIRCLE ( 'NONE', #594, 2.399999999999999467 ) ;
#2289 = DIRECTION ( 'NONE',  ( -0.000000000000000000, -0.000000000000000000, -1.000000000000000000 ) ) ;
#2290 = CYLINDRICAL_SURFACE ( 'NONE', #4356, 1.099999999999998535 ) ;
#2291 = CARTESIAN_POINT ( 'NONE',  ( 323.5000000000000000, 99.36678485964284846, -39.80080654514615901 ) ) ;
#2292 = CARTESIAN_POINT ( 'NONE',  ( 301.0000000000000000, 98.69713966231900315, -7.971678858777685228 ) ) ;
#2293 = AXIS2_PLACEMENT_3D ( 'NONE', #6530, #2003, #4955 ) ;
#2294 = ORIENTED_EDGE ( 'NONE', *, *, #2482, .T. ) ;
#2295 = CARTESIAN_POINT ( 'NONE',  ( 22.61792470491177909, 96.39344956272226739, -3.994098162472953906 ) ) ;
#2296 = VERTEX_POINT ( 'NONE', #1638 ) ;
#2297 = EDGE_CURVE ( 'NONE', #3145, #521, #3681, .T. ) ;
#2298 = CARTESIAN_POINT ( 'NONE',  ( 327.5000000000000000, 94.80613420518679391, -6.500000000000004441 ) ) ;
#2299 = EDGE_LOOP ( 'NONE', ( #3567, #2845, #3064, #5487 ) ) ;
#2300 = ORIENTED_EDGE ( 'NONE', *, *, #1391, .F. ) ;
#2301 = CARTESIAN_POINT ( 'NONE',  ( 324.5000000000000000, 56.75000000000000000, -2.500000000000000000 ) ) ;
#2302 = CARTESIAN_POINT ( 'NONE',  ( 324.5000000000000000, 115.5000000000000000, -8.699999999999931788 ) ) ;
#2303 = LINE ( 'NONE', #4317, #2133 ) ;
#2304 = FACE_BOUND ( 'NONE', #3404, .T. ) ;
#2305 = CARTESIAN_POINT ( 'NONE',  ( -3.099999999999991651, 56.75000000000002132, 6.299999999999999822 ) ) ;
#2306 = VERTEX_POINT ( 'NONE', #4211 ) ;
#2307 = VERTEX_POINT ( 'NONE', #4651 ) ;
#2308 = AXIS2_PLACEMENT_3D ( 'NONE', #5168, #57, #2150 ) ;
#2309 = CARTESIAN_POINT ( 'NONE',  ( -5.000000000000000000, 83.49999999999995737, -6.669091656304667382 ) ) ;
#2310 = CARTESIAN_POINT ( 'NONE',  ( 216.5000000000000568, 113.2999999999999972, -8.199999999999935341 ) ) ;
#2311 = CARTESIAN_POINT ( 'NONE',  ( 22.37306177687007036, 97.89916356823364652, -7.486164681158749445 ) ) ;
#2312 = CARTESIAN_POINT ( 'NONE',  ( 13.59291338582668551, -5.001000000000047407, -0.7525196850389813674 ) ) ;
#2313 = ORIENTED_EDGE ( 'NONE', *, *, #2697, .T. ) ;
#2314 = VECTOR ( 'NONE', #5593, 1000.000000000000000 ) ;
#2315 = DIRECTION ( 'NONE',  ( 1.000000000000000000, 0.000000000000000000, 0.000000000000000000 ) ) ;
#2316 = DIRECTION ( 'NONE',  ( -1.000000000000000000, 0.000000000000000000, 0.000000000000000000 ) ) ;
#2317 = EDGE_CURVE ( 'NONE', #2194, #620, #5044, .T. ) ;
#2318 = ADVANCED_FACE ( 'NONE', ( #5215 ), #4715, .F. ) ;
#2319 = AXIS2_PLACEMENT_3D ( 'NONE', #5860, #4851, #5420 ) ;
#2320 = CARTESIAN_POINT ( 'NONE',  ( 323.5000000000000000, 103.3667848596428485, -1.000000000000000000 ) ) ;
#2321 = CARTESIAN_POINT ( 'NONE',  ( 14.49291338582666633, 118.5000000000000142, 1.647480314961015324 ) ) ;
#2322 = VECTOR ( 'NONE', #1507, 1000.000000000000000 ) ;
#2323 = DIRECTION ( 'NONE',  ( -6.975484248167620798E-15, 0.7071067811865470176, -0.7071067811865481278 ) ) ;
#2324 = CARTESIAN_POINT ( 'NONE',  ( -1.000000000000000000, -1.000000000000000000, -1.000000000000000000 ) ) ;
#2325 = DIRECTION ( 'NONE',  ( -0.000000000000000000, -0.000000000000000000, -1.000000000000000000 ) ) ;
#2326 = EDGE_CURVE ( 'NONE', #2467, #6494, #6078, .T. ) ;
#2327 = ORIENTED_EDGE ( 'NONE', *, *, #54, .F. ) ;
#2328 = DIRECTION ( 'NONE',  ( -1.283000413665435261E-16, 1.000000000000000000, 0.000000000000000000 ) ) ;
#2329 = EDGE_CURVE ( 'NONE', #4765, #4949, #705, .T. ) ;
#2330 = VECTOR ( 'NONE', #4451, 1000.000000000000000 ) ;
#2331 = EDGE_CURVE ( 'NONE', #4025, #6122, #4522, .T. ) ;
#2332 = DIRECTION ( 'NONE',  ( 9.414747600456601795E-17, 0.9986107771491159468, -0.05269265377297461389 ) ) ;
#2333 = ORIENTED_EDGE ( 'NONE', *, *, #5404, .F. ) ;
#2334 = CARTESIAN_POINT ( 'NONE',  ( 322.9999999999998863, 98.40147300664803254, -7.752815314169883010 ) ) ;
#2335 = ORIENTED_EDGE ( 'NONE', *, *, #544, .T. ) ;
#2336 = VERTEX_POINT ( 'NONE', #5348 ) ;
#2337 = CYLINDRICAL_SURFACE ( 'NONE', #4248, 4.000000000000003553 ) ;
#2338 = CARTESIAN_POINT ( 'NONE',  ( 216.5000000000000568, 115.5000000000000000, -8.699999999999931788 ) ) ;
#2339 = LINE ( 'NONE', #3303, #551 ) ;
#2340 = FACE_OUTER_BOUND ( 'NONE', #873, .T. ) ;
#2341 = CARTESIAN_POINT ( 'NONE',  ( 53.49291338582637678, 53.59291438582643252, -1.000000000000000000 ) ) ;
#2342 = VERTEX_POINT ( 'NONE', #6451 ) ;
#2343 = DIRECTION ( 'NONE',  ( -0.000000000000000000, -0.000000000000000000, -1.000000000000000000 ) ) ;
#2344 = EDGE_CURVE ( 'NONE', #2439, #4150, #4341, .T. ) ;
#2345 = DIRECTION ( 'NONE',  ( -1.000000000000000000, 0.000000000000000000, 0.000000000000000000 ) ) ;
#2346 = CARTESIAN_POINT ( 'NONE',  ( 23.00000000000000711, 94.78533450744475886, -2.500000000000002220 ) ) ;
#2347 = DIRECTION ( 'NONE',  ( 0.000000000000000000, 0.000000000000000000, 1.000000000000000000 ) ) ;
#2348 = DIRECTION ( 'NONE',  ( -1.000000000000000000, 0.000000000000000000, 0.000000000000000000 ) ) ;
#2349 = ORIENTED_EDGE ( 'NONE', *, *, #2447, .T. ) ;
#2350 = ORIENTED_EDGE ( 'NONE', *, *, #751, .F. ) ;
#2351 = CARTESIAN_POINT ( 'NONE',  ( 300.3801868782103384, 98.10272338772577427, -7.618039349378346259 ) ) ;
#2352 = VECTOR ( 'NONE', #1253, 1000.000000000000000 ) ;
#2353 = LINE ( 'NONE', #2852, #5819 ) ;
#2354 = DIRECTION ( 'NONE',  ( 1.000000000000000000, 0.000000000000000000, 0.000000000000000000 ) ) ;
#2355 = CARTESIAN_POINT ( 'NONE',  ( 323.5000000000000000, 114.5000000000000426, -6.200000000000000178 ) ) ;
#2356 = DIRECTION ( 'NONE',  ( 1.222859769274868068E-16, -1.000000000000000000, 0.000000000000000000 ) ) ;
#2357 = CIRCLE ( 'NONE', #3649, 1.750000000000001554 ) ;
#2358 = CONICAL_SURFACE ( 'NONE', #2255, 1.749999999999987566, 1.029744258676668522 ) ;
#2359 = CARTESIAN_POINT ( 'NONE',  ( -2.000000000000000000, 115.5000000000000000, -8.699999999999997513 ) ) ;
#2360 = EDGE_CURVE ( 'NONE', #4162, #675, #1800, .T. ) ;
#2361 = ORIENTED_EDGE ( 'NONE', *, *, #3700, .F. ) ;
#2362 = AXIS2_PLACEMENT_3D ( 'NONE', #3053, #425, #5536 ) ;
#2363 = CARTESIAN_POINT ( 'NONE',  ( 319.4999999999998863, -0.9999999999999608091, -1.000000000000000000 ) ) ;
#2364 = VECTOR ( 'NONE', #522, 1000.000000000000000 ) ;
#2365 = CARTESIAN_POINT ( 'NONE',  ( 322.5769230769230944, 55.15257233405420578, -1.000000000000000000 ) ) ;
#2366 = ORIENTED_EDGE ( 'NONE', *, *, #459, .T. ) ;
#2367 = CARTESIAN_POINT ( 'NONE',  ( -1.966405910922652378, 98.50324253964311083, -7.961447691453509279 ) ) ;
#2368 = ORIENTED_EDGE ( 'NONE', *, *, #4130, .F. ) ;
#2369 = ORIENTED_EDGE ( 'NONE', *, *, #5896, .F. ) ;
#2370 = ADVANCED_FACE ( 'NONE', ( #5281 ), #1202, .F. ) ;
#2371 = DIRECTION ( 'NONE',  ( -0.000000000000000000, -0.000000000000000000, -1.000000000000000000 ) ) ;
#2372 = CARTESIAN_POINT ( 'NONE',  ( 323.5000000000000000, 52.59668806854095635, -1.000000000000000000 ) ) ;
#2373 = CARTESIAN_POINT ( 'NONE',  ( 296.5000000000000000, 94.80613420518679391, -4.750000000000002665 ) ) ;
#2374 = DIRECTION ( 'NONE',  ( -1.000000000000000000, -0.000000000000000000, -0.000000000000000000 ) ) ;
#2375 = CARTESIAN_POINT ( 'NONE',  ( 104.4025723340541987, 113.5769230769231086, -8.701999999999998181 ) ) ;
#2376 = ORIENTED_EDGE ( 'NONE', *, *, #3642, .F. ) ;
#2377 = DIRECTION ( 'NONE',  ( 0.000000000000000000, 0.000000000000000000, -1.000000000000000000 ) ) ;
#2378 = DIRECTION ( 'NONE',  ( -0.000000000000000000, -0.000000000000000000, -1.000000000000000000 ) ) ;
#2379 = LINE ( 'NONE', #4359, #3141 ) ;
#2380 = DIRECTION ( 'NONE',  ( -1.000000000000000000, -1.252131230780251545E-16, 1.858632295689435609E-16 ) ) ;
#2381 = DIRECTION ( 'NONE',  ( 1.000000000000000000, 0.000000000000000000, 0.000000000000000000 ) ) ;
#2382 = ORIENTED_EDGE ( 'NONE', *, *, #4913, .T. ) ;
#2383 = VECTOR ( 'NONE', #3408, 1000.000000000000000 ) ;
#2384 = ORIENTED_EDGE ( 'NONE', *, *, #4697, .T. ) ;
#2385 = CARTESIAN_POINT ( 'NONE',  ( 299.6908748928974546, 97.38389174883205612, -7.497316484450092133 ) ) ;
#2386 = ORIENTED_EDGE ( 'NONE', *, *, #3797, .F. ) ;
#2387 = CARTESIAN_POINT ( 'NONE',  ( 53.49291338582637678, 53.09291438582642542, -2.500000000000000000 ) ) ;
#2388 = CYLINDRICAL_SURFACE ( 'NONE', #6598, 2.399999999999999467 ) ;
#2389 = FACE_OUTER_BOUND ( 'NONE', #1115, .T. ) ;
#2390 = FACE_OUTER_BOUND ( 'NONE', #3440, .T. ) ;
#2391 = EDGE_CURVE ( 'NONE', #4547, #6591, #2862, .T. ) ;
#2392 = LINE ( 'NONE', #4943, #2330 ) ;
#2393 = ORIENTED_EDGE ( 'NONE', *, *, #5776, .F. ) ;
#2394 = DIRECTION ( 'NONE',  ( 0.000000000000000000, 1.000000000000000000, 0.000000000000000000 ) ) ;
#2395 = VECTOR ( 'NONE', #5793, 1000.000000000000227 ) ;
#2396 = VECTOR ( 'NONE', #6124, 1000.000000000000000 ) ;
#2397 = FACE_OUTER_BOUND ( 'NONE', #3874, .T. ) ;
#2398 = ORIENTED_EDGE ( 'NONE', *, *, #5686, .T. ) ;
#2399 = CARTESIAN_POINT ( 'NONE',  ( 324.0023007397185779, 98.41033050793328130, -7.956545099142014799 ) ) ;
#2400 = EDGE_LOOP ( 'NONE', ( #5016, #2613, #4452, #634 ) ) ;
#2401 = CONICAL_SURFACE ( 'NONE', #4977, 3.400000000000007017, 0.7853981633974361776 ) ;
#2402 = ORIENTED_EDGE ( 'NONE', *, *, #5727, .T. ) ;
#2403 = EDGE_CURVE ( 'NONE', #3955, #3765, #1238, .T. ) ;
#2404 = EDGE_CURVE ( 'NONE', #4564, #664, #769, .T. ) ;
#2405 = CARTESIAN_POINT ( 'NONE',  ( 47.49291338582636968, 56.99291438582643821, -1.999999999999980904 ) ) ;
#2406 = DIRECTION ( 'NONE',  ( 0.000000000000000000, -1.000000000000000000, 0.000000000000000000 ) ) ;
#2407 = AXIS2_PLACEMENT_3D ( 'NONE', #1187, #4836, #2783 ) ;
#2408 = CARTESIAN_POINT ( 'NONE',  ( -4.500000000000055067, 83.00000000000000000, 0.000000000000000000 ) ) ;
#2409 = CARTESIAN_POINT ( 'NONE',  ( 299.0000000000000568, 83.00000000000000000, -6.643404255319152796 ) ) ;
#2410 = CARTESIAN_POINT ( 'NONE',  ( 21.50000000000013145, 98.49702562060824107, -7.709461517720101575 ) ) ;
#2411 = EDGE_LOOP ( 'NONE', ( #1030, #2832, #2989, #646 ) ) ;
#2412 = CARTESIAN_POINT ( 'NONE',  ( 106.0000000000000000, -1.999999999999974021, -0.9000000000000010214 ) ) ;
#2413 = ADVANCED_FACE ( 'NONE', ( #4914 ), #4811, .F. ) ;
#2414 = CARTESIAN_POINT ( 'NONE',  ( 7.492913385826666328, 115.1000000000000085, 1.647480314961016656 ) ) ;
#2415 = CARTESIAN_POINT ( 'NONE',  ( 22.37867965644035451, 96.38160116615863160, -2.500000000000000000 ) ) ;
#2416 = DIRECTION ( 'NONE',  ( -1.000000000000000000, -0.000000000000000000, -0.000000000000000000 ) ) ;
#2417 = EDGE_CURVE ( 'NONE', #6395, #6160, #4622, .T. ) ;
#2418 = CARTESIAN_POINT ( 'NONE',  ( 296.5000000000000000, 94.80613420518679391, -3.000000000000014655 ) ) ;
#2419 = EDGE_CURVE ( 'NONE', #104, #4949, #4843, .T. ) ;
#2420 = EDGE_LOOP ( 'NONE', ( #3624, #5309, #6170, #6019, #5661, #2764 ) ) ;
#2421 = EDGE_CURVE ( 'NONE', #2511, #4150, #483, .T. ) ;
#2422 = VERTEX_POINT ( 'NONE', #2365 ) ;
#2423 = CARTESIAN_POINT ( 'NONE',  ( 299.8738612982926384, 97.67688500069093038, -7.546523151378099925 ) ) ;
#2424 = ORIENTED_EDGE ( 'NONE', *, *, #4591, .T. ) ;
#2425 = EDGE_CURVE ( 'NONE', #172, #664, #3442, .T. ) ;
#2426 = CYLINDRICAL_SURFACE ( 'NONE', #475, 4.000000000000003553 ) ;
#2427 = DIRECTION ( 'NONE',  ( 0.000000000000000000, 0.000000000000000000, -1.000000000000000000 ) ) ;
#2428 = VECTOR ( 'NONE', #2380, 1000.000000000000000 ) ;
#2429 = DIRECTION ( 'NONE',  ( 1.000000000000000000, 1.508455196501570936E-16, 4.361254403050800956E-32 ) ) ;
#2430 = CARTESIAN_POINT ( 'NONE',  ( -4.200000000000000178, -1.999999999999960920, -1.999999999999999556 ) ) ;
#2431 = EDGE_LOOP ( 'NONE', ( #3556, #4125, #4036, #3641 ) ) ;
#2432 = VECTOR ( 'NONE', #2982, 1000.000000000000000 ) ;
#2433 = CIRCLE ( 'NONE', #1263, 2.199999999999979750 ) ;
#2434 = ORIENTED_EDGE ( 'NONE', *, *, #1509, .F. ) ;
#2435 = CARTESIAN_POINT ( 'NONE',  ( 215.4000000000000341, -1.999999999999988010, 6.299999999999999822 ) ) ;
#2436 = VECTOR ( 'NONE', #1207, 1000.000000000000000 ) ;
#2437 = CARTESIAN_POINT ( 'NONE',  ( 323.6647273167483263, 98.08163673667345961, -7.614498909671215010 ) ) ;
#2438 = ORIENTED_EDGE ( 'NONE', *, *, #1591, .F. ) ;
#2439 = VERTEX_POINT ( 'NONE', #2896 ) ;
#2440 = ADVANCED_FACE ( 'NONE', ( #1375, #2397 ), #5446, .F. ) ;
#2441 = LINE ( 'NONE', #1910, #1125 ) ;
#2442 = DIRECTION ( 'NONE',  ( -1.000000000000000000, 0.000000000000000000, 0.000000000000000000 ) ) ;
#2443 = CARTESIAN_POINT ( 'NONE',  ( 324.5000000000000000, 96.05168500005940757, -5.979269383573933005 ) ) ;
#2444 = DIRECTION ( 'NONE',  ( -1.000000000000000000, 0.000000000000000000, 0.000000000000000000 ) ) ;
#2445 = ORIENTED_EDGE ( 'NONE', *, *, #205, .T. ) ;
#2446 = CARTESIAN_POINT ( 'NONE',  ( 327.5000000000000000, -4.999999999999961808, -8.200000000000009948 ) ) ;
#2447 = EDGE_CURVE ( 'NONE', #2336, #6072, #880, .T. ) ;
#2448 = CARTESIAN_POINT ( 'NONE',  ( 326.6999999999999886, 56.75000000000000000, -2.500000000000000000 ) ) ;
#2449 = CARTESIAN_POINT ( 'NONE',  ( -1.960570260268142517, 96.87348276304038563, -7.225609721171426969 ) ) ;
#2450 = CARTESIAN_POINT ( 'NONE',  ( 106.0000000000000000, -1.999999999999974021, 6.299999999999999822 ) ) ;
#2451 = CARTESIAN_POINT ( 'NONE',  ( 299.5000000000000000, 96.05168500005939336, -5.979269383573931229 ) ) ;
#2452 = ORIENTED_EDGE ( 'NONE', *, *, #1277, .F. ) ;
#2453 = ORIENTED_EDGE ( 'NONE', *, *, #165, .F. ) ;
#2454 = CARTESIAN_POINT ( 'NONE',  ( 299.5267048730873967, 96.87290657620945922, -7.411515415285747643 ) ) ;
#2455 = EDGE_CURVE ( 'NONE', #4209, #5799, #870, .T. ) ;
#2456 = ORIENTED_EDGE ( 'NONE', *, *, #4976, .T. ) ;
#2457 = EDGE_CURVE ( 'NONE', #2067, #4711, #131, .T. ) ;
#2458 = ADVANCED_FACE ( 'NONE', ( #3688 ), #5222, .F. ) ;
#2459 = EDGE_CURVE ( 'NONE', #703, #2465, #2205, .T. ) ;
#2460 = DIRECTION ( 'NONE',  ( 0.000000000000000000, 0.000000000000000000, 1.000000000000000000 ) ) ;
#2461 = EDGE_CURVE ( 'NONE', #4162, #2307, #5127, .T. ) ;
#2462 = CARTESIAN_POINT ( 'NONE',  ( 0.2000000000000070333, 56.75000000000002132, -2.500000000000003553 ) ) ;
#2463 = CARTESIAN_POINT ( 'NONE',  ( 212.3466880685410558, 3.000000000000026201, -1.000000000000000000 ) ) ;
#2464 = CARTESIAN_POINT ( 'NONE',  ( -2.730474342353105932, 83.00000000000000000, -6.643404255319152796 ) ) ;
#2465 = VERTEX_POINT ( 'NONE', #111 ) ;
#2466 = CONICAL_SURFACE ( 'NONE', #2883, 2.500000000000057732, 0.7853981633974369547 ) ;
#2467 = VERTEX_POINT ( 'NONE', #5722 ) ;
#2468 = LINE ( 'NONE', #4981, #3032 ) ;
#2469 = AXIS2_PLACEMENT_3D ( 'NONE', #5846, #3704, #5741 ) ;
#2470 = CARTESIAN_POINT ( 'NONE',  ( 324.4233893669389204, 97.10128019346144868, -7.449866620140180196 ) ) ;
#2471 = ORIENTED_EDGE ( 'NONE', *, *, #3600, .F. ) ;
#2472 = VECTOR ( 'NONE', #4079, 1000.000000000000000 ) ;
#2473 = AXIS2_PLACEMENT_3D ( 'NONE', #3276, #1779, #4428 ) ;
#2474 = VECTOR ( 'NONE', #771, 1000.000000000000000 ) ;
#2475 = VERTEX_POINT ( 'NONE', #581 ) ;
#2476 = CARTESIAN_POINT ( 'NONE',  ( 217.6000000000000227, -1.999999999999988010, 6.299999999999999822 ) ) ;
#2477 = CARTESIAN_POINT ( 'NONE',  ( 299.5096690247362972, 96.77600483406426690, -7.395242792190680703 ) ) ;
#2478 = LINE ( 'NONE', #5556, #1329 ) ;
#2479 = DIRECTION ( 'NONE',  ( -0.000000000000000000, 2.891205793294675861E-16, -1.000000000000000000 ) ) ;
#2480 = ORIENTED_EDGE ( 'NONE', *, *, #3258, .T. ) ;
#2481 = VECTOR ( 'NONE', #2534, 1000.000000000000000 ) ;
#2482 = EDGE_CURVE ( 'NONE', #3778, #3613, #1142, .T. ) ;
#2483 = LINE ( 'NONE', #4961, #3275 ) ;
#2484 = ADVANCED_FACE ( 'NONE', ( #4724 ), #3178, .F. ) ;
#2485 = DIRECTION ( 'NONE',  ( -1.000000000000000000, 0.000000000000000000, 1.858632295689435609E-16 ) ) ;
#2486 = CARTESIAN_POINT ( 'NONE',  ( -1.993111021297973906, 96.63623306713216721, -7.165340641250973697 ) ) ;
#2487 = CARTESIAN_POINT ( 'NONE',  ( 110.1533119314590294, 3.000000000000012879, -1.000000000000000000 ) ) ;
#2488 = CARTESIAN_POINT ( 'NONE',  ( 324.5000000000000000, 115.5000000000000000, -8.699999999999935341 ) ) ;
#2489 = EDGE_LOOP ( 'NONE', ( #2234, #909, #5183, #624 ) ) ;
#2490 = CIRCLE ( 'NONE', #3332, 2.200000000000007283 ) ;
#2491 = ORIENTED_EDGE ( 'NONE', *, *, #3643, .F. ) ;
#2492 = LINE ( 'NONE', #6578, #983 ) ;
#2493 = ORIENTED_EDGE ( 'NONE', *, *, #2539, .F. ) ;
#2494 = EDGE_CURVE ( 'NONE', #1863, #1454, #6427, .T. ) ;
#2495 = CARTESIAN_POINT ( 'NONE',  ( 324.5000000000000000, -2.000000000000001776, -1.999999999999999556 ) ) ;
#2496 = DIRECTION ( 'NONE',  ( -1.000000000000000000, 0.000000000000000000, 0.000000000000000000 ) ) ;
#2497 = DIRECTION ( 'NONE',  ( 0.000000000000000000, 0.000000000000000000, -1.000000000000000000 ) ) ;
#2498 = DIRECTION ( 'NONE',  ( -0.000000000000000000, -0.000000000000000000, -1.000000000000000000 ) ) ;
#2499 = ORIENTED_EDGE ( 'NONE', *, *, #965, .F. ) ;
#2500 = VECTOR ( 'NONE', #3226, 1000.000000000000000 ) ;
#2501 = VERTEX_POINT ( 'NONE', #2136 ) ;
#2502 = LINE ( 'NONE', #3598, #5600 ) ;
#2503 = VECTOR ( 'NONE', #6581, 1000.000000000000000 ) ;
#2504 = CARTESIAN_POINT ( 'NONE',  ( 323.0000000000000000, 98.69713966231900315, -7.971678858777685228 ) ) ;
#2505 = ORIENTED_EDGE ( 'NONE', *, *, #2706, .T. ) ;
#2506 = ORIENTED_EDGE ( 'NONE', *, *, #1591, .T. ) ;
#2507 = EDGE_CURVE ( 'NONE', #4959, #2109, #4935, .T. ) ;
#2508 = PLANE ( 'NONE',  #6046 ) ;
#2509 = DIRECTION ( 'NONE',  ( 0.000000000000000000, 1.000000000000000000, 0.000000000000000000 ) ) ;
#2510 = CARTESIAN_POINT ( 'NONE',  ( -1.000000000000000000, 110.5000000000000000, 6.299999999999999822 ) ) ;
#2511 = VERTEX_POINT ( 'NONE', #4659 ) ;
#2512 = COLOUR_RGB ( '',0.7921568627450980005, 0.8196078431372548767, 0.9333333333333333481 ) ;
#2513 = DIRECTION ( 'NONE',  ( 0.000000000000000000, 0.000000000000000000, -1.000000000000000000 ) ) ;
#2514 = CARTESIAN_POINT ( 'NONE',  ( 299.0525081167293706, 97.09648388864778212, -7.887218724337156317 ) ) ;
#2515 = CARTESIAN_POINT ( 'NONE',  ( 319.5000000000000000, 60.90331193145909339, 6.299999999999999822 ) ) ;
#2516 = CARTESIAN_POINT ( 'NONE',  ( 319.5000000000000000, 3.000000000000039080, -1.000000000000000000 ) ) ;
#2517 = CARTESIAN_POINT ( 'NONE',  ( 299.7373234758442209, 96.00447081803002902, -3.464391570258041675 ) ) ;
#2518 = ORIENTED_EDGE ( 'NONE', *, *, #1529, .F. ) ;
#2519 = ORIENTED_EDGE ( 'NONE', *, *, #1480, .F. ) ;
#2520 = CARTESIAN_POINT ( 'NONE',  ( 7.492913385826666328, 115.1000000000000085, 1.647480314961016656 ) ) ;
#2521 = ORIENTED_EDGE ( 'NONE', *, *, #2946, .F. ) ;
#2522 = CARTESIAN_POINT ( 'NONE',  ( 216.5000000000000284, 115.5000000000000284, -6.200000000000000178 ) ) ;
#2523 = CARTESIAN_POINT ( 'NONE',  ( 322.5769230769230944, 58.34742766594583685, -8.701999999999998181 ) ) ;
#2524 = CARTESIAN_POINT ( 'NONE',  ( 297.5000000000000000, 99.36678485964284846, -1.000000000000000000 ) ) ;
#2525 = DIRECTION ( 'NONE',  ( 0.7071067811865447972, 8.659560562354899578E-17, -0.7071067811865502373 ) ) ;
#2526 = EDGE_CURVE ( 'NONE', #3756, #620, #6262, .T. ) ;
#2527 = EDGE_CURVE ( 'NONE', #383, #4498, #2040, .T. ) ;
#2528 = EDGE_LOOP ( 'NONE', ( #1994, #2538, #5164, #3670 ) ) ;
#2529 = ADVANCED_FACE ( 'NONE', ( #546 ), #2708, .F. ) ;
#2530 = ORIENTED_EDGE ( 'NONE', *, *, #297, .T. ) ;
#2531 = VECTOR ( 'NONE', #4898, 1000.000000000000000 ) ;
#2532 = CARTESIAN_POINT ( 'NONE',  ( 324.4403262261735676, 97.02904474024244053, -7.437719769034167427 ) ) ;
#2533 = CYLINDRICAL_SURFACE ( 'NONE', #5965, 4.000000000000003553 ) ;
#2534 = DIRECTION ( 'NONE',  ( -0.000000000000000000, 2.891205793294675861E-16, -1.000000000000000000 ) ) ;
#2535 = ORIENTED_EDGE ( 'NONE', *, *, #5140, .T. ) ;
#2536 = AXIS2_PLACEMENT_3D ( 'NONE', #4796, #217, #3789 ) ;
#2537 = EDGE_CURVE ( 'NONE', #2213, #3498, #5469, .T. ) ;
#2538 = ORIENTED_EDGE ( 'NONE', *, *, #4233, .T. ) ;
#2539 = EDGE_CURVE ( 'NONE', #6387, #1084, #6322, .T. ) ;
#2540 = VECTOR ( 'NONE', #3164, 1000.000000000000000 ) ;
#2541 = FACE_OUTER_BOUND ( 'NONE', #6270, .T. ) ;
#2542 = DIRECTION ( 'NONE',  ( -0.000000000000000000, 2.891205793294675861E-16, -1.000000000000000000 ) ) ;
#2543 = CARTESIAN_POINT ( 'NONE',  ( 216.5000000000000568, 115.5000000000000000, -8.699999999999931788 ) ) ;
#2544 = ORIENTED_EDGE ( 'NONE', *, *, #5530, .F. ) ;
#2545 = CARTESIAN_POINT ( 'NONE',  ( 218.7000000000000455, -1.999999999999987566, -2.500000000000003553 ) ) ;
#2546 = ORIENTED_EDGE ( 'NONE', *, *, #2297, .F. ) ;
#2547 = CARTESIAN_POINT ( 'NONE',  ( 299.4015700807108828, 97.86177555809466355, -7.927600072001590448 ) ) ;
#2548 = CARTESIAN_POINT ( 'NONE',  ( -1.844028281600240460, 97.25089777878662289, -7.321473719074282904 ) ) ;
#2549 = CARTESIAN_POINT ( 'NONE',  ( -5.000000000000000000, 94.80613420518679391, -3.000000000000000888 ) ) ;
#2550 = DIRECTION ( 'NONE',  ( -1.000000000000000000, 9.427844978134816503E-17, 2.725784001906749913E-32 ) ) ;
#2551 = ORIENTED_EDGE ( 'NONE', *, *, #3894, .T. ) ;
#2552 = EDGE_LOOP ( 'NONE', ( #6153, #2210, #3054, #5752 ) ) ;
#2553 = CARTESIAN_POINT ( 'NONE',  ( -1.801747703489929409, 97.34927712603628436, -7.346475964431570915 ) ) ;
#2554 = VERTEX_POINT ( 'NONE', #3655 ) ;
#2555 = DIRECTION ( 'NONE',  ( -0.000000000000000000, 2.891205793294675861E-16, -1.000000000000000000 ) ) ;
#2556 = CARTESIAN_POINT ( 'NONE',  ( -5.000000000000000000, 118.5000000000000142, -8.200000000000054357 ) ) ;
#2557 = DIRECTION ( 'NONE',  ( -0.000000000000000000, -0.000000000000000000, 1.000000000000000000 ) ) ;
#2558 = LINE ( 'NONE', #5107, #4504 ) ;
#2559 = ORIENTED_EDGE ( 'NONE', *, *, #2008, .F. ) ;
#2560 = CARTESIAN_POINT ( 'NONE',  ( 323.7275948495228022, 98.04048958460890617, -7.607585097551825548 ) ) ;
#2561 = FACE_BOUND ( 'NONE', #5971, .T. ) ;
#2562 = ADVANCED_FACE ( 'NONE', ( #5690 ), #1174, .F. ) ;
#2563 = CARTESIAN_POINT ( 'NONE',  ( 3.000000000000000000, -0.9999999999999995559, 6.299999999999999822 ) ) ;
#2564 = ORIENTED_EDGE ( 'NONE', *, *, #1135, .T. ) ;
#2565 = ORIENTED_EDGE ( 'NONE', *, *, #1024, .F. ) ;
#2566 = CIRCLE ( 'NONE', #3853, 4.000000000000003553 ) ;
#2567 = CARTESIAN_POINT ( 'NONE',  ( 218.7000000000000455, -1.999999999999987566, -2.500000000000000000 ) ) ;
#2568 = FACE_OUTER_BOUND ( 'NONE', #3621, .T. ) ;
#2569 = VERTEX_POINT ( 'NONE', #182 ) ;
#2570 = AXIS2_PLACEMENT_3D ( 'NONE', #4253, #5657, #4728 ) ;
#2571 = CYLINDRICAL_SURFACE ( 'NONE', #1794, 3.000000000000000000 ) ;
#2572 = VECTOR ( 'NONE', #3044, 1000.000000000000000 ) ;
#2573 = ORIENTED_EDGE ( 'NONE', *, *, #6306, .F. ) ;
#2574 = VECTOR ( 'NONE', #5762, 1000.000000000000000 ) ;
#2575 = DIRECTION ( 'NONE',  ( 0.000000000000000000, -1.000000000000000000, 0.000000000000000000 ) ) ;
#2576 = AXIS2_PLACEMENT_3D ( 'NONE', #4931, #357, #2381 ) ;
#2577 = DIRECTION ( 'NONE',  ( 0.000000000000000000, 0.000000000000000000, 1.000000000000000000 ) ) ;
#2578 = CARTESIAN_POINT ( 'NONE',  ( 327.5000000000000000, 94.80613420518679391, -4.750000000000002665 ) ) ;
#2579 = FACE_OUTER_BOUND ( 'NONE', #4686, .T. ) ;
#2580 = AXIS2_PLACEMENT_3D ( 'NONE', #5170, #2498, #6050 ) ;
#2581 = CYLINDRICAL_SURFACE ( 'NONE', #19, 2.500000000000002220 ) ;
#2582 = VERTEX_POINT ( 'NONE', #4690 ) ;
#2583 = ORIENTED_EDGE ( 'NONE', *, *, #1065, .T. ) ;
#2584 = CARTESIAN_POINT ( 'NONE',  ( -1.164727316764416543, 98.04875812548260683, -7.524165667860860829 ) ) ;
#2585 = ORIENTED_EDGE ( 'NONE', *, *, #989, .T. ) ;
#2586 = FACE_BOUND ( 'NONE', #6547, .T. ) ;
#2587 = DIRECTION ( 'NONE',  ( -0.000000000000000000, -0.000000000000000000, -1.000000000000000000 ) ) ;
#2588 = CARTESIAN_POINT ( 'NONE',  ( 47.49291338582636968, 56.99291438582643821, -1.999999999999980904 ) ) ;
#2589 = CYLINDRICAL_SURFACE ( 'NONE', #1515, 4.000000000000003553 ) ;
#2590 = VECTOR ( 'NONE', #3265, 1000.000000000000000 ) ;
#2591 = EDGE_LOOP ( 'NONE', ( #4951, #6123, #4044, #1692 ) ) ;
#2592 = CARTESIAN_POINT ( 'NONE',  ( 324.1732436766287719, 97.61315930221438464, -7.535820495799135266 ) ) ;
#2593 = EDGE_CURVE ( 'NONE', #3475, #2775, #4250, .T. ) ;
#2594 = CARTESIAN_POINT ( 'NONE',  ( 3.992913385826668105, 98.84752415750148202, 1.647480314961016656 ) ) ;
#2595 = VECTOR ( 'NONE', #4235, 1000.000000000000000 ) ;
#2596 = LINE ( 'NONE', #5147, #1092 ) ;
#2597 = ORIENTED_EDGE ( 'NONE', *, *, #857, .F. ) ;
#2598 = ORIENTED_EDGE ( 'NONE', *, *, #496, .T. ) ;
#2599 = CIRCLE ( 'NONE', #6455, 3.499999999999999556 ) ;
#2600 = FACE_OUTER_BOUND ( 'NONE', #6135, .T. ) ;
#2601 = DIRECTION ( 'NONE',  ( -1.000000000000000000, 0.000000000000000000, 0.000000000000000000 ) ) ;
#2602 = EDGE_LOOP ( 'NONE', ( #3173, #5746, #349, #4193 ) ) ;
#2603 = DIRECTION ( 'NONE',  ( 1.000000000000000000, 0.000000000000000000, 0.000000000000000000 ) ) ;
#2604 = ORIENTED_EDGE ( 'NONE', *, *, #5704, .T. ) ;
#2605 = EDGE_CURVE ( 'NONE', #4256, #5282, #2644, .T. ) ;
#2606 = CARTESIAN_POINT ( 'NONE',  ( 106.0000000000000142, 116.6000000000000227, -7.099999999999941025 ) ) ;
#2607 = DIRECTION ( 'NONE',  ( -1.000000000000000000, 0.000000000000000000, 0.000000000000000000 ) ) ;
#2608 = DIRECTION ( 'NONE',  ( 1.000000000000000000, 0.000000000000000000, 0.000000000000000000 ) ) ;
#2609 = CARTESIAN_POINT ( 'NONE',  ( 301.0000000000000000, 96.38160116615864581, -2.500000000000015987 ) ) ;
#2610 = DIRECTION ( 'NONE',  ( 1.283000413665435261E-16, -1.000000000000000000, -0.000000000000000000 ) ) ;
#2611 = ORIENTED_EDGE ( 'NONE', *, *, #4864, .T. ) ;
#2612 = VECTOR ( 'NONE', #829, 1000.000000000000227 ) ;
#2613 = ORIENTED_EDGE ( 'NONE', *, *, #1784, .T. ) ;
#2614 = DIRECTION ( 'NONE',  ( -0.000000000000000000, 2.891205793294675861E-16, -1.000000000000000000 ) ) ;
#2615 = VERTEX_POINT ( 'NONE', #1686 ) ;
#2616 = ADVANCED_FACE ( 'NONE', ( #3760 ), #754, .F. ) ;
#2617 = AXIS2_PLACEMENT_3D ( 'NONE', #3763, #597, #6243 ) ;
#2618 = EDGE_CURVE ( 'NONE', #5282, #2111, #4403, .T. ) ;
#2619 = ADVANCED_FACE ( 'NONE', ( #5299 ), #688, .F. ) ;
#2620 = PLANE ( 'NONE',  #3136 ) ;
#2621 = CARTESIAN_POINT ( 'NONE',  ( 21.69733049830616523, 98.21513244003602949, -7.566428340902052518 ) ) ;
#2622 = EDGE_CURVE ( 'NONE', #2422, #4900, #6271, .T. ) ;
#2623 = DIRECTION ( 'NONE',  ( -0.000000000000000000, 2.891205793294675861E-16, -1.000000000000000000 ) ) ;
#2624 = DIRECTION ( 'NONE',  ( -0.000000000000000000, 0.9396926207859074287, 0.3420201433256714885 ) ) ;
#2625 = AXIS2_PLACEMENT_3D ( 'NONE', #4788, #812, #3370 ) ;
#2626 = EDGE_LOOP ( 'NONE', ( #3678, #6600, #2863, #188 ) ) ;
#2627 = CARTESIAN_POINT ( 'NONE',  ( 324.9999999999999432, 83.00000000000000000, -6.643404255319152796 ) ) ;
#2628 = FACE_BOUND ( 'NONE', #359, .T. ) ;
#2629 = CARTESIAN_POINT ( 'NONE',  ( 23.42138887069222619, 98.03325562948022309, -7.936648382151294534 ) ) ;
#2630 = ORIENTED_EDGE ( 'NONE', *, *, #5196, .T. ) ;
#2631 = CIRCLE ( 'NONE', #3707, 1.100000000000003642 ) ;
#2632 = ORIENTED_EDGE ( 'NONE', *, *, #3807, .T. ) ;
#2633 = EDGE_CURVE ( 'NONE', #1615, #4363, #1153, .T. ) ;
#2634 = SURFACE_SIDE_STYLE ('',( #5554 ) ) ;
#2635 = AXIS2_PLACEMENT_3D ( 'NONE', #4896, #6036, #389 ) ;
#2636 = CARTESIAN_POINT ( 'NONE',  ( 103.7999999999999972, -1.999999999999974021, -1.999999999999999556 ) ) ;
#2637 = VERTEX_POINT ( 'NONE', #3823 ) ;
#2638 = CARTESIAN_POINT ( 'NONE',  ( 327.0000000000000568, 83.00000000000000000, -6.643404255319152796 ) ) ;
#2639 = ORIENTED_EDGE ( 'NONE', *, *, #2419, .T. ) ;
#2640 = ORIENTED_EDGE ( 'NONE', *, *, #5108, .F. ) ;
#2641 = AXIS2_PLACEMENT_3D ( 'NONE', #2301, #343, #4886 ) ;
#2642 = VECTOR ( 'NONE', #4685, 1000.000000000000000 ) ;
#2643 = CARTESIAN_POINT ( 'NONE',  ( 104.4025723340542413, -0.07692307692307273626, 6.299999999999999822 ) ) ;
#2644 = LINE ( 'NONE', #3281, #25 ) ;
#2645 = LINE ( 'NONE', #4691, #3420 ) ;
#2646 = CARTESIAN_POINT ( 'NONE',  ( -1.999999999999985345, 115.5000000000000000, -8.699999999999931788 ) ) ;
#2647 = CARTESIAN_POINT ( 'NONE',  ( 324.5000000000000000, 83.49999999999995737, -6.669091656304670046 ) ) ;
#2648 = ORIENTED_EDGE ( 'NONE', *, *, #1301, .T. ) ;
#2649 = CIRCLE ( 'NONE', #633, 1.750000000000001554 ) ;
#2650 = ORIENTED_EDGE ( 'NONE', *, *, #4416, .T. ) ;
#2651 = EDGE_CURVE ( 'NONE', #5447, #1436, #1288, .T. ) ;
#2652 = ORIENTED_EDGE ( 'NONE', *, *, #6587, .F. ) ;
#2653 = LINE ( 'NONE', #4699, #481 ) ;
#2654 = CARTESIAN_POINT ( 'NONE',  ( 299.3333333333334281, 55.33333333333261805, -30.16666666666707286 ) ) ;
#2655 = CARTESIAN_POINT ( 'NONE',  ( -1.999999999999985345, 115.5000000000000000, -8.699999999999931788 ) ) ;
#2656 = CARTESIAN_POINT ( 'NONE',  ( 299.5057949126674544, 96.70291398739917099, -7.382967224406367102 ) ) ;
#2657 = EDGE_CURVE ( 'NONE', #4421, #4765, #5800, .T. ) ;
#2658 = EDGE_CURVE ( 'NONE', #2188, #963, #5230, .T. ) ;
#2659 = EDGE_CURVE ( 'NONE', #944, #4688, #5868, .T. ) ;
#2660 = ORIENTED_EDGE ( 'NONE', *, *, #543, .T. ) ;
#2661 = CARTESIAN_POINT ( 'NONE',  ( 324.5000000000000000, 96.55345447274405046, -7.357869679546609198 ) ) ;
#2662 = CARTESIAN_POINT ( 'NONE',  ( -0.6576240517901326132, 99.03768758350641122, -7.989648195895656002 ) ) ;
#2663 = DIRECTION ( 'NONE',  ( -1.000000000000000000, 0.000000000000000000, 0.000000000000000000 ) ) ;
#2664 = CARTESIAN_POINT ( 'NONE',  ( 22.70942491135791030, 98.70895741848069349, -7.972302433996428128 ) ) ;
#2665 = ORIENTED_EDGE ( 'NONE', *, *, #2162, .F. ) ;
#2666 = VERTEX_POINT ( 'NONE', #4829 ) ;
#2667 = DIRECTION ( 'NONE',  ( 1.283000413665435261E-16, -1.000000000000000000, -0.000000000000000000 ) ) ;
#2668 = ORIENTED_EDGE ( 'NONE', *, *, #6187, .T. ) ;
#2669 = CARTESIAN_POINT ( 'NONE',  ( 323.2624275244857586, 98.69715884591768429, -7.971679871018633179 ) ) ;
#2670 = EDGE_LOOP ( 'NONE', ( #5940, #2386, #2402, #3248 ) ) ;
#2671 = VERTEX_POINT ( 'NONE', #249 ) ;
#2672 = CARTESIAN_POINT ( 'NONE',  ( 22.69266113341772240, 97.54071459182254955, -7.395106973061865929 ) ) ;
#2673 = CARTESIAN_POINT ( 'NONE',  ( 14.49291338582666810, 98.84752415750148202, 1.647480314961015324 ) ) ;
#2674 = CARTESIAN_POINT ( 'NONE',  ( -0.8908706041339014003, 98.18177286821882888, -7.557958436830911175 ) ) ;
#2675 = DIRECTION ( 'NONE',  ( -1.000000000000000000, 0.000000000000000000, 0.000000000000000000 ) ) ;
#2676 = CARTESIAN_POINT ( 'NONE',  ( 13.59291338582666953, 114.5000000000000000, 1.647480314961016878 ) ) ;
#2677 = VERTEX_POINT ( 'NONE', #3186 ) ;
#2678 = VECTOR ( 'NONE', #3620, 1000.000000000000000 ) ;
#2679 = CIRCLE ( 'NONE', #4178, 1.750000000000001554 ) ;
#2680 = EDGE_LOOP ( 'NONE', ( #2882, #1094, #2333, #3945 ) ) ;
#2681 = EDGE_LOOP ( 'NONE', ( #4060, #3030, #6009, #1132 ) ) ;
#2682 = VECTOR ( 'NONE', #4056, 1000.000000000000000 ) ;
#2683 = DIRECTION ( 'NONE',  ( -0.000000000000000000, 0.000000000000000000, 1.000000000000000000 ) ) ;
#2684 = DIRECTION ( 'NONE',  ( 0.000000000000000000, -0.9396926207859070956, -0.3420201433256722101 ) ) ;
#2685 = CARTESIAN_POINT ( 'NONE',  ( -2.000000000000001776, -1.999999999999960920, -1.999999999999999556 ) ) ;
#2686 = DIRECTION ( 'NONE',  ( 0.000000000000000000, 0.000000000000000000, 1.000000000000000000 ) ) ;
#2687 = EDGE_CURVE ( 'NONE', #4256, #4959, #6496, .T. ) ;
#2688 = ORIENTED_EDGE ( 'NONE', *, *, #544, .F. ) ;
#2689 = DIRECTION ( 'NONE',  ( -0.000000000000000000, 2.891205793294675861E-16, -1.000000000000000000 ) ) ;
#2690 = CARTESIAN_POINT ( 'NONE',  ( -1.275209101059622929, 98.90414497527507365, -7.982601692312383257 ) ) ;
#2691 = FACE_OUTER_BOUND ( 'NONE', #3025, .T. ) ;
#2692 = AXIS2_PLACEMENT_3D ( 'NONE', #6256, #5748, #6383 ) ;
#2693 = DIRECTION ( 'NONE',  ( 1.000000000000000000, 0.000000000000000000, 0.000000000000000000 ) ) ;
#2694 = VERTEX_POINT ( 'NONE', #218 ) ;
#2695 = EDGE_CURVE ( 'NONE', #3474, #5444, #4292, .T. ) ;
#2696 = EDGE_LOOP ( 'NONE', ( #2169, #2424, #2688 ) ) ;
#2697 = EDGE_CURVE ( 'NONE', #6429, #4113, #2859, .T. ) ;
#2698 = ADVANCED_FACE ( 'NONE', ( #2808 ), #2716, .T. ) ;
#2699 = AXIS2_PLACEMENT_3D ( 'NONE', #4318, #3690, #243 ) ;
#2700 = CARTESIAN_POINT ( 'NONE',  ( -1.999999999999999556, -5.000000000000000888, 6.299999999999999822 ) ) ;
#2701 = ORIENTED_EDGE ( 'NONE', *, *, #1276, .T. ) ;
#2702 = CARTESIAN_POINT ( 'NONE',  ( 324.9869444924230493, 96.81186900080928126, -7.872200747276741239 ) ) ;
#2703 = ORIENTED_EDGE ( 'NONE', *, *, #573, .T. ) ;
#2704 = VECTOR ( 'NONE', #3035, 1000.000000000000227 ) ;
#2705 = VERTEX_POINT ( 'NONE', #3790 ) ;
#2706 = EDGE_CURVE ( 'NONE', #4482, #1341, #5834, .T. ) ;
#2707 = CARTESIAN_POINT ( 'NONE',  ( 21.81467590458994366, 99.02086253215479417, -7.988760405951995658 ) ) ;
#2708 = PLANE ( 'NONE',  #1828 ) ;
#2709 = CARTESIAN_POINT ( 'NONE',  ( 3.000000000000000000, 103.3667848596428485, -1.000000000000000888 ) ) ;
#2710 = CARTESIAN_POINT ( 'NONE',  ( 324.5000000000000000, 115.5000000000000426, -1.000000000000000000 ) ) ;
#2711 = CARTESIAN_POINT ( 'NONE',  ( -2.000000000000001776, -1.999999999999960920, 6.299999999999999822 ) ) ;
#2712 = ORIENTED_EDGE ( 'NONE', *, *, #2417, .T. ) ;
#2713 = AXIS2_PLACEMENT_3D ( 'NONE', #4196, #4798, #2247 ) ;
#2714 = VERTEX_POINT ( 'NONE', #4323 ) ;
#2715 = VERTEX_POINT ( 'NONE', #6366 ) ;
#2716 = PLANE ( 'NONE',  #5313 ) ;
#2717 = AXIS2_PLACEMENT_3D ( 'NONE', #3443, #4584, #3510 ) ;
#2718 = DIRECTION ( 'NONE',  ( 1.000000000000000000, 1.252131230780251545E-16, -1.858632295689435609E-16 ) ) ;
#2719 = CARTESIAN_POINT ( 'NONE',  ( 22.91857854711384945, 97.04230521318352487, -7.268477555140597346 ) ) ;
#2720 = LINE ( 'NONE', #1221, #5295 ) ;
#2721 = FACE_OUTER_BOUND ( 'NONE', #3606, .T. ) ;
#2722 = AXIS2_PLACEMENT_3D ( 'NONE', #158, #1158, #4166 ) ;
#2723 = ORIENTED_EDGE ( 'NONE', *, *, #1102, .T. ) ;
#2724 = FACE_OUTER_BOUND ( 'NONE', #4917, .T. ) ;
#2725 = LINE ( 'NONE', #3227, #1051 ) ;
#2726 = CARTESIAN_POINT ( 'NONE',  ( 299.6517507694050551, 97.30689417265629970, -7.484395588594364490 ) ) ;
#2727 = APPLICATION_CONTEXT ( 'automotive_design' ) ;
#2728 = ORIENTED_EDGE ( 'NONE', *, *, #5579, .T. ) ;
#2729 = EDGE_CURVE ( 'NONE', #3365, #5508, #84, .T. ) ;
#2730 = EDGE_LOOP ( 'NONE', ( #5227, #2327, #3996, #1490 ) ) ;
#2731 = DIRECTION ( 'NONE',  ( -1.000000000000000000, 0.000000000000000000, 0.000000000000000000 ) ) ;
#2732 = VERTEX_POINT ( 'NONE', #4258 ) ;
#2733 = CARTESIAN_POINT ( 'NONE',  ( 220.6533119314589726, -0.9999999999999729106, 6.299999999999999822 ) ) ;
#2734 = ORIENTED_EDGE ( 'NONE', *, *, #1522, .T. ) ;
#2735 = EDGE_CURVE ( 'NONE', #4712, #460, #6303, .T. ) ;
#2736 = EDGE_CURVE ( 'NONE', #2035, #2306, #3604, .T. ) ;
#2737 = ORIENTED_EDGE ( 'NONE', *, *, #3712, .F. ) ;
#2738 = AXIS2_PLACEMENT_3D ( 'NONE', #1926, #3528, #6482 ) ;
#2739 = CARTESIAN_POINT ( 'NONE',  ( 23.90399374730479565, 96.60003415488345979, -7.861023078810865705 ) ) ;
#2740 = CARTESIAN_POINT ( 'NONE',  ( -2.000000000000000444, 118.5000000000000142, -8.200000000000054357 ) ) ;
#2741 = DIRECTION ( 'NONE',  ( -1.000000000000000000, -0.000000000000000000, -0.000000000000000000 ) ) ;
#2742 = DIRECTION ( 'NONE',  ( 0.000000000000000000, -1.000000000000000000, 0.000000000000000000 ) ) ;
#2743 = CARTESIAN_POINT ( 'NONE',  ( -0.9000000000000039080, -1.999999999999960920, 6.299999999999999822 ) ) ;
#2744 = VERTEX_POINT ( 'NONE', #280 ) ;
#2745 = CARTESIAN_POINT ( 'NONE',  ( -1.000000000000000000, -1.000000000000000000, -1.000000000000000000 ) ) ;
#2746 = AXIS2_PLACEMENT_3D ( 'NONE', #1416, #3449, #2485 ) ;
#2747 = DIRECTION ( 'NONE',  ( -1.000000000000000000, -9.427844978134816503E-17, -2.725784001906750461E-32 ) ) ;
#2748 = DIRECTION ( 'NONE',  ( -0.000000000000000000, -0.000000000000000000, 1.000000000000000000 ) ) ;
#2749 = CARTESIAN_POINT ( 'NONE',  ( 3.000000000000000000, 99.36678485964284846, -6.199999999999997513 ) ) ;
#2750 = AXIS2_PLACEMENT_3D ( 'NONE', #1162, #5740, #5175 ) ;
#2751 = LINE ( 'NONE', #2251, #4936 ) ;
#2752 = LINE ( 'NONE', #6403, #5297 ) ;
#2753 = EDGE_CURVE ( 'NONE', #781, #492, #1148, .T. ) ;
#2754 = CARTESIAN_POINT ( 'NONE',  ( 324.4999999999999432, 96.62762777391442626, -7.370325678824640292 ) ) ;
#2755 = FACE_OUTER_BOUND ( 'NONE', #4753, .T. ) ;
#2756 = CARTESIAN_POINT ( 'NONE',  ( 26.00000000000000000, 94.80613420518679391, -4.750000000000002665 ) ) ;
#2757 = CARTESIAN_POINT ( 'NONE',  ( 299.9976992602814789, 98.41033050793328130, -7.956545099142016575 ) ) ;
#2758 = ADVANCED_FACE ( 'NONE', ( #818 ), #5429, .T. ) ;
#2759 = EDGE_LOOP ( 'NONE', ( #1766, #3711, #1166, #1974 ) ) ;
#2760 = EDGE_CURVE ( 'NONE', #2677, #3724, #2949, .T. ) ;
#2761 = VERTEX_POINT ( 'NONE', #1848 ) ;
#2762 = EDGE_CURVE ( 'NONE', #1732, #6576, #5395, .T. ) ;
#2763 = DIRECTION ( 'NONE',  ( 1.000000000000000000, 0.000000000000000000, 0.000000000000000000 ) ) ;
#2764 = ORIENTED_EDGE ( 'NONE', *, *, #4904, .T. ) ;
#2765 = DIRECTION ( 'NONE',  ( -0.7071067811865414665, 0.000000000000000000, -0.7071067811865536790 ) ) ;
#2766 = ORIENTED_EDGE ( 'NONE', *, *, #1523, .T. ) ;
#2767 = ORIENTED_EDGE ( 'NONE', *, *, #167, .F. ) ;
#2768 = EDGE_CURVE ( 'NONE', #1249, #3526, #3377, .T. ) ;
#2769 = FACE_OUTER_BOUND ( 'NONE', #4272, .T. ) ;
#2770 = VECTOR ( 'NONE', #1313, 1000.000000000000000 ) ;
#2771 = FACE_OUTER_BOUND ( 'NONE', #1205, .T. ) ;
#2772 = DIRECTION ( 'NONE',  ( 0.7066406633271123949, 0.7066406633271319349, -0.03630352414311124876 ) ) ;
#2773 = CARTESIAN_POINT ( 'NONE',  ( 14.49291338582666633, 118.5000000000000142, -2.352519685038879871 ) ) ;
#2774 = LINE ( 'NONE', #3373, #4713 ) ;
#2775 = VERTEX_POINT ( 'NONE', #1882 ) ;
#2776 = CARTESIAN_POINT ( 'NONE',  ( 296.5000000000000000, 94.80613420518679391, -3.000000000000014655 ) ) ;
#2777 = VECTOR ( 'NONE', #2772, 1000.000000000000114 ) ;
#2778 = DIRECTION ( 'NONE',  ( 0.000000000000000000, 1.000000000000000000, 0.000000000000000000 ) ) ;
#2779 = CARTESIAN_POINT ( 'NONE',  ( 324.5000000000000000, 115.5000000000000000, -8.699999999999931788 ) ) ;
#2780 = CARTESIAN_POINT ( 'NONE',  ( 23.00000000000000711, 96.46780709592523806, -7.122555445701422627 ) ) ;
#2781 = AXIS2_PLACEMENT_3D ( 'NONE', #1559, #5575, #528 ) ;
#2782 = FACE_OUTER_BOUND ( 'NONE', #5065, .T. ) ;
#2783 = DIRECTION ( 'NONE',  ( 0.000000000000000000, 1.000000000000000000, -2.891205793294675861E-16 ) ) ;
#2784 = AXIS2_PLACEMENT_3D ( 'NONE', #5329, #5962, #4958 ) ;
#2785 = CIRCLE ( 'NONE', #3321, 2.200000000000007283 ) ;
#2786 = ADVANCED_FACE ( 'NONE', ( #886 ), #4996, .F. ) ;
#2787 = CARTESIAN_POINT ( 'NONE',  ( 319.5000000000000000, -0.9999999999999608091, -1.000000000000000000 ) ) ;
#2788 = LINE ( 'NONE', #3736, #2219 ) ;
#2789 =( NAMED_UNIT ( * ) PLANE_ANGLE_UNIT ( ) SI_UNIT ( $, .RADIAN. ) );
#2790 = DIRECTION ( 'NONE',  ( -0.7071067811865536790, 0.000000000000000000, -0.7071067811865414665 ) ) ;
#2791 = CIRCLE ( 'NONE', #1627, 1.750000000000001554 ) ;
#2792 = VERTEX_POINT ( 'NONE', #4394 ) ;
#2793 = DIRECTION ( 'NONE',  ( 0.000000000000000000, 0.000000000000000000, -1.000000000000000000 ) ) ;
#2794 = ORIENTED_EDGE ( 'NONE', *, *, #3351, .F. ) ;
#2795 = AXIS2_PLACEMENT_3D ( 'NONE', #105, #3172, #2129 ) ;
#2796 = CARTESIAN_POINT ( 'NONE',  ( 323.0000000000000000, 98.69713966231897473, -7.971678858777679899 ) ) ;
#2797 = ORIENTED_EDGE ( 'NONE', *, *, #1529, .T. ) ;
#2798 = EDGE_LOOP ( 'NONE', ( #6493, #2294, #1302, #3362 ) ) ;
#2799 = CARTESIAN_POINT ( 'NONE',  ( 23.00000000000000355, 81.00664417973140985, -6.306732381196063386 ) ) ;
#2800 = CARTESIAN_POINT ( 'NONE',  ( 216.5000000000000568, -2.000000000000001332, -1.000000000000000000 ) ) ;
#2801 = DIRECTION ( 'NONE',  ( 0.000000000000000000, 0.000000000000000000, -1.000000000000000000 ) ) ;
#2802 = LINE ( 'NONE', #5829, #487 ) ;
#2803 = LINE ( 'NONE', #2375, #4510 ) ;
#2804 = EDGE_LOOP ( 'NONE', ( #1134, #5141, #1836, #1837, #3877, #3263 ) ) ;
#2805 = EDGE_CURVE ( 'NONE', #622, #823, #3890, .T. ) ;
#2806 = VECTOR ( 'NONE', #2894, 1000.000000000000000 ) ;
#2807 = ORIENTED_EDGE ( 'NONE', *, *, #5214, .F. ) ;
#2808 = FACE_OUTER_BOUND ( 'NONE', #4340, .T. ) ;
#2809 = FACE_OUTER_BOUND ( 'NONE', #210, .T. ) ;
#2810 = AXIS2_PLACEMENT_3D ( 'NONE', #5635, #1958, #3560 ) ;
#2811 = CARTESIAN_POINT ( 'NONE',  ( 22.99598576447075615, 96.60200762527922791, -7.156646447511766596 ) ) ;
#2812 = DIRECTION ( 'NONE',  ( -0.000000000000000000, -0.000000000000000000, -1.000000000000000000 ) ) ;
#2813 = ORIENTED_EDGE ( 'NONE', *, *, #5613, .T. ) ;
#2814 = LINE ( 'NONE', #286, #5084 ) ;
#2815 = CARTESIAN_POINT ( 'NONE',  ( 300.0119381052165295, 97.83387931582305441, -7.572888200375698986 ) ) ;
#2816 = PRODUCT_DEFINITION ( 'UNKNOWN', '', #5155, #3359 ) ;
#2817 = EDGE_CURVE ( 'NONE', #1309, #3120, #1684, .T. ) ;
#2818 = EDGE_CURVE ( 'NONE', #4865, #1528, #5532, .T. ) ;
#2819 = CARTESIAN_POINT ( 'NONE',  ( 23.00000000000000355, 82.99999999999998579, 31.47057550292606365 ) ) ;
#2820 = DIRECTION ( 'NONE',  ( -0.000000000000000000, 2.891205793294675861E-16, -1.000000000000000000 ) ) ;
#2821 = DIRECTION ( 'NONE',  ( 1.000000000000000000, 0.000000000000000000, 0.000000000000000000 ) ) ;
#2822 = CARTESIAN_POINT ( 'NONE',  ( 7.492913385826668105, 98.84752415750148202, 1.647480314961016656 ) ) ;
#2823 = VECTOR ( 'NONE', #6521, 1000.000000000000000 ) ;
#2824 = CYLINDRICAL_SURFACE ( 'NONE', #4151, 4.000000000000003553 ) ;
#2825 = ORIENTED_EDGE ( 'NONE', *, *, #2008, .T. ) ;
#2826 = FACE_OUTER_BOUND ( 'NONE', #1805, .T. ) ;
#2827 = CARTESIAN_POINT ( 'NONE',  ( 22.76267652415581111, 96.55048647798808759, -4.964557266661393520 ) ) ;
#2828 = ORIENTED_EDGE ( 'NONE', *, *, #5599, .T. ) ;
#2829 = CARTESIAN_POINT ( 'NONE',  ( 323.5000000000000000, 99.36678485964284846, -6.199999999999997513 ) ) ;
#2830 = ORIENTED_EDGE ( 'NONE', *, *, #1745, .T. ) ;
#2831 = EDGE_CURVE ( 'NONE', #1084, #5360, #3854, .T. ) ;
#2832 = ORIENTED_EDGE ( 'NONE', *, *, #2898, .F. ) ;
#2833 = LINE ( 'NONE', #4384, #4677 ) ;
#2834 = PLANE ( 'NONE',  #261 ) ;
#2835 = FACE_OUTER_BOUND ( 'NONE', #4968, .T. ) ;
#2836 = CARTESIAN_POINT ( 'NONE',  ( 324.2626442512373046, 96.00447807784104270, -3.464541761343425730 ) ) ;
#2837 = CARTESIAN_POINT ( 'NONE',  ( 216.5000000000000568, 117.7000000000000171, -8.199999999999935341 ) ) ;
#2838 = ORIENTED_EDGE ( 'NONE', *, *, #5728, .F. ) ;
#2839 = DIRECTION ( 'NONE',  ( -0.000000000000000000, 2.891205793294675861E-16, -1.000000000000000000 ) ) ;
#2840 = VECTOR ( 'NONE', #5439, 1000.000000000000227 ) ;
#2841 = CARTESIAN_POINT ( 'NONE',  ( -4.500000000000059508, -2.515349040166358060E-15, -8.699999999999965539 ) ) ;
#2842 = DIRECTION ( 'NONE',  ( 1.000000000000000000, 0.000000000000000000, 0.000000000000000000 ) ) ;
#2843 = DIRECTION ( 'NONE',  ( -0.000000000000000000, -0.000000000000000000, 1.000000000000000000 ) ) ;
#2844 = DIRECTION ( 'NONE',  ( -1.000000000000000000, 9.427844978134817735E-17, 2.725784001906749913E-32 ) ) ;
#2845 = ORIENTED_EDGE ( 'NONE', *, *, #1138, .T. ) ;
#2846 = ADVANCED_FACE ( 'NONE', ( #2875 ), #3482, .F. ) ;
#2847 = AXIS2_PLACEMENT_3D ( 'NONE', #4926, #317, #2345 ) ;
#2848 = ORIENTED_EDGE ( 'NONE', *, *, #4159, .T. ) ;
#2849 = CARTESIAN_POINT ( 'NONE',  ( 299.9062254804376835, 97.71724169404096472, -7.553303424786463438 ) ) ;
#2850 = AXIS2_PLACEMENT_3D ( 'NONE', #315, #5964, #4391 ) ;
#2851 = CIRCLE ( 'NONE', #1266, 2.500000000000002220 ) ;
#2852 = CARTESIAN_POINT ( 'NONE',  ( 218.0974276659458155, 113.5769230769231228, -8.701999999999998181 ) ) ;
#2853 = DIRECTION ( 'NONE',  ( 0.000000000000000000, 0.000000000000000000, 1.000000000000000000 ) ) ;
#2854 = CARTESIAN_POINT ( 'NONE',  ( -1.999999999999985345, 115.5000000000000000, 6.300000000000110845 ) ) ;
#2855 = LINE ( 'NONE', #800, #339 ) ;
#2856 = EDGE_CURVE ( 'NONE', #3474, #1770, #6377, .T. ) ;
#2857 = ADVANCED_FACE ( 'NONE', ( #3987 ), #3494, .F. ) ;
#2858 = CARTESIAN_POINT ( 'NONE',  ( -1.999999999999985345, 114.4000000000000199, 6.300000000000110845 ) ) ;
#2859 = B_SPLINE_CURVE_WITH_KNOTS ( 'NONE', 1,
 ( #3728, #2281 ),
 .UNSPECIFIED., .F., .F.,
 ( 2, 2 ),
 ( 0.000000000000000000, 1.000000000000000000 ),
 .UNSPECIFIED. ) ;
#2860 = ORIENTED_EDGE ( 'NONE', *, *, #4433, .T. ) ;
#2861 = LINE ( 'NONE', #1831, #3675 ) ;
#2862 = LINE ( 'NONE', #5820, #2056 ) ;
#2863 = ORIENTED_EDGE ( 'NONE', *, *, #1523, .F. ) ;
#2864 = CARTESIAN_POINT ( 'NONE',  ( -1.565328844419332954, 98.77379567725661502, -7.975723686799921275 ) ) ;
#2865 = VERTEX_POINT ( 'NONE', #6469 ) ;
#2866 = EDGE_LOOP ( 'NONE', ( #278, #2848, #500, #6355 ) ) ;
#2867 = CARTESIAN_POINT ( 'NONE',  ( 323.5000000000000000, 60.90331193145909339, -1.000000000000000000 ) ) ;
#2868 = DIRECTION ( 'NONE',  ( 0.000000000000000000, 1.000000000000000000, 0.000000000000000000 ) ) ;
#2869 = DIRECTION ( 'NONE',  ( -0.000000000000000000, -0.000000000000000000, -1.000000000000000000 ) ) ;
#2870 = CARTESIAN_POINT ( 'NONE',  ( 214.9025723340542413, 113.5769230769231228, 6.299999999999999822 ) ) ;
#2871 = DIRECTION ( 'NONE',  ( 0.000000000000000000, -1.000000000000000000, 0.000000000000000000 ) ) ;
#2872 = ORIENTED_EDGE ( 'NONE', *, *, #5214, .T. ) ;
#2873 = DIRECTION ( 'NONE',  ( -1.000000000000000000, 0.000000000000000000, 0.000000000000000000 ) ) ;
#2874 = EDGE_CURVE ( 'NONE', #2198, #944, #298, .T. ) ;
#2875 = FACE_OUTER_BOUND ( 'NONE', #5744, .T. ) ;
#2876 = CARTESIAN_POINT ( 'NONE',  ( -2.000000000000000000, -2.000000000000000444, -2.500000000000000000 ) ) ;
#2877 = CYLINDRICAL_SURFACE ( 'NONE', #3040, 3.400000000000007017 ) ;
#2878 = DIRECTION ( 'NONE',  ( -1.000000000000000000, 0.000000000000000000, 0.000000000000000000 ) ) ;
#2879 = VERTEX_POINT ( 'NONE', #2309 ) ;
#2880 = VERTEX_POINT ( 'NONE', #5899 ) ;
#2881 = CARTESIAN_POINT ( 'NONE',  ( 299.5274961387374901, 96.87758857391354184, -7.412301835623144264 ) ) ;
#2882 = ORIENTED_EDGE ( 'NONE', *, *, #1467, .F. ) ;
#2883 = AXIS2_PLACEMENT_3D ( 'NONE', #1290, #3313, #5365 ) ;
#2884 = LINE ( 'NONE', #1891, #5069 ) ;
#2885 = CARTESIAN_POINT ( 'NONE',  ( 324.5000000000000000, 56.75000000000000000, -0.9000000000000010214 ) ) ;
#2886 = DIRECTION ( 'NONE',  ( -0.000000000000000000, -0.000000000000000000, -1.000000000000000000 ) ) ;
#2887 = FACE_OUTER_BOUND ( 'NONE', #3100, .T. ) ;
#2888 = CIRCLE ( 'NONE', #5244, 2.199999999999979750 ) ;
#2889 = ADVANCED_FACE ( 'NONE', ( #3958 ), #5999, .F. ) ;
#2890 = CARTESIAN_POINT ( 'NONE',  ( 324.8975646254955336, 97.22698622460478646, -7.894104805042975848 ) ) ;
#2891 = VERTEX_POINT ( 'NONE', #1013 ) ;
#2892 = VECTOR ( 'NONE', #680, 1000.000000000000000 ) ;
#2893 = VECTOR ( 'NONE', #889, 1000.000000000000000 ) ;
#2894 = DIRECTION ( 'NONE',  ( 0.000000000000000000, -1.000000000000000000, 0.000000000000000000 ) ) ;
#2895 = AXIS2_PLACEMENT_3D ( 'NONE', #5483, #5448, #3504 ) ;
#2896 = CARTESIAN_POINT ( 'NONE',  ( -1.999999999999999112, 83.90398314678560610, -6.459613245840625240 ) ) ;
#2897 = ORIENTED_EDGE ( 'NONE', *, *, #5434, .T. ) ;
#2898 = EDGE_CURVE ( 'NONE', #1899, #1020, #513, .T. ) ;
#2899 = CARTESIAN_POINT ( 'NONE',  ( 323.9912397377151478, 97.83435202455859780, -7.572972131884726288 ) ) ;
#2900 = ORIENTED_EDGE ( 'NONE', *, *, #5878, .F. ) ;
#2901 = EDGE_CURVE ( 'NONE', #492, #4815, #2011, .T. ) ;
#2902 = ADVANCED_FACE ( 'NONE', ( #5158 ), #484, .T. ) ;
#2903 = ORIENTED_EDGE ( 'NONE', *, *, #4551, .F. ) ;
#2904 = EDGE_CURVE ( 'NONE', #3993, #3772, #4053, .T. ) ;
#2905 = PLANE ( 'NONE',  #1689 ) ;
#2906 = LINE ( 'NONE', #3009, #4170 ) ;
#2907 = CARTESIAN_POINT ( 'NONE',  ( 53.49291338582637678, 56.99291438582643821, -1.999999999999980904 ) ) ;
#2908 = DIRECTION ( 'NONE',  ( -1.283000413665435261E-16, 1.000000000000000000, 0.000000000000000000 ) ) ;
#2909 = FACE_OUTER_BOUND ( 'NONE', #4740, .T. ) ;
#2910 = VERTEX_POINT ( 'NONE', #5061 ) ;
#2911 = DIRECTION ( 'NONE',  ( 1.000000000000000000, 1.508455196501570936E-16, 4.361254403050800956E-32 ) ) ;
#2912 = ADVANCED_FACE ( 'NONE', ( #1045 ), #4624, .F. ) ;
#2913 = DIRECTION ( 'NONE',  ( -0.000000000000000000, -0.000000000000000000, -1.000000000000000000 ) ) ;
#2914 = LINE ( 'NONE', #250, #2352 ) ;
#2915 = FACE_OUTER_BOUND ( 'NONE', #2986, .T. ) ;
#2916 = CARTESIAN_POINT ( 'NONE',  ( -1.999999999999997780, 94.80613420518679391, -4.750000000000002665 ) ) ;
#2917 = ORIENTED_EDGE ( 'NONE', *, *, #5939, .T. ) ;
#2918 = AXIS2_PLACEMENT_3D ( 'NONE', #3244, #6297, #1778 ) ;
#2919 = EDGE_LOOP ( 'NONE', ( #5583, #1880, #4778, #5086 ) ) ;
#2920 = CARTESIAN_POINT ( 'NONE',  ( 300.6091267444205073, 98.21021037964302991, -7.636093068445672927 ) ) ;
#2921 = VERTEX_POINT ( 'NONE', #4560 ) ;
#2922 = VECTOR ( 'NONE', #3918, 1000.000000000000000 ) ;
#2923 = DIRECTION ( 'NONE',  ( 1.000000000000000000, 0.000000000000000000, 0.000000000000000000 ) ) ;
#2924 = LINE ( 'NONE', #2654, #2956 ) ;
#2925 = CARTESIAN_POINT ( 'NONE',  ( 106.0000000000000142, 114.4000000000000057, -8.699999999999931788 ) ) ;
#2926 = LINE ( 'NONE', #3904, #1300 ) ;
#2927 = AXIS2_PLACEMENT_3D ( 'NONE', #4229, #2748, #155 ) ;
#2928 = ORIENTED_EDGE ( 'NONE', *, *, #6535, .F. ) ;
#2929 = EDGE_CURVE ( 'NONE', #492, #3652, #6604, .T. ) ;
#2930 = ORIENTED_EDGE ( 'NONE', *, *, #2028, .T. ) ;
#2931 = DIRECTION ( 'NONE',  ( -0.000000000000000000, 0.000000000000000000, 1.000000000000000000 ) ) ;
#2932 = AXIS2_PLACEMENT_3D ( 'NONE', #226, #36, #2065 ) ;
#2933 = ORIENTED_EDGE ( 'NONE', *, *, #540, .F. ) ;
#2934 = EDGE_CURVE ( 'NONE', #2024, #136, #3814, .T. ) ;
#2935 = DIRECTION ( 'NONE',  ( -1.508455196501570936E-16, 1.000000000000000000, 0.000000000000000000 ) ) ;
#2936 = ORIENTED_EDGE ( 'NONE', *, *, #3727, .T. ) ;
#2937 = ORIENTED_EDGE ( 'NONE', *, *, #3195, .F. ) ;
#2938 = LINE ( 'NONE', #5018, #3301 ) ;
#2939 = LINE ( 'NONE', #4046, #874 ) ;
#2940 = CARTESIAN_POINT ( 'NONE',  ( 327.2781327575735872, 83.51235918151878934, -6.891919694606384539 ) ) ;
#2941 = EDGE_CURVE ( 'NONE', #3204, #781, #580, .T. ) ;
#2942 = DIRECTION ( 'NONE',  ( 0.7778006418176448555, -0.6285110671961630091, -2.120116546139338500E-32 ) ) ;
#2943 = VERTEX_POINT ( 'NONE', #4084 ) ;
#2944 = EDGE_CURVE ( 'NONE', #2501, #6116, #2980, .T. ) ;
#2945 = CYLINDRICAL_SURFACE ( 'NONE', #5208, 1.499999999999997113 ) ;
#2946 = EDGE_CURVE ( 'NONE', #3498, #2213, #2214, .T. ) ;
#2947 = EDGE_CURVE ( 'NONE', #1052, #5262, #414, .T. ) ;
#2948 = EDGE_CURVE ( 'NONE', #402, #4884, #3069, .T. ) ;
#2949 = LINE ( 'NONE', #1386, #6066 ) ;
#2950 = CARTESIAN_POINT ( 'NONE',  ( -1.791143563938273342, 97.36385016415552229, -7.350170082838918262 ) ) ;
#2951 = DIRECTION ( 'NONE',  ( 0.000000000000000000, -0.000000000000000000, 1.000000000000000000 ) ) ;
#2952 = CARTESIAN_POINT ( 'NONE',  ( 106.0000000000000142, 115.5000000000000000, -8.699999999999931788 ) ) ;
#2953 = ORIENTED_EDGE ( 'NONE', *, *, #6183, .T. ) ;
#2954 = ORIENTED_EDGE ( 'NONE', *, *, #753, .F. ) ;
#2955 = LINE ( 'NONE', #5941, #3976 ) ;
#2956 = VECTOR ( 'NONE', #5700, 1000.000000000000000 ) ;
#2957 = EDGE_LOOP ( 'NONE', ( #2107, #4077, #300, #3708 ) ) ;
#2958 = DIRECTION ( 'NONE',  ( 0.000000000000000000, 1.000000000000000000, 0.000000000000000000 ) ) ;
#2959 = LINE ( 'NONE', #4408, #4239 ) ;
#2960 = CARTESIAN_POINT ( 'NONE',  ( 324.5000000000000000, 82.48877974498449817, 31.28450654694646360 ) ) ;
#2961 = FACE_OUTER_BOUND ( 'NONE', #1737, .T. ) ;
#2962 = ORIENTED_EDGE ( 'NONE', *, *, #2929, .T. ) ;
#2963 = AXIS2_PLACEMENT_3D ( 'NONE', #827, #6345, #1193 ) ;
#2964 = VECTOR ( 'NONE', #3614, 1000.000000000000000 ) ;
#2965 = ORIENTED_EDGE ( 'NONE', *, *, #3842, .F. ) ;
#2966 = CARTESIAN_POINT ( 'NONE',  ( 293.5000000000000000, 114.5000000000000426, -6.200000000000000178 ) ) ;
#2967 = EDGE_CURVE ( 'NONE', #3238, #4209, #1260, .T. ) ;
#2968 = CIRCLE ( 'NONE', #4682, 2.199999999999979750 ) ;
#2969 = PLANE ( 'NONE',  #27 ) ;
#2970 = EDGE_LOOP ( 'NONE', ( #3153, #3587, #5134, #153 ) ) ;
#2971 = ADVANCED_FACE ( 'NONE', ( #545 ), #4571, .F. ) ;
#2972 = VERTEX_POINT ( 'NONE', #2606 ) ;
#2973 = AXIS2_PLACEMENT_3D ( 'NONE', #295, #2325, #1826 ) ;
#2974 = DIRECTION ( 'NONE',  ( -1.000000000000000000, 0.000000000000000000, 0.000000000000000000 ) ) ;
#2975 = DIRECTION ( 'NONE',  ( -0.000000000000000000, 0.000000000000000000, 1.000000000000000000 ) ) ;
#2976 = CARTESIAN_POINT ( 'NONE',  ( 324.2143353254793396, 96.11737506430196731, -3.579323217498634246 ) ) ;
#2977 = CYLINDRICAL_SURFACE ( 'NONE', #5157, 3.499999999999999556 ) ;
#2978 = ORIENTED_EDGE ( 'NONE', *, *, #793, .T. ) ;
#2979 = CARTESIAN_POINT ( 'NONE',  ( 301.0000000000000000, 82.48877974498449817, 31.28450654694646360 ) ) ;
#2980 = B_SPLINE_CURVE_WITH_KNOTS ( 'NONE', 3,
 ( #4530, #3114, #1483, #4116, #451, #2547, #4153, #2514, #5095, #6131 ),
 .UNSPECIFIED., .F., .F.,
 ( 4, 2, 2, 2, 4 ),
 ( 0.000000000000000000, 0.2500000000000000000, 0.5000000000000000000, 0.7500000000000000000, 1.000000000000000000 ),
 .UNSPECIFIED. ) ;
#2981 = ADVANCED_FACE ( 'NONE', ( #4658 ), #6068, .F. ) ;
#2982 = DIRECTION ( 'NONE',  ( 0.000000000000000000, 0.000000000000000000, 1.000000000000000000 ) ) ;
#2983 = DIRECTION ( 'NONE',  ( -0.000000000000000000, -0.000000000000000000, -1.000000000000000000 ) ) ;
#2984 = LINE ( 'NONE', #6472, #408 ) ;
#2985 = CARTESIAN_POINT ( 'NONE',  ( -1.999999999999999112, 82.99999999999998579, 31.47057550292606365 ) ) ;
#2986 = EDGE_LOOP ( 'NONE', ( #5477, #4422, #3266, #3717 ) ) ;
#2987 = VERTEX_POINT ( 'NONE', #2643 ) ;
#2988 = CARTESIAN_POINT ( 'NONE',  ( -0.8889243912459148245, 98.17044497228503985, -7.555077872390637772 ) ) ;
#2989 = ORIENTED_EDGE ( 'NONE', *, *, #6265, .T. ) ;
#2990 =( BOUNDED_CURVE ( )  B_SPLINE_CURVE ( 3, ( #3177, #181, #4279, #211 ),
 .UNSPECIFIED., .F., .F. ) 
 B_SPLINE_CURVE_WITH_KNOTS ( ( 4, 4 ),
 ( 1.570796326794896780, 3.141592653589793116 ),
 .UNSPECIFIED. ) 
 CURVE ( )  GEOMETRIC_REPRESENTATION_ITEM ( )  RATIONAL_B_SPLINE_CURVE ( ( 1.000000000000000000, 0.8047378541243650485, 0.8047378541243650485, 1.000000000000000000 ) ) 
 REPRESENTATION_ITEM ( '' )  );
#2991 = DIRECTION ( 'NONE',  ( 1.283000413665435261E-16, -1.000000000000000000, -0.000000000000000000 ) ) ;
#2992 = LINE ( 'NONE', #3969, #3503 ) ;
#2993 = CARTESIAN_POINT ( 'NONE',  ( -4.500000000000059508, -0.1454312086438915297, -2.756155970267300859 ) ) ;
#2994 = CIRCLE ( 'NONE', #5344, 4.000000000000003553 ) ;
#2995 = DIRECTION ( 'NONE',  ( 0.000000000000000000, -1.000000000000000000, 0.000000000000000000 ) ) ;
#2996 = ORIENTED_EDGE ( 'NONE', *, *, #2196, .F. ) ;
#2997 = AXIS2_PLACEMENT_3D ( 'NONE', #3848, #4956, #3952 ) ;
#2998 = EDGE_CURVE ( 'NONE', #4640, #6196, #647, .T. ) ;
#2999 = EDGE_LOOP ( 'NONE', ( #4784, #3335, #2767, #605 ) ) ;
#3000 = CARTESIAN_POINT ( 'NONE',  ( 323.8730611815907992, 97.93703575353421797, -7.590216492146238281 ) ) ;
#3001 = AXIS2_PLACEMENT_3D ( 'NONE', #1879, #6394, #1248 ) ;
#3002 = AXIS2_PLACEMENT_3D ( 'NONE', #2822, #3971, #4872 ) ;
#3003 = CARTESIAN_POINT ( 'NONE',  ( 323.9149851442763293, 97.90528434930156720, -7.584883870634334002 ) ) ;
#3004 = ORIENTED_EDGE ( 'NONE', *, *, #5197, .T. ) ;
#3005 = AXIS2_PLACEMENT_3D ( 'NONE', #2073, #4117, #5654 ) ;
#3006 = CIRCLE ( 'NONE', #6217, 1.099999999999999867 ) ;
#3007 = CIRCLE ( 'NONE', #4405, 3.000000000000000000 ) ;
#3008 = ORIENTED_EDGE ( 'NONE', *, *, #2403, .F. ) ;
#3009 = CARTESIAN_POINT ( 'NONE',  ( -5.000000000000000000, 115.5000000000000000, -8.200000000000043698 ) ) ;
#3010 = DIRECTION ( 'NONE',  ( -5.159220625078208860E-17, -0.3420201433256714885, 0.9396926207859074287 ) ) ;
#3011 = CARTESIAN_POINT ( 'NONE',  ( -1.999999999999985345, 115.5000000000000000, -8.199999999999935341 ) ) ;
#3012 = LINE ( 'NONE', #5057, #784 ) ;
#3013 = ORIENTED_EDGE ( 'NONE', *, *, #952, .F. ) ;
#3014 = LINE ( 'NONE', #511, #2322 ) ;
#3015 = DIRECTION ( 'NONE',  ( -0.000000000000000000, -0.000000000000000000, -1.000000000000000000 ) ) ;
#3016 = ADVANCED_FACE ( 'NONE', ( #2769 ), #2271, .F. ) ;
#3017 = DIRECTION ( 'NONE',  ( 1.000000000000000000, -0.000000000000000000, -0.000000000000000000 ) ) ;
#3018 = DIRECTION ( 'NONE',  ( 0.000000000000000000, 0.000000000000000000, 1.000000000000000000 ) ) ;
#3019 = CARTESIAN_POINT ( 'NONE',  ( 324.9999999999999432, -0.1454312086438941110, -2.756155970267300859 ) ) ;
#3020 = ORIENTED_EDGE ( 'NONE', *, *, #1268, .T. ) ;
#3021 = EDGE_CURVE ( 'NONE', #3475, #1287, #4995, .T. ) ;
#3022 = VECTOR ( 'NONE', #2332, 1000.000000000000114 ) ;
#3023 = ORIENTED_EDGE ( 'NONE', *, *, #6004, .T. ) ;
#3024 = CARTESIAN_POINT ( 'NONE',  ( 3.000000000000113687, 114.5000000000000000, -6.200000000000000178 ) ) ;
#3025 = EDGE_LOOP ( 'NONE', ( #4511, #2723, #5955, #5497 ) ) ;
#3026 = CYLINDRICAL_SURFACE ( 'NONE', #5172, 1.749999999999994671 ) ;
#3027 = CARTESIAN_POINT ( 'NONE',  ( -0.9999999999999981126, 99.36678485964284846, -1.000000000000000000 ) ) ;
#3028 = FACE_OUTER_BOUND ( 'NONE', #1394, .T. ) ;
#3029 = DIRECTION ( 'NONE',  ( -1.000000000000000000, 0.000000000000000000, 0.000000000000000000 ) ) ;
#3030 = ORIENTED_EDGE ( 'NONE', *, *, #3326, .F. ) ;
#3031 = EDGE_CURVE ( 'NONE', #1517, #4547, #2990, .T. ) ;
#3032 = VECTOR ( 'NONE', #331, 1000.000000000000000 ) ;
#3033 = EDGE_CURVE ( 'NONE', #395, #6237, #4219, .T. ) ;
#3034 = ORIENTED_EDGE ( 'NONE', *, *, #6092, .F. ) ;
#3035 = DIRECTION ( 'NONE',  ( -3.224512890673879998E-17, -0.3420201433256714885, 0.9396926207859074287 ) ) ;
#3036 = CARTESIAN_POINT ( 'NONE',  ( 216.5000000000000568, 113.2999999999999972, -8.199999999999935341 ) ) ;
#3037 = VECTOR ( 'NONE', #5975, 1000.000000000000000 ) ;
#3038 = CARTESIAN_POINT ( 'NONE',  ( 323.6444306404858935, 98.58630800353110146, -7.965830720186324321 ) ) ;
#3039 = VERTEX_POINT ( 'NONE', #1675 ) ;
#3040 = AXIS2_PLACEMENT_3D ( 'NONE', #6039, #1918, #3926 ) ;
#3041 = EDGE_LOOP ( 'NONE', ( #2559, #3088, #995, #6118 ) ) ;
#3042 = AXIS2_PLACEMENT_3D ( 'NONE', #2854, #1333, #4334 ) ;
#3043 = CARTESIAN_POINT ( 'NONE',  ( 33.00000000000000000, 88.49999999999997158, -6.199999999999997513 ) ) ;
#3044 = DIRECTION ( 'NONE',  ( -2.725784001906750461E-32, 0.000000000000000000, 1.000000000000000000 ) ) ;
#3045 = FACE_OUTER_BOUND ( 'NONE', #1700, .T. ) ;
#3046 = VERTEX_POINT ( 'NONE', #1775 ) ;
#3047 = AXIS2_PLACEMENT_3D ( 'NONE', #2116, #3699, #1752 ) ;
#3048 = DIRECTION ( 'NONE',  ( -0.000000000000000000, -0.000000000000000000, -1.000000000000000000 ) ) ;
#3049 = VERTEX_POINT ( 'NONE', #3815 ) ;
#3050 = DIRECTION ( 'NONE',  ( -1.000000000000000000, 0.000000000000000000, 0.000000000000000000 ) ) ;
#3051 = CARTESIAN_POINT ( 'NONE',  ( -1.889997953664314778, 97.12898506341321081, -7.290514577649136463 ) ) ;
#3052 = LINE ( 'NONE', #12, #6464 ) ;
#3053 = CARTESIAN_POINT ( 'NONE',  ( 324.5000000000000000, 115.5000000000000000, 6.300000000000110845 ) ) ;
#3054 = ORIENTED_EDGE ( 'NONE', *, *, #3392, .T. ) ;
#3055 = ORIENTED_EDGE ( 'NONE', *, *, #4912, .F. ) ;
#3056 = LINE ( 'NONE', #461, #4291 ) ;
#3057 = ORIENTED_EDGE ( 'NONE', *, *, #2161, .F. ) ;
#3058 = FACE_OUTER_BOUND ( 'NONE', #1781, .T. ) ;
#3059 = CARTESIAN_POINT ( 'NONE',  ( -5.000000000000000000, -5.000000000000000888, -2.000000000000047073 ) ) ;
#3060 = EDGE_CURVE ( 'NONE', #2705, #907, #3147, .T. ) ;
#3061 = DIRECTION ( 'NONE',  ( -0.6285110671961662288, -0.7778006418176423020, 2.741096659175437869E-32 ) ) ;
#3062 = CARTESIAN_POINT ( 'NONE',  ( 216.5000000000000284, -1.999999999999988010, -1.999999999999999556 ) ) ;
#3063 = ORIENTED_EDGE ( 'NONE', *, *, #6516, .T. ) ;
#3064 = ORIENTED_EDGE ( 'NONE', *, *, #3151, .T. ) ;
#3065 = VECTOR ( 'NONE', #399, 1000.000000000000000 ) ;
#3066 = CARTESIAN_POINT ( 'NONE',  ( 23.71919139521040876, 83.14932317453501298, -6.603962261993759242 ) ) ;
#3067 = DIRECTION ( 'NONE',  ( 4.361254403050800956E-32, 0.000000000000000000, -1.000000000000000000 ) ) ;
#3068 = ADVANCED_FACE ( 'NONE', ( #5188 ), #5014, .T. ) ;
#3069 = CIRCLE ( 'NONE', #3709, 2.500000000000057732 ) ;
#3070 = LINE ( 'NONE', #5116, #3658 ) ;
#3071 = ORIENTED_EDGE ( 'NONE', *, *, #3033, .F. ) ;
#3072 = EDGE_LOOP ( 'NONE', ( #6561, #4121, #2604, #3836 ) ) ;
#3073 = CIRCLE ( 'NONE', #2963, 2.500000000000002220 ) ;
#3074 = DIRECTION ( 'NONE',  ( -0.000000000000000000, -0.000000000000000000, 1.000000000000000000 ) ) ;
#3075 = DIRECTION ( 'NONE',  ( 0.000000000000000000, -0.7071067811865398012, 0.7071067811865552333 ) ) ;
#3076 = EDGE_LOOP ( 'NONE', ( #85, #774, #2201 ) ) ;
#3077 = CARTESIAN_POINT ( 'NONE',  ( 296.5000000000000000, 94.80613420518679391, -4.750000000000002665 ) ) ;
#3078 = ORIENTED_EDGE ( 'NONE', *, *, #524, .T. ) ;
#3079 = CIRCLE ( 'NONE', #4687, 4.000000000000003553 ) ;
#3080 = CARTESIAN_POINT ( 'NONE',  ( 53.49291338582637678, 56.99291438582643821, -2.500000000000000000 ) ) ;
#3081 = DIRECTION ( 'NONE',  ( 1.239088197126290817E-16, 1.551501029313025519E-32, 1.000000000000000000 ) ) ;
#3082 = CARTESIAN_POINT ( 'NONE',  ( -1.990105854211636105, 96.67201132224111859, -7.174429398710715944 ) ) ;
#3083 = CARTESIAN_POINT ( 'NONE',  ( 327.5000000000000000, 94.80613420518679391, -3.000000000000007994 ) ) ;
#3084 = CARTESIAN_POINT ( 'NONE',  ( 324.5000000000000000, 56.75000000000002132, -8.701999999999998181 ) ) ;
#3085 = ORIENTED_EDGE ( 'NONE', *, *, #1969, .F. ) ;
#3086 = ORIENTED_EDGE ( 'NONE', *, *, #2753, .T. ) ;
#3087 = CARTESIAN_POINT ( 'NONE',  ( -1.848249230600269577, 97.24726338028752082, -7.320561333094663503 ) ) ;
#3088 = ORIENTED_EDGE ( 'NONE', *, *, #335, .T. ) ;
#3089 = EDGE_CURVE ( 'NONE', #903, #3684, #6497, .T. ) ;
#3090 = CARTESIAN_POINT ( 'NONE',  ( 101.8466880685409990, 3.000000000000011990, -8.701999999999998181 ) ) ;
#3091 = DIRECTION ( 'NONE',  ( 0.000000000000000000, 0.000000000000000000, 1.000000000000000000 ) ) ;
#3092 = DIRECTION ( 'NONE',  ( -0.000000000000000000, -0.000000000000000000, -1.000000000000000000 ) ) ;
#3093 = LINE ( 'NONE', #561, #6431 ) ;
#3094 = ORIENTED_EDGE ( 'NONE', *, *, #2360, .F. ) ;
#3095 = CARTESIAN_POINT ( 'NONE',  ( -1.999999999999999112, 82.48877974498451238, 31.28450654694644939 ) ) ;
#3096 = CARTESIAN_POINT ( 'NONE',  ( 299.5000000000000000, 83.49999999999995737, 31.47057550292607786 ) ) ;
#3097 = EDGE_CURVE ( 'NONE', #2501, #5783, #3144, .T. ) ;
#3098 = AXIS2_PLACEMENT_3D ( 'NONE', #2709, #3207, #1648 ) ;
#3099 = FACE_OUTER_BOUND ( 'NONE', #5277, .T. ) ;
#3100 = EDGE_LOOP ( 'NONE', ( #1812, #2585, #6075 ) ) ;
#3101 = VERTEX_POINT ( 'NONE', #3036 ) ;
#3102 = CIRCLE ( 'NONE', #1081, 1.099999999999989875 ) ;
#3103 = DIRECTION ( 'NONE',  ( 0.000000000000000000, 0.4601214717048388581, 0.8878559743990988018 ) ) ;
#3104 = DIRECTION ( 'NONE',  ( -0.000000000000000000, -0.000000000000000000, 1.000000000000000000 ) ) ;
#3105 = VERTEX_POINT ( 'NONE', #5385 ) ;
#3106 = ADVANCED_FACE ( 'NONE', ( #3405 ), #2905, .F. ) ;
#3107 = CIRCLE ( 'NONE', #232, 4.000000000000003553 ) ;
#3108 = FACE_OUTER_BOUND ( 'NONE', #6086, .T. ) ;
#3109 = VECTOR ( 'NONE', #5408, 1000.000000000000114 ) ;
#3110 = VERTEX_POINT ( 'NONE', #776 ) ;
#3111 = EDGE_CURVE ( 'NONE', #6154, #1286, #201, .T. ) ;
#3112 = EDGE_CURVE ( 'NONE', #2200, #1457, #1909, .T. ) ;
#3113 = ADVANCED_FACE ( 'NONE', ( #5451 ), #3881, .T. ) ;
#3114 = CARTESIAN_POINT ( 'NONE',  ( 300.7389185845100315, 98.69715874751638296, -7.971679865826393652 ) ) ;
#3115 = DIRECTION ( 'NONE',  ( -0.000000000000000000, 2.891205793294675861E-16, -1.000000000000000000 ) ) ;
#3116 = CARTESIAN_POINT ( 'NONE',  ( -0.4999999999999991673, 82.48877974498451238, 31.28450654694644939 ) ) ;
#3117 = CARTESIAN_POINT ( 'NONE',  ( 323.4000000000000341, -2.000000000000001776, -0.9000000000000010214 ) ) ;
#3118 = VECTOR ( 'NONE', #4916, 1000.000000000000000 ) ;
#3119 = DIRECTION ( 'NONE',  ( -1.000000000000000000, 0.000000000000000000, 0.000000000000000000 ) ) ;
#3120 = VERTEX_POINT ( 'NONE', #3915 ) ;
#3121 = ORIENTED_EDGE ( 'NONE', *, *, #5847, .T. ) ;
#3122 = CARTESIAN_POINT ( 'NONE',  ( -1.923389366933592637, 97.03454946537890180, -7.266525451512017675 ) ) ;
#3123 = ORIENTED_EDGE ( 'NONE', *, *, #1024, .T. ) ;
#3124 = DIRECTION ( 'NONE',  ( -1.000000000000000000, 9.427844978134817735E-17, 2.725784001906749913E-32 ) ) ;
#3125 = LINE ( 'NONE', #1657, #74 ) ;
#3126 = CYLINDRICAL_SURFACE ( 'NONE', #4404, 1.099999999999998535 ) ;
#3127 = CARTESIAN_POINT ( 'NONE',  ( 106.0000000000000142, 115.5000000000000000, -7.099999999999941025 ) ) ;
#3128 = VECTOR ( 'NONE', #642, 1000.000000000000000 ) ;
#3129 = ORIENTED_EDGE ( 'NONE', *, *, #6184, .T. ) ;
#3130 = CARTESIAN_POINT ( 'NONE',  ( 324.1264204068943400, 97.67756851972319510, -7.546637244849407899 ) ) ;
#3131 = PLANE ( 'NONE',  #2750 ) ;
#3132 = AXIS2_PLACEMENT_3D ( 'NONE', #1475, #6061, #4016 ) ;
#3133 = LINE ( 'NONE', #4710, #772 ) ;
#3134 = EDGE_LOOP ( 'NONE', ( #5695, #2231, #209, #2903 ) ) ;
#3135 = ORIENTED_EDGE ( 'NONE', *, *, #3459, .F. ) ;
#3136 = AXIS2_PLACEMENT_3D ( 'NONE', #3253, #3159, #2718 ) ;
#3137 =( NAMED_UNIT ( * ) SI_UNIT ( $, .STERADIAN. ) SOLID_ANGLE_UNIT ( ) );
#3138 = ADVANCED_FACE ( 'NONE', ( #377 ), #4348, .F. ) ;
#3139 = DIRECTION ( 'NONE',  ( -0.000000000000000000, -0.000000000000000000, -1.000000000000000000 ) ) ;
#3140 = VERTEX_POINT ( 'NONE', #811 ) ;
#3141 = VECTOR ( 'NONE', #318, 1000.000000000000114 ) ;
#3142 = DIRECTION ( 'NONE',  ( 0.7071067811865563435, 0.03725933280158481853, 0.7061244522880995023 ) ) ;
#3143 = ORIENTED_EDGE ( 'NONE', *, *, #5200, .F. ) ;
#3144 = B_SPLINE_CURVE_WITH_KNOTS ( 'NONE', 1,
 ( #4919, #5354 ),
 .UNSPECIFIED., .F., .F.,
 ( 2, 2 ),
 ( 0.000000000000000000, 1.000000000000000000 ),
 .UNSPECIFIED. ) ;
#3145 = VERTEX_POINT ( 'NONE', #5958 ) ;
#3146 = ADVANCED_FACE ( 'NONE', ( #502 ), #5491, .F. ) ;
#3147 = LINE ( 'NONE', #4689, #2436 ) ;
#3148 = DIRECTION ( 'NONE',  ( -0.000000000000000000, -0.000000000000000000, -1.000000000000000000 ) ) ;
#3149 = DIRECTION ( 'NONE',  ( 0.000000000000000000, 0.000000000000000000, 1.000000000000000000 ) ) ;
#3150 = DIRECTION ( 'NONE',  ( 0.000000000000000000, -0.000000000000000000, -1.000000000000000000 ) ) ;
#3151 = EDGE_CURVE ( 'NONE', #2200, #519, #5641, .T. ) ;
#3152 = DIRECTION ( 'NONE',  ( -1.000000000000000000, 0.000000000000000000, 0.000000000000000000 ) ) ;
#3153 = ORIENTED_EDGE ( 'NONE', *, *, #1135, .F. ) ;
#3154 = EDGE_CURVE ( 'NONE', #3110, #4915, #2833, .T. ) ;
#3155 = ADVANCED_FACE ( 'NONE', ( #6458 ), #2533, .F. ) ;
#3156 = ADVANCED_FACE ( 'NONE', ( #5991 ), #4579, .F. ) ;
#3157 = ORIENTED_EDGE ( 'NONE', *, *, #792, .T. ) ;
#3158 = VERTEX_POINT ( 'NONE', #844 ) ;
#3159 = DIRECTION ( 'NONE',  ( 4.288610157942358541E-17, 0.7071067811865188180, 0.7071067811865762165 ) ) ;
#3160 = PLANE ( 'NONE',  #4136 ) ;
#3161 = DIRECTION ( 'NONE',  ( -0.000000000000000000, 0.000000000000000000, 1.000000000000000000 ) ) ;
#3162 = CARTESIAN_POINT ( 'NONE',  ( 299.5010527986063380, 96.62295122686977322, -7.369533821355683578 ) ) ;
#3163 = ORIENTED_EDGE ( 'NONE', *, *, #4698, .T. ) ;
#3164 = DIRECTION ( 'NONE',  ( -0.000000000000000000, -1.000000000000000000, -0.000000000000000000 ) ) ;
#3165 = CARTESIAN_POINT ( 'NONE',  ( 300.6110756087812774, 98.19926193666850622, -7.634251831315705950 ) ) ;
#3166 = CARTESIAN_POINT ( 'NONE',  ( 324.9360331545896656, 97.08976027003137688, -7.886863946163361838 ) ) ;
#3167 = ORIENTED_EDGE ( 'NONE', *, *, #6051, .T. ) ;
#3168 = AXIS2_PLACEMENT_3D ( 'NONE', #2885, #1460, #4506 ) ;
#3169 = ORIENTED_EDGE ( 'NONE', *, *, #3112, .F. ) ;
#3170 = AXIS2_PLACEMENT_3D ( 'NONE', #1409, #6596, #3406 ) ;
#3171 = VECTOR ( 'NONE', #43, 1000.000000000000000 ) ;
#3172 = DIRECTION ( 'NONE',  ( -0.000000000000000000, 2.891205793294675861E-16, -1.000000000000000000 ) ) ;
#3173 = ORIENTED_EDGE ( 'NONE', *, *, #857, .T. ) ;
#3174 = DIRECTION ( 'NONE',  ( 1.506359616073056287E-16, -0.9986107771491159468, 0.05269265377297461389 ) ) ;
#3175 = EDGE_LOOP ( 'NONE', ( #4142, #783 ) ) ;
#3176 = ORIENTED_EDGE ( 'NONE', *, *, #4528, .T. ) ;
#3177 = CARTESIAN_POINT ( 'NONE',  ( 299.5000000000000000, 94.78533450744475886, -2.500000000000002220 ) ) ;
#3178 = CYLINDRICAL_SURFACE ( 'NONE', #1194, 3.499999999999999556 ) ;
#3179 = CARTESIAN_POINT ( 'NONE',  ( 319.5000000000000000, 52.59668806854095635, -8.701999999999998181 ) ) ;
#3180 = DIRECTION ( 'NONE',  ( -1.000000000000000000, -9.427844978134817735E-17, -2.725784001906750461E-32 ) ) ;
#3181 = DIRECTION ( 'NONE',  ( -1.000000000000000000, -0.000000000000000000, -0.000000000000000000 ) ) ;
#3182 = ORIENTED_EDGE ( 'NONE', *, *, #5599, .F. ) ;
#3183 = EDGE_CURVE ( 'NONE', #1457, #4695, #5111, .T. ) ;
#3184 = ORIENTED_EDGE ( 'NONE', *, *, #3393, .F. ) ;
#3185 = ORIENTED_EDGE ( 'NONE', *, *, #406, .T. ) ;
#3186 = CARTESIAN_POINT ( 'NONE',  ( 214.9025723340542982, -0.07692307692306210587, -1.000000000000000000 ) ) ;
#3187 = DIRECTION ( 'NONE',  ( -1.000000000000000000, 0.000000000000000000, 0.000000000000000000 ) ) ;
#3188 = CARTESIAN_POINT ( 'NONE',  ( 22.97948938209189151, 96.75910484797277888, -7.196551675331466669 ) ) ;
#3189 = CARTESIAN_POINT ( 'NONE',  ( 8.392913385826666683, 115.1000000000000085, -0.7525196850389815895 ) ) ;
#3190 = ADVANCED_FACE ( 'NONE', ( #3337 ), #2337, .F. ) ;
#3191 = EDGE_LOOP ( 'NONE', ( #1920, #5883, #1734, #3896 ) ) ;
#3192 = CARTESIAN_POINT ( 'NONE',  ( 324.5000000000000568, 95.72040586695536035, -2.500000000000002220 ) ) ;
#3193 = PLANE ( 'NONE',  #3609 ) ;
#3194 = CARTESIAN_POINT ( 'NONE',  ( 299.4097851554585645, 97.85080587926364615, -7.927021246395192122 ) ) ;
#3195 = EDGE_CURVE ( 'NONE', #4665, #1661, #3369, .T. ) ;
#3196 = DIRECTION ( 'NONE',  ( -1.000000000000000000, 0.000000000000000000, 0.000000000000000000 ) ) ;
#3197 = ORIENTED_EDGE ( 'NONE', *, *, #2221, .F. ) ;
#3198 = ORIENTED_EDGE ( 'NONE', *, *, #3643, .T. ) ;
#3199 = CARTESIAN_POINT ( 'NONE',  ( 14.49291338582666810, 115.1000000000000085, 5.147480314961017100 ) ) ;
#3200 = VERTEX_POINT ( 'NONE', #4070 ) ;
#3201 = DIRECTION ( 'NONE',  ( 0.000000000000000000, 1.000000000000000000, 0.000000000000000000 ) ) ;
#3202 = ORIENTED_EDGE ( 'NONE', *, *, #3642, .T. ) ;
#3203 = VECTOR ( 'NONE', #5691, 1000.000000000000227 ) ;
#3204 = VERTEX_POINT ( 'NONE', #1663 ) ;
#3205 = CARTESIAN_POINT ( 'NONE',  ( 23.08861574925793292, 98.39442085991551323, -7.955705611331707949 ) ) ;
#3206 = DIRECTION ( 'NONE',  ( -1.000000000000000000, 0.000000000000000000, 0.000000000000000000 ) ) ;
#3207 = DIRECTION ( 'NONE',  ( 0.000000000000000000, 0.000000000000000000, -1.000000000000000000 ) ) ;
#3208 = CARTESIAN_POINT ( 'NONE',  ( -5.000000000000000000, -5.000000000000000888, -1.000000000000000000 ) ) ;
#3209 = CARTESIAN_POINT ( 'NONE',  ( 106.0000000000000142, 115.5000000000000000, -8.199999999999935341 ) ) ;
#3210 = ORIENTED_EDGE ( 'NONE', *, *, #6585, .T. ) ;
#3211 = VECTOR ( 'NONE', #668, 1000.000000000000000 ) ;
#3212 = ORIENTED_EDGE ( 'NONE', *, *, #4339, .F. ) ;
#3213 = EDGE_LOOP ( 'NONE', ( #6057, #2828, #5650, #2277, #3167, #1082, #5288, #170, #1896, #742, #4276, #4503, #3860, #2165, #3914, #1886, #1008, #470, #1636, #2712, #6588, #2160, #1399, #2349, #1146, #3397, #6438, #855, #2369, #2797, #2978, #6412, #6195 ) ) ;
#3214 = EDGE_CURVE ( 'NONE', #1651, #2582, #1096, .T. ) ;
#3215 = VECTOR ( 'NONE', #1076, 1000.000000000000000 ) ;
#3216 = AXIS2_PLACEMENT_3D ( 'NONE', #4863, #790, #5969 ) ;
#3217 = ADVANCED_FACE ( 'NONE', ( #5670 ), #3131, .T. ) ;
#3218 = CARTESIAN_POINT ( 'NONE',  ( 106.0000000000000142, 115.5000000000000000, -8.699999999999931788 ) ) ;
#3219 = ADVANCED_FACE ( 'NONE', ( #130, #2561, #2628, #5115, #4609, #601, #5143, #5644 ), #532, .T. ) ;
#3220 = FACE_OUTER_BOUND ( 'NONE', #5577, .T. ) ;
#3221 = CARTESIAN_POINT ( 'NONE',  ( 216.5000000000000568, 116.5999999999999943, 6.300000000000110845 ) ) ;
#3222 = CYLINDRICAL_SURFACE ( 'NONE', #3432, 4.000000000000003553 ) ;
#3223 = EDGE_CURVE ( 'NONE', #5312, #6260, #3569, .T. ) ;
#3224 = CARTESIAN_POINT ( 'NONE',  ( 293.5000000000000000, 88.49999999999997158, -1.000000000000000888 ) ) ;
#3225 = VERTEX_POINT ( 'NONE', #4676 ) ;
#3226 = DIRECTION ( 'NONE',  ( -4.361254403050800956E-32, 0.000000000000000000, 1.000000000000000000 ) ) ;
#3227 = CARTESIAN_POINT ( 'NONE',  ( -1.000000000000000000, 114.5000000000000000, 6.299999999999999822 ) ) ;
#3228 = PLANE ( 'NONE',  #449 ) ;
#3229 = ADVANCED_FACE ( 'NONE', ( #6214 ), #163, .F. ) ;
#3230 = ADVANCED_FACE ( 'NONE', ( #4103 ), #3193, .T. ) ;
#3231 = ORIENTED_EDGE ( 'NONE', *, *, #3842, .T. ) ;
#3232 = ORIENTED_EDGE ( 'NONE', *, *, #1681, .F. ) ;
#3233 = CONICAL_SURFACE ( 'NONE', #4423, 2.199999999999979750, 0.7853981633974467247 ) ;
#3234 = CARTESIAN_POINT ( 'NONE',  ( 22.85838544772829195, 95.74977183505916400, -3.267441756979872824 ) ) ;
#3235 = ORIENTED_EDGE ( 'NONE', *, *, #6051, .F. ) ;
#3236 = CARTESIAN_POINT ( 'NONE',  ( -2.088615749257886733, 98.39442085991549902, -7.955705611331713278 ) ) ;
#3237 = LINE ( 'NONE', #3683, #6186 ) ;
#3238 = VERTEX_POINT ( 'NONE', #2155 ) ;
#3239 = AXIS2_PLACEMENT_3D ( 'NONE', #1425, #5873, #2923 ) ;
#3240 = VERTEX_POINT ( 'NONE', #666 ) ;
#3241 = CARTESIAN_POINT ( 'NONE',  ( 23.82709553762584775, 97.10561957632499741, -7.887700777644377048 ) ) ;
#3242 = LINE ( 'NONE', #2372, #6567 ) ;
#3243 = DIRECTION ( 'NONE',  ( 0.000000000000000000, 0.000000000000000000, 1.000000000000000000 ) ) ;
#3244 = CARTESIAN_POINT ( 'NONE',  ( 324.5000000000000000, -2.000000000000001776, -1.999999999999999556 ) ) ;
#3245 = DIRECTION ( 'NONE',  ( -0.000000000000000000, 2.891205793294675861E-16, -1.000000000000000000 ) ) ;
#3246 = ORIENTED_EDGE ( 'NONE', *, *, #3351, .T. ) ;
#3247 = CIRCLE ( 'NONE', #6245, 1.099999999999989875 ) ;
#3248 = ORIENTED_EDGE ( 'NONE', *, *, #540, .T. ) ;
#3249 = ORIENTED_EDGE ( 'NONE', *, *, #5673, .T. ) ;
#3250 = VECTOR ( 'NONE', #5191, 1000.000000000000000 ) ;
#3251 = DIRECTION ( 'NONE',  ( 0.000000000000000000, 0.000000000000000000, 1.000000000000000000 ) ) ;
#3252 = AXIS2_PLACEMENT_3D ( 'NONE', #4523, #5959, #4488 ) ;
#3253 = CARTESIAN_POINT ( 'NONE',  ( 14.49291338582666633, 118.0000000000000711, -1.852519685038983344 ) ) ;
#3254 = CYLINDRICAL_SURFACE ( 'NONE', #1368, 2.199999999999993516 ) ;
#3255 = DIRECTION ( 'NONE',  ( 1.000000000000000000, 0.000000000000000000, 0.000000000000000000 ) ) ;
#3256 = CARTESIAN_POINT ( 'NONE',  ( -4.200000000000000178, -1.999999999999960920, -1.999999999999999556 ) ) ;
#3257 = VECTOR ( 'NONE', #6274, 1000.000000000000000 ) ;
#3258 = EDGE_CURVE ( 'NONE', #4729, #5243, #1034, .T. ) ;
#3259 = CARTESIAN_POINT ( 'NONE',  ( 324.4754323077059439, 96.86090152043389878, -7.409499642298712274 ) ) ;
#3260 = CARTESIAN_POINT ( 'NONE',  ( -2.421482095038230309, 98.03335677911319124, -7.936653719408522711 ) ) ;
#3261 = CARTESIAN_POINT ( 'NONE',  ( -1.999999999999993561, 56.75000000000000000, -1.000000000000000000 ) ) ;
#3262 = LINE ( 'NONE', #762, #5145 ) ;
#3263 = ORIENTED_EDGE ( 'NONE', *, *, #1642, .T. ) ;
#3264 = ORIENTED_EDGE ( 'NONE', *, *, #3308, .F. ) ;
#3265 = DIRECTION ( 'NONE',  ( -1.000000000000000000, -0.000000000000000000, -0.000000000000000000 ) ) ;
#3266 = ORIENTED_EDGE ( 'NONE', *, *, #6538, .T. ) ;
#3267 = LINE ( 'NONE', #5350, #3118 ) ;
#3268 = ORIENTED_EDGE ( 'NONE', *, *, #4653, .T. ) ;
#3269 = ORIENTED_EDGE ( 'NONE', *, *, #4826, .F. ) ;
#3270 = CIRCLE ( 'NONE', #5952, 1.099999999999989875 ) ;
#3271 = DIRECTION ( 'NONE',  ( 0.000000000000000000, 0.000000000000000000, -1.000000000000000000 ) ) ;
#3272 = LINE ( 'NONE', #3302, #5703 ) ;
#3273 = DIRECTION ( 'NONE',  ( 0.000000000000000000, 0.000000000000000000, -1.000000000000000000 ) ) ;
#3274 = LINE ( 'NONE', #5357, #2163 ) ;
#3275 = VECTOR ( 'NONE', #5023, 1000.000000000000227 ) ;
#3276 = CARTESIAN_POINT ( 'NONE',  ( 53.49291338582637678, 56.99291438582643821, 6.301000000000110290 ) ) ;
#3277 = VERTEX_POINT ( 'NONE', #6150 ) ;
#3278 = CARTESIAN_POINT ( 'NONE',  ( 103.7999999999999972, -1.999999999999974021, -2.500000000000003553 ) ) ;
#3279 = AXIS2_PLACEMENT_3D ( 'NONE', #5027, #10, #3050 ) ;
#3280 = VECTOR ( 'NONE', #576, 1000.000000000000000 ) ;
#3281 = CARTESIAN_POINT ( 'NONE',  ( 214.9025723340542413, 113.5769230769231228, -8.701999999999998181 ) ) ;
#3282 = DIRECTION ( 'NONE',  ( -1.289589748360538151E-16, 1.000000000000000000, 0.000000000000000000 ) ) ;
#3283 = CARTESIAN_POINT ( 'NONE',  ( 22.74080611748724579, 97.45622428093459177, -7.373643731171897642 ) ) ;
#3284 = VECTOR ( 'NONE', #6182, 1000.000000000000000 ) ;
#3285 = CYLINDRICAL_SURFACE ( 'NONE', #1728, 4.000000000000003553 ) ;
#3286 = DIRECTION ( 'NONE',  ( -1.000000000000000000, 0.000000000000000000, 0.000000000000000000 ) ) ;
#3287 = DIRECTION ( 'NONE',  ( -1.000000000000000000, 0.000000000000000000, 0.000000000000000000 ) ) ;
#3288 = CARTESIAN_POINT ( 'NONE',  ( 47.49291338582636968, 53.59291438582643252, -1.999999999999980904 ) ) ;
#3289 = CARTESIAN_POINT ( 'NONE',  ( 106.0000000000000000, -1.999999999999974021, 6.299999999999999822 ) ) ;
#3290 = CARTESIAN_POINT ( 'NONE',  ( 299.6982522965044495, 97.40550291763132407, -7.500955057254468095 ) ) ;
#3291 = B_SPLINE_CURVE_WITH_KNOTS ( 'NONE', 3,
 ( #5207, #2662, #6120, #4705, #2690, #4743, #5616, #3260, #5908, #3356, #2191, #5307 ),
 .UNSPECIFIED., .F., .F.,
 ( 4, 2, 2, 2, 2, 4 ),
 ( 0.000000000000000000, 0.1249999999999999167, 0.2499999999999998335, 0.4999999999999998890, 0.7499999999999998890, 1.000000000000000000 ),
 .UNSPECIFIED. ) ;
#3292 = DIRECTION ( 'NONE',  ( -1.000000000000000000, 0.000000000000000000, 0.000000000000000000 ) ) ;
#3293 = EDGE_LOOP ( 'NONE', ( #1551, #1924, #4568, #3486, #4152 ) ) ;
#3294 = EDGE_CURVE ( 'NONE', #2306, #5963, #6073, .T. ) ;
#3295 = CARTESIAN_POINT ( 'NONE',  ( 324.5000000000000000, 56.75000000000000000, -1.999999999999999556 ) ) ;
#3296 = EDGE_LOOP ( 'NONE', ( #4583, #6569, #5877, #5720 ) ) ;
#3297 = CARTESIAN_POINT ( 'NONE',  ( -1.704757043147120843, 98.69293387435644149, -7.971456936349021305 ) ) ;
#3298 = ORIENTED_EDGE ( 'NONE', *, *, #1180, .F. ) ;
#3299 = ORIENTED_EDGE ( 'NONE', *, *, #5810, .F. ) ;
#3300 = CARTESIAN_POINT ( 'NONE',  ( 106.0000000000000142, 115.5000000000000000, -8.699999999999931788 ) ) ;
#3301 = VECTOR ( 'NONE', #3, 1000.000000000000000 ) ;
#3302 = CARTESIAN_POINT ( 'NONE',  ( -1.000000000000000000, 3.000000000000000444, -1.000000000000000000 ) ) ;
#3303 = CARTESIAN_POINT ( 'NONE',  ( 352.4716436477942807, 83.52785265049415386, -7.171256905813307547 ) ) ;
#3304 = DIRECTION ( 'NONE',  ( 8.659560562354920532E-17, -0.7071067811865462405, -0.7071067811865489050 ) ) ;
#3305 = EDGE_CURVE ( 'NONE', #2198, #672, #3599, .T. ) ;
#3306 = LINE ( 'NONE', #5425, #1621 ) ;
#3307 = EDGE_LOOP ( 'NONE', ( #6226, #718, #1317 ) ) ;
#3308 = EDGE_CURVE ( 'NONE', #5252, #1528, #2851, .T. ) ;
#3309 = ADVANCED_FACE ( 'NONE', ( #3672 ), #1597, .F. ) ;
#3310 = ORIENTED_EDGE ( 'NONE', *, *, #3963, .T. ) ;
#3311 = EDGE_CURVE ( 'NONE', #6096, #2511, #3291, .T. ) ;
#3312 = DIRECTION ( 'NONE',  ( 1.000000000000000000, 0.000000000000000000, 0.000000000000000000 ) ) ;
#3313 = DIRECTION ( 'NONE',  ( 0.000000000000000000, 0.000000000000000000, 1.000000000000000000 ) ) ;
#3314 = CARTESIAN_POINT ( 'NONE',  ( 22.41205706177188262, 97.86539010631712188, -7.477579393178581668 ) ) ;
#3315 = CONICAL_SURFACE ( 'NONE', #4930, 2.199999999999979750, 0.7853981633974445042 ) ;
#3316 = FACE_OUTER_BOUND ( 'NONE', #4520, .T. ) ;
#3317 = ORIENTED_EDGE ( 'NONE', *, *, #6013, .F. ) ;
#3318 = PLANE ( 'NONE',  #3798 ) ;
#3319 = CARTESIAN_POINT ( 'NONE',  ( 301.0000000000000000, 98.25363967881312988, -7.643383541867599718 ) ) ;
#3320 = AXIS2_PLACEMENT_3D ( 'NONE', #1070, #3104, #6287 ) ;
#3321 = AXIS2_PLACEMENT_3D ( 'NONE', #3062, #4129, #6209 ) ;
#3322 = CARTESIAN_POINT ( 'NONE',  ( 324.5000000000000000, 83.49999999999995737, -2.500000000000002220 ) ) ;
#3323 = CARTESIAN_POINT ( 'NONE',  ( -2.000000000000000000, 115.5000000000000000, -8.699999999999997513 ) ) ;
#3324 = CARTESIAN_POINT ( 'NONE',  ( 323.5000000000000000, 99.36678485964284846, -1.000000000000000000 ) ) ;
#3325 = CARTESIAN_POINT ( 'NONE',  ( 324.5000000000000000, -2.000000000000001776, 6.299999999999999822 ) ) ;
#3326 = EDGE_CURVE ( 'NONE', #4240, #6196, #6284, .T. ) ;
#3327 = CARTESIAN_POINT ( 'NONE',  ( -1.999999999999993561, 56.75000000000002132, -2.500000000000000000 ) ) ;
#3328 = EDGE_LOOP ( 'NONE', ( #1535, #1012, #3182, #4476 ) ) ;
#3329 = DIRECTION ( 'NONE',  ( -0.000000000000000000, -0.000000000000000000, -1.000000000000000000 ) ) ;
#3330 = CARTESIAN_POINT ( 'NONE',  ( -2.602655431190381563, 96.44214667485404391, -7.608861812846771322 ) ) ;
#3331 = ORIENTED_EDGE ( 'NONE', *, *, #4880, .F. ) ;
#3332 = AXIS2_PLACEMENT_3D ( 'NONE', #4750, #5782, #1200 ) ;
#3333 = CARTESIAN_POINT ( 'NONE',  ( -1.123311787865501898, 98.95425179352577061, -7.985245626551999543 ) ) ;
#3334 = ORIENTED_EDGE ( 'NONE', *, *, #2244, .F. ) ;
#3335 = ORIENTED_EDGE ( 'NONE', *, *, #4664, .F. ) ;
#3336 = ADVANCED_FACE ( 'NONE', ( #3800 ), #302, .F. ) ;
#3337 = FACE_OUTER_BOUND ( 'NONE', #5730, .T. ) ;
#3338 = CARTESIAN_POINT ( 'NONE',  ( 215.4000000000000341, -1.999999999999988010, -0.9000000000000010214 ) ) ;
#3339 = LINE ( 'NONE', #1283, #2777 ) ;
#3340 = CARTESIAN_POINT ( 'NONE',  ( -1.000000000000000000, -1.000000000000000000, 6.299999999999999822 ) ) ;
#3341 = CYLINDRICAL_SURFACE ( 'NONE', #3001, 2.500000000000000888 ) ;
#3342 = ORIENTED_EDGE ( 'NONE', *, *, #3640, .F. ) ;
#3343 = CARTESIAN_POINT ( 'NONE',  ( -0.8999999999999956923, 56.75000000000002132, 6.299999999999999822 ) ) ;
#3344 = CARTESIAN_POINT ( 'NONE',  ( 47.49291338582636968, 56.99291438582643821, -1.000000000000000000 ) ) ;
#3345 = CYLINDRICAL_SURFACE ( 'NONE', #4810, 2.199999999999979750 ) ;
#3346 = CIRCLE ( 'NONE', #2810, 1.100000000000017630 ) ;
#3347 = DIRECTION ( 'NONE',  ( 9.414747600456601795E-17, -0.9986107771491159468, 0.05269265377297461389 ) ) ;
#3348 = EDGE_CURVE ( 'NONE', #3821, #6288, #2725, .T. ) ;
#3349 = DIRECTION ( 'NONE',  ( -1.000000000000000000, 0.000000000000000000, 0.000000000000000000 ) ) ;
#3350 = VERTEX_POINT ( 'NONE', #1262 ) ;
#3351 = EDGE_CURVE ( 'NONE', #4577, #6122, #2788, .T. ) ;
#3352 = FACE_BOUND ( 'NONE', #6202, .T. ) ;
#3353 = CARTESIAN_POINT ( 'NONE',  ( 300.2081617002393159, 97.99855004511962875, -7.600546677064609291 ) ) ;
#3354 = AXIS2_PLACEMENT_3D ( 'NONE', #5863, #5724, #214 ) ;
#3355 = LINE ( 'NONE', #4939, #6570 ) ;
#3356 = CARTESIAN_POINT ( 'NONE',  ( -2.840960595483387863, 97.11342338411736819, -7.888112553034277497 ) ) ;
#3357 = LINE ( 'NONE', #3832, #1447 ) ;
#3358 = DIRECTION ( 'NONE',  ( 0.000000000000000000, 0.000000000000000000, -1.000000000000000000 ) ) ;
#3359 = PRODUCT_DEFINITION_CONTEXT ( 'detailed design', #3630, 'design' ) ;
#3360 = AXIS2_PLACEMENT_3D ( 'NONE', #2094, #3103, #1726 ) ;
#3361 = CYLINDRICAL_SURFACE ( 'NONE', #5219, 4.000000000000000000 ) ;
#3362 = ORIENTED_EDGE ( 'NONE', *, *, #6224, .T. ) ;
#3363 = CARTESIAN_POINT ( 'NONE',  ( 23.00000000000000355, 83.73047434235311925, -6.450457887649292843 ) ) ;
#3364 = DIRECTION ( 'NONE',  ( -0.000000000000000000, -0.000000000000000000, -1.000000000000000000 ) ) ;
#3365 = VERTEX_POINT ( 'NONE', #5809 ) ;
#3366 = FACE_OUTER_BOUND ( 'NONE', #4776, .T. ) ;
#3367 = ORIENTED_EDGE ( 'NONE', *, *, #1575, .F. ) ;
#3368 = ORIENTED_EDGE ( 'NONE', *, *, #4864, .F. ) ;
#3369 = LINE ( 'NONE', #2867, #4037 ) ;
#3370 = DIRECTION ( 'NONE',  ( -1.000000000000000000, 0.000000000000000000, 0.000000000000000000 ) ) ;
#3371 = CARTESIAN_POINT ( 'NONE',  ( -1.641464475108447285, 96.31163558493733490, -3.842892914581058417 ) ) ;
#3372 = LINE ( 'NONE', #1382, #2922 ) ;
#3373 = CARTESIAN_POINT ( 'NONE',  ( -5.000000000000000000, 94.80613420518679391, -3.000000000000007994 ) ) ;
#3374 = ORIENTED_EDGE ( 'NONE', *, *, #2904, .T. ) ;
#3375 = CARTESIAN_POINT ( 'NONE',  ( 324.9999999999999432, 83.52785265049415386, -7.171256905813307547 ) ) ;
#3376 = VECTOR ( 'NONE', #4062, 1000.000000000000000 ) ;
#3377 = LINE ( 'NONE', #2841, #196 ) ;
#3378 = LINE ( 'NONE', #755, #3466 ) ;
#3379 = DIRECTION ( 'NONE',  ( 0.000000000000000000, 1.000000000000000000, 0.000000000000000000 ) ) ;
#3380 = CARTESIAN_POINT ( 'NONE',  ( 3.000000000000000444, 52.59668806854095635, 6.299999999999999822 ) ) ;
#3381 = ADVANCED_FACE ( 'NONE', ( #2755 ), #1791, .T. ) ;
#3382 = ORIENTED_EDGE ( 'NONE', *, *, #5083, .F. ) ;
#3383 = AXIS2_PLACEMENT_3D ( 'NONE', #422, #4358, #3412 ) ;
#3384 = EDGE_LOOP ( 'NONE', ( #137, #6005, #2597, #5885 ) ) ;
#3385 = CARTESIAN_POINT ( 'NONE',  ( 299.5856022755364734, 97.12064851704954549, -7.453107874255994858 ) ) ;
#3386 = CIRCLE ( 'NONE', #514, 1.100000000000003642 ) ;
#3387 = ORIENTED_EDGE ( 'NONE', *, *, #6268, .T. ) ;
#3388 = CARTESIAN_POINT ( 'NONE',  ( -1.999999999999985345, 115.5000000000000000, -8.699999999999931788 ) ) ;
#3389 = CARTESIAN_POINT ( 'NONE',  ( 324.9999999999999432, -0.1454312086438941110, -2.756155970267300859 ) ) ;
#3390 = CARTESIAN_POINT ( 'NONE',  ( -0.9999999999999981126, 99.36678485964284846, -39.80080654514613059 ) ) ;
#3391 = CARTESIAN_POINT ( 'NONE',  ( -1.999999999999999556, -4.500000000000055067, -2.500000000000000000 ) ) ;
#3392 = EDGE_CURVE ( 'NONE', #907, #4553, #5859, .T. ) ;
#3393 = EDGE_CURVE ( 'NONE', #6494, #3365, #5742, .T. ) ;
#3394 = EDGE_CURVE ( 'NONE', #2694, #2422, #3073, .T. ) ;
#3395 = ADVANCED_FACE ( 'NONE', ( #4368 ), #698, .T. ) ;
#3396 = DIRECTION ( 'NONE',  ( -0.000000000000000000, 2.891205793294675861E-16, -1.000000000000000000 ) ) ;
#3397 = ORIENTED_EDGE ( 'NONE', *, *, #94, .T. ) ;
#3398 = CYLINDRICAL_SURFACE ( 'NONE', #5379, 4.000000000000003553 ) ;
#3399 = DIRECTION ( 'NONE',  ( -1.000000000000000000, 0.000000000000000000, 0.000000000000000000 ) ) ;
#3400 = EDGE_LOOP ( 'NONE', ( #4176, #2630, #4354, #5390 ) ) ;
#3401 = EDGE_CURVE ( 'NONE', #460, #672, #89, .T. ) ;
#3402 = CARTESIAN_POINT ( 'NONE',  ( 7.492913385826667216, 118.5000000000000142, 5.647480314960910519 ) ) ;
#3403 = ORIENTED_EDGE ( 'NONE', *, *, #9, .T. ) ;
#3404 = EDGE_LOOP ( 'NONE', ( #5112, #5858, #6485, #3268, #3480 ) ) ;
#3405 = FACE_OUTER_BOUND ( 'NONE', #5956, .T. ) ;
#3406 = DIRECTION ( 'NONE',  ( 0.000000000000000000, -0.000000000000000000, -1.000000000000000000 ) ) ;
#3407 = DIRECTION ( 'NONE',  ( 1.000000000000000000, -0.000000000000000000, -0.000000000000000000 ) ) ;
#3408 = DIRECTION ( 'NONE',  ( -0.7071067811865475727, 0.000000000000000000, -0.7071067811865474617 ) ) ;
#3409 = DIRECTION ( 'NONE',  ( 0.000000000000000000, 0.7071067811865465735, -0.7071067811865483499 ) ) ;
#3410 = ORIENTED_EDGE ( 'NONE', *, *, #4727, .T. ) ;
#3411 = FACE_OUTER_BOUND ( 'NONE', #5717, .T. ) ;
#3412 = DIRECTION ( 'NONE',  ( -1.000000000000000000, 0.000000000000000000, 0.000000000000000000 ) ) ;
#3413 = PLANE ( 'NONE',  #5990 ) ;
#3414 = LINE ( 'NONE', #919, #2060 ) ;
#3415 = CARTESIAN_POINT ( 'NONE',  ( 327.5000000000000000, 115.5000000000000426, -1.000000000000000000 ) ) ;
#3416 = ORIENTED_EDGE ( 'NONE', *, *, #1562, .T. ) ;
#3417 = ORIENTED_EDGE ( 'NONE', *, *, #3550, .T. ) ;
#3418 = CARTESIAN_POINT ( 'NONE',  ( 300.0881646679076198, 97.90371481050199520, -7.584616172519439203 ) ) ;
#3419 = ORIENTED_EDGE ( 'NONE', *, *, #2818, .T. ) ;
#3420 = VECTOR ( 'NONE', #112, 1000.000000000000000 ) ;
#3421 = FACE_OUTER_BOUND ( 'NONE', #4656, .T. ) ;
#3422 = DIRECTION ( 'NONE',  ( -1.000000000000000000, -1.283000413665435261E-16, -0.000000000000000000 ) ) ;
#3423 = EDGE_CURVE ( 'NONE', #3549, #5204, #2225, .T. ) ;
#3424 = CARTESIAN_POINT ( 'NONE',  ( 106.0000000000000000, -1.999999999999974021, -2.500000000000000000 ) ) ;
#3425 = DIRECTION ( 'NONE',  ( -1.000000000000000000, -0.000000000000000000, -0.000000000000000000 ) ) ;
#3426 = AXIS2_PLACEMENT_3D ( 'NONE', #215, #5757, #185 ) ;
#3427 = VERTEX_POINT ( 'NONE', #3768 ) ;
#3428 = VECTOR ( 'NONE', #6408, 1000.000000000000000 ) ;
#3429 = EDGE_CURVE ( 'NONE', #5783, #5818, #198, .T. ) ;
#3430 = ORIENTED_EDGE ( 'NONE', *, *, #5118, .F. ) ;
#3431 = AXIS2_PLACEMENT_3D ( 'NONE', #44, #1611, #6295 ) ;
#3432 = AXIS2_PLACEMENT_3D ( 'NONE', #192, #5838, #5302 ) ;
#3433 = DIRECTION ( 'NONE',  ( 0.000000000000000000, 0.7071067811865469066, -0.7071067811865481278 ) ) ;
#3434 = CIRCLE ( 'NONE', #1622, 1.100000000000017630 ) ;
#3435 = ADVANCED_FACE ( 'NONE', ( #260 ), #2290, .F. ) ;
#3436 = EDGE_CURVE ( 'NONE', #2792, #230, #1724, .T. ) ;
#3437 = ORIENTED_EDGE ( 'NONE', *, *, #5083, .T. ) ;
#3438 = CARTESIAN_POINT ( 'NONE',  ( -1.999999999999997780, 94.78533450744477307, -2.500000000000002220 ) ) ;
#3439 = ORIENTED_EDGE ( 'NONE', *, *, #5486, .F. ) ;
#3440 = EDGE_LOOP ( 'NONE', ( #954, #6041, #577, #3913 ) ) ;
#3441 = CARTESIAN_POINT ( 'NONE',  ( 44.09291338582636399, 56.99291438582643821, -1.999999999999980904 ) ) ;
#3442 = CIRCLE ( 'NONE', #1725, 1.099999999999989875 ) ;
#3443 = CARTESIAN_POINT ( 'NONE',  ( 106.0000000000000000, -1.999999999999974021, -2.500000000000003553 ) ) ;
#3444 = DIRECTION ( 'NONE',  ( 0.7071067811865416886, 0.000000000000000000, 0.7071067811865533459 ) ) ;
#3445 = LINE ( 'NONE', #5388, #6562 ) ;
#3446 = DIRECTION ( 'NONE',  ( 1.000000000000000000, 0.000000000000000000, 0.000000000000000000 ) ) ;
#3447 = ORIENTED_EDGE ( 'NONE', *, *, #2818, .F. ) ;
#3448 = CARTESIAN_POINT ( 'NONE',  ( 327.5000000000000000, 94.80613420518679391, -4.750000000000002665 ) ) ;
#3449 = DIRECTION ( 'NONE',  ( -1.858632295689435609E-16, -2.327251543969537458E-32, -1.000000000000000000 ) ) ;
#3450 = CARTESIAN_POINT ( 'NONE',  ( -1.914397416541534280, 97.05458685885746206, -7.271602459714456401 ) ) ;
#3451 = LINE ( 'NONE', #5936, #5844 ) ;
#3452 = CARTESIAN_POINT ( 'NONE',  ( 299.7856646745207172, 96.56309950964210032, -4.803941066369620039 ) ) ;
#3453 = EDGE_CURVE ( 'NONE', #5204, #2200, #1472, .T. ) ;
#3454 = EDGE_LOOP ( 'NONE', ( #235, #4185, #67, #3514 ) ) ;
#3455 = CIRCLE ( 'NONE', #4745, 4.000000000000000000 ) ;
#3456 = EDGE_LOOP ( 'NONE', ( #1890, #2471, #613, #3928 ) ) ;
#3457 = CARTESIAN_POINT ( 'NONE',  ( 299.5068889871781721, 96.71625885254138666, -7.385209428016347388 ) ) ;
#3458 = ORIENTED_EDGE ( 'NONE', *, *, #4542, .T. ) ;
#3459 = EDGE_CURVE ( 'NONE', #2715, #3110, #2968, .T. ) ;
#3460 = CIRCLE ( 'NONE', #6348, 2.199999999999998845 ) ;
#3461 = DIRECTION ( 'NONE',  ( 1.000000000000000000, -1.508455196501570936E-16, -4.361254403050800956E-32 ) ) ;
#3462 = CARTESIAN_POINT ( 'NONE',  ( 47.49291338582636968, 56.99291438582643821, -1.999999999999980904 ) ) ;
#3463 = CARTESIAN_POINT ( 'NONE',  ( 323.5000000000000000, 3.000000000000039080, 6.299999999999999822 ) ) ;
#3464 = CARTESIAN_POINT ( 'NONE',  ( 327.5000000000000000, 115.5000000000000426, 6.299999999999999822 ) ) ;
#3465 = EDGE_CURVE ( 'NONE', #1600, #4482, #6389, .T. ) ;
#3466 = VECTOR ( 'NONE', #3282, 1000.000000000000000 ) ;
#3467 = ORIENTED_EDGE ( 'NONE', *, *, #4912, .T. ) ;
#3468 = B_SPLINE_CURVE_WITH_KNOTS ( 'NONE', 3,
 ( #1862, #5786, #2702, #4373, #2890, #6258, #1170, #6290, #5284, #4719, #2669, #140 ),
 .UNSPECIFIED., .F., .F.,
 ( 4, 2, 2, 2, 2, 4 ),
 ( 0.000000000000000000, 0.1250000000000066613, 0.2500000000000133227, 0.5000000000000088818, 0.7500000000000044409, 1.000000000000000000 ),
 .UNSPECIFIED. ) ;
#3469 = EDGE_LOOP ( 'NONE', ( #2632, #5514, #2215 ) ) ;
#3470 = CARTESIAN_POINT ( 'NONE',  ( 324.5000000000000000, 94.78533450744475886, -2.500000000000002220 ) ) ;
#3471 = VECTOR ( 'NONE', #4907, 1000.000000000000000 ) ;
#3472 = EDGE_CURVE ( 'NONE', #4247, #2109, #2992, .T. ) ;
#3473 = CARTESIAN_POINT ( 'NONE',  ( 324.3216529836176392, 98.16198183307663783, -7.943440743532552695 ) ) ;
#3474 = VERTEX_POINT ( 'NONE', #6012 ) ;
#3475 = VERTEX_POINT ( 'NONE', #4479 ) ;
#3476 = CARTESIAN_POINT ( 'NONE',  ( 319.4999999999998863, -0.9999999999999608091, 6.299999999999999822 ) ) ;
#3477 = LINE ( 'NONE', #6060, #3753 ) ;
#3478 = DIRECTION ( 'NONE',  ( -1.000000000000000000, 0.000000000000000000, 0.000000000000000000 ) ) ;
#3479 = FACE_OUTER_BOUND ( 'NONE', #2680, .T. ) ;
#3480 = ORIENTED_EDGE ( 'NONE', *, *, #4012, .T. ) ;
#3481 = CARTESIAN_POINT ( 'NONE',  ( 2.999999999999998224, -0.9999999999999995559, -1.000000000000000000 ) ) ;
#3482 = CYLINDRICAL_SURFACE ( 'NONE', #2847, 1.099999999999989875 ) ;
#3483 = LINE ( 'NONE', #1545, #5137 ) ;
#3484 = DIRECTION ( 'NONE',  ( 0.7071067811865447972, 8.659560562354899578E-17, -0.7071067811865502373 ) ) ;
#3485 = CARTESIAN_POINT ( 'NONE',  ( 299.5000000000000000, 94.97012234149306664, -3.007700401437586546 ) ) ;
#3486 = ORIENTED_EDGE ( 'NONE', *, *, #3183, .T. ) ;
#3487 = EDGE_CURVE ( 'NONE', #2732, #2439, #1426, .T. ) ;
#3488 = ORIENTED_EDGE ( 'NONE', *, *, #6021, .T. ) ;
#3489 = CARTESIAN_POINT ( 'NONE',  ( -2.660778952001352504, 97.58521504812561886, -7.913007091901094192 ) ) ;
#3490 = CONICAL_SURFACE ( 'NONE', #5102, 2.199999999999998845, 0.7853981633974483900 ) ;
#3491 = ORIENTED_EDGE ( 'NONE', *, *, #952, .T. ) ;
#3492 = DIRECTION ( 'NONE',  ( -1.000000000000000000, 0.000000000000000000, -0.000000000000000000 ) ) ;
#3493 = DIRECTION ( 'NONE',  ( 0.000000000000000000, 1.000000000000000000, 0.000000000000000000 ) ) ;
#3494 = CONICAL_SURFACE ( 'NONE', #5849, 3.500000000000000000, 0.7853981633974100873 ) ;
#3495 = DIRECTION ( 'NONE',  ( 0.000000000000000000, 0.7071067811865481278, 0.7071067811865469066 ) ) ;
#3496 = DIRECTION ( 'NONE',  ( 0.000000000000000000, -0.000000000000000000, -1.000000000000000000 ) ) ;
#3497 = VECTOR ( 'NONE', #2343, 1000.000000000000000 ) ;
#3498 = VERTEX_POINT ( 'NONE', #6553 ) ;
#3499 = AXIS2_PLACEMENT_3D ( 'NONE', #2257, #1821, #2853 ) ;
#3500 = CIRCLE ( 'NONE', #6385, 1.749999999999987566 ) ;
#3501 = ORIENTED_EDGE ( 'NONE', *, *, #2028, .F. ) ;
#3502 = CARTESIAN_POINT ( 'NONE',  ( 323.9690360439471988, 97.85153110212546324, -7.575852137948945852 ) ) ;
#3503 = VECTOR ( 'NONE', #3422, 1000.000000000000000 ) ;
#3504 = DIRECTION ( 'NONE',  ( 0.000000000000000000, 1.000000000000000000, 0.000000000000000000 ) ) ;
#3505 = ORIENTED_EDGE ( 'NONE', *, *, #4069, .F. ) ;
#3506 = ADVANCED_FACE ( 'NONE', ( #3902 ), #3826, .F. ) ;
#3507 = ORIENTED_EDGE ( 'NONE', *, *, #868, .T. ) ;
#3508 = VECTOR ( 'NONE', #3174, 1000.000000000000227 ) ;
#3509 = EDGE_CURVE ( 'NONE', #6108, #4703, #2649, .T. ) ;
#3510 = DIRECTION ( 'NONE',  ( -1.000000000000000000, 0.000000000000000000, 0.000000000000000000 ) ) ;
#3511 = LINE ( 'NONE', #3982, #2572 ) ;
#3512 = LINE ( 'NONE', #1977, #1964 ) ;
#3513 = DIRECTION ( 'NONE',  ( 0.000000000000000000, 0.000000000000000000, 1.000000000000000000 ) ) ;
#3514 = ORIENTED_EDGE ( 'NONE', *, *, #5840, .F. ) ;
#3515 = CARTESIAN_POINT ( 'NONE',  ( -2.000000000000001776, -1.999999999999960920, -2.500000000000000000 ) ) ;
#3516 = ADVANCED_FACE ( 'NONE', ( #6048 ), #5510, .F. ) ;
#3517 = DIRECTION ( 'NONE',  ( 0.000000000000000000, 1.000000000000000000, 0.000000000000000000 ) ) ;
#3518 = FACE_OUTER_BOUND ( 'NONE', #770, .T. ) ;
#3519 = CARTESIAN_POINT ( 'NONE',  ( 322.3000000000000114, -2.000000000000001776, -2.500000000000000000 ) ) ;
#3520 = EDGE_CURVE ( 'NONE', #440, #4247, #2959, .T. ) ;
#3521 = CARTESIAN_POINT ( 'NONE',  ( 299.7373557487626954, 96.55039549835720436, -4.964437547098467185 ) ) ;
#3522 = ORIENTED_EDGE ( 'NONE', *, *, #1224, .T. ) ;
#3523 = EDGE_CURVE ( 'NONE', #4224, #4619, #5009, .T. ) ;
#3524 = ORIENTED_EDGE ( 'NONE', *, *, #5970, .T. ) ;
#3525 = CARTESIAN_POINT ( 'NONE',  ( -1.414985144281162066, 97.86631621723905994, -7.477819807723787626 ) ) ;
#3526 = VERTEX_POINT ( 'NONE', #861 ) ;
#3527 = FACE_BOUND ( 'NONE', #565, .T. ) ;
#3528 = DIRECTION ( 'NONE',  ( -0.000000000000000000, -0.000000000000000000, 1.000000000000000000 ) ) ;
#3529 = CARTESIAN_POINT ( 'NONE',  ( 23.90398314678561320, 83.00000000000000000, -1.042513517493708990E-30 ) ) ;
#3530 = FACE_OUTER_BOUND ( 'NONE', #1471, .T. ) ;
#3531 = ORIENTED_EDGE ( 'NONE', *, *, #258, .F. ) ;
#3532 = VECTOR ( 'NONE', #4155, 1000.000000000000000 ) ;
#3533 = VERTEX_POINT ( 'NONE', #6520 ) ;
#3534 = CARTESIAN_POINT ( 'NONE',  ( 324.4684874269261172, 96.90020651881535230, -7.416099718075192193 ) ) ;
#3535 = EDGE_CURVE ( 'NONE', #2143, #1169, #431, .T. ) ;
#3536 = CIRCLE ( 'NONE', #1718, 2.200000000000007283 ) ;
#3537 = AXIS2_PLACEMENT_3D ( 'NONE', #1911, #379, #1976 ) ;
#3538 = CARTESIAN_POINT ( 'NONE',  ( 324.3017477034955505, 97.40550291763132407, -7.500955057254467206 ) ) ;
#3539 = VERTEX_POINT ( 'NONE', #2462 ) ;
#3540 = AXIS2_PLACEMENT_3D ( 'NONE', #5255, #4758, #1111 ) ;
#3541 = VECTOR ( 'NONE', #1984, 1000.000000000000000 ) ;
#3542 = AXIS2_PLACEMENT_3D ( 'NONE', #2520, #51, #5133 ) ;
#3543 = EDGE_LOOP ( 'NONE', ( #1464, #307 ) ) ;
#3544 = DIRECTION ( 'NONE',  ( -0.000000000000000000, 0.000000000000000000, 1.000000000000000000 ) ) ;
#3545 = CARTESIAN_POINT ( 'NONE',  ( 296.5000000000000000, 94.80613420518679391, -4.750000000000002665 ) ) ;
#3546 = CARTESIAN_POINT ( 'NONE',  ( 21.50000000000001776, 99.03767606110004351, -7.989647587904852521 ) ) ;
#3547 = ORIENTED_EDGE ( 'NONE', *, *, #789, .T. ) ;
#3548 = PLANE ( 'NONE',  #942 ) ;
#3549 = VERTEX_POINT ( 'NONE', #5573 ) ;
#3550 = EDGE_CURVE ( 'NONE', #3920, #1275, #1251, .T. ) ;
#3551 = CARTESIAN_POINT ( 'NONE',  ( 324.5000000000000000, 115.5000000000000000, -7.099999999999941025 ) ) ;
#3552 = DIRECTION ( 'NONE',  ( 1.000000000000000000, -0.000000000000000000, -0.000000000000000000 ) ) ;
#3553 = DIRECTION ( 'NONE',  ( -5.159220625078208860E-17, 0.3420201433256714885, -0.9396926207859074287 ) ) ;
#3554 = FACE_OUTER_BOUND ( 'NONE', #4148, .T. ) ;
#3555 = ORIENTED_EDGE ( 'NONE', *, *, #5804, .T. ) ;
#3556 = ORIENTED_EDGE ( 'NONE', *, *, #30, .F. ) ;
#3557 = CARTESIAN_POINT ( 'NONE',  ( -0.5000000000000003331, 98.22670040036238959, -7.569368482627750083 ) ) ;
#3558 = ORIENTED_EDGE ( 'NONE', *, *, #704, .T. ) ;
#3559 = EDGE_CURVE ( 'NONE', #986, #4482, #6582, .T. ) ;
#3560 = DIRECTION ( 'NONE',  ( 0.000000000000000000, 1.000000000000000000, 0.000000000000000000 ) ) ;
#3561 = AXIS2_PLACEMENT_3D ( 'NONE', #6509, #1418, #3379 ) ;
#3562 = DIRECTION ( 'NONE',  ( -0.000000000000000000, -0.000000000000000000, -1.000000000000000000 ) ) ;
#3563 = DIRECTION ( 'NONE',  ( 0.000000000000000000, 0.000000000000000000, -1.000000000000000000 ) ) ;
#3564 = DIRECTION ( 'NONE',  ( -0.000000000000000000, -0.000000000000000000, -1.000000000000000000 ) ) ;
#3565 = VERTEX_POINT ( 'NONE', #1858 ) ;
#3566 = AXIS2_PLACEMENT_3D ( 'NONE', #1338, #5916, #3433 ) ;
#3567 = ORIENTED_EDGE ( 'NONE', *, *, #2736, .T. ) ;
#3568 = CARTESIAN_POINT ( 'NONE',  ( 323.1973319051506905, 98.24245757081288843, -7.641504338888979397 ) ) ;
#3569 = LINE ( 'NONE', #1532, #836 ) ;
#3570 = AXIS2_PLACEMENT_3D ( 'NONE', #5509, #4837, #362 ) ;
#3571 = DIRECTION ( 'NONE',  ( -3.224512890673879998E-17, 0.3420201433256714885, -0.9396926207859074287 ) ) ;
#3572 = ORIENTED_EDGE ( 'NONE', *, *, #5728, .T. ) ;
#3573 = CIRCLE ( 'NONE', #4754, 1.750000000000001554 ) ;
#3574 = VERTEX_POINT ( 'NONE', #1990 ) ;
#3575 = CIRCLE ( 'NONE', #4860, 1.100000000000003642 ) ;
#3576 = PRESENTATION_STYLE_ASSIGNMENT (( #4304 ) ) ;
#3577 = CYLINDRICAL_SURFACE ( 'NONE', #1735, 2.200000000000007283 ) ;
#3578 = ORIENTED_EDGE ( 'NONE', *, *, #5611, .F. ) ;
#3579 = EDGE_CURVE ( 'NONE', #3225, #3756, #1570, .T. ) ;
#3580 = VECTOR ( 'NONE', #4769, 1000.000000000000000 ) ;
#3581 = CARTESIAN_POINT ( 'NONE',  ( 8.392913385826666683, 114.5000000000000000, 1.647480314961017767 ) ) ;
#3582 = EDGE_LOOP ( 'NONE', ( #3706, #4310, #4587, #5737 ) ) ;
#3583 = CARTESIAN_POINT ( 'NONE',  ( 106.0000000000000142, 115.5000000000000000, -8.699999999999935341 ) ) ;
#3584 = PLANE ( 'NONE',  #122 ) ;
#3585 = CARTESIAN_POINT ( 'NONE',  ( -5.000000000000000000, 94.80613420518679391, -4.750000000000002665 ) ) ;
#3586 = CARTESIAN_POINT ( 'NONE',  ( 299.7854625084195845, 96.11695859817561427, -3.579052913409961789 ) ) ;
#3587 = ORIENTED_EDGE ( 'NONE', *, *, #3934, .F. ) ;
#3588 = EDGE_LOOP ( 'NONE', ( #3071, #1530, #4534, #5383 ) ) ;
#3589 = FACE_OUTER_BOUND ( 'NONE', #2265, .T. ) ;
#3590 = ORIENTED_EDGE ( 'NONE', *, *, #5276, .F. ) ;
#3591 = EDGE_CURVE ( 'NONE', #1169, #4582, #3937, .T. ) ;
#3592 = EDGE_CURVE ( 'NONE', #3613, #2714, #325, .T. ) ;
#3593 = DIRECTION ( 'NONE',  ( 1.000000000000000000, 0.000000000000000000, 0.000000000000000000 ) ) ;
#3594 = CARTESIAN_POINT ( 'NONE',  ( 21.50000000000000355, 98.22670040036237538, -7.569368482627726102 ) ) ;
#3595 = CARTESIAN_POINT ( 'NONE',  ( 216.5000000000000568, 115.5000000000000000, -8.699999999999931788 ) ) ;
#3596 = LINE ( 'NONE', #1593, #4714 ) ;
#3597 = EDGE_LOOP ( 'NONE', ( #1178, #5719, #393, #3930 ) ) ;
#3598 = CARTESIAN_POINT ( 'NONE',  ( 323.5000000000000000, 114.5000000000000426, -6.200000000000000178 ) ) ;
#3599 = LINE ( 'NONE', #2594, #3284 ) ;
#3600 = EDGE_CURVE ( 'NONE', #6058, #3200, #5203, .T. ) ;
#3601 = EDGE_CURVE ( 'NONE', #1661, #1064, #4940, .T. ) ;
#3602 = ADVANCED_FACE ( 'NONE', ( #1959 ), #2388, .F. ) ;
#3603 = EDGE_CURVE ( 'NONE', #104, #2554, #2924, .T. ) ;
#3604 = CIRCLE ( 'NONE', #6602, 3.400000000000007017 ) ;
#3605 = CARTESIAN_POINT ( 'NONE',  ( 22.13050413256161875, 98.96929559994779879, -7.986039427401501634 ) ) ;
#3606 = EDGE_LOOP ( 'NONE', ( #2241, #997, #5352, #1907 ) ) ;
#3607 = AXIS2_PLACEMENT_3D ( 'NONE', #3869, #1136, #1671 ) ;
#3608 = ORIENTED_EDGE ( 'NONE', *, *, #4749, .F. ) ;
#3609 = AXIS2_PLACEMENT_3D ( 'NONE', #5238, #636, #4138 ) ;
#3610 = EDGE_CURVE ( 'NONE', #1722, #1169, #5072, .T. ) ;
#3611 = CYLINDRICAL_SURFACE ( 'NONE', #4971, 4.000000000000000000 ) ;
#3612 = CARTESIAN_POINT ( 'NONE',  ( -2.000000000000001776, -1.999999999999960920, -1.999999999999999556 ) ) ;
#3613 = VERTEX_POINT ( 'NONE', #5734 ) ;
#3614 = DIRECTION ( 'NONE',  ( -1.000000000000000000, 0.000000000000000000, 0.000000000000000000 ) ) ;
#3615 = EDGE_LOOP ( 'NONE', ( #1963, #2937, #2640, #2376 ) ) ;
#3616 = DIRECTION ( 'NONE',  ( 0.000000000000000000, -0.000000000000000000, -1.000000000000000000 ) ) ;
#3617 = DIRECTION ( 'NONE',  ( -1.000000000000000000, 0.000000000000000000, 0.000000000000000000 ) ) ;
#3618 = CARTESIAN_POINT ( 'NONE',  ( -1.119813784651060740, 98.07057255765298009, -7.529706472514217985 ) ) ;
#3619 = LINE ( 'NONE', #583, #6447 ) ;
#3620 = DIRECTION ( 'NONE',  ( 0.000000000000000000, -0.000000000000000000, -1.000000000000000000 ) ) ;
#3621 = EDGE_LOOP ( 'NONE', ( #2652, #2350, #6180, #1225 ) ) ;
#3622 = EDGE_LOOP ( 'NONE', ( #3013, #6228, #426, #4601 ) ) ;
#3623 = CARTESIAN_POINT ( 'NONE',  ( -2.888487031783643744, 96.77074477964929144, -7.870030788372987196 ) ) ;
#3624 = ORIENTED_EDGE ( 'NONE', *, *, #3258, .F. ) ;
#3625 = ADVANCED_FACE ( 'NONE', ( #4700 ), #121, .T. ) ;
#3626 = CARTESIAN_POINT ( 'NONE',  ( 299.0000000000000568, 83.52785265049415386, -7.171256905813307547 ) ) ;
#3627 = CARTESIAN_POINT ( 'NONE',  ( 21.88772651701564698, 98.16789853788665710, -7.554427681505749170 ) ) ;
#3628 = CARTESIAN_POINT ( 'NONE',  ( -1.000000000000000000, 52.59668806854095635, -1.000000000000000000 ) ) ;
#3629 = DIRECTION ( 'NONE',  ( 0.000000000000000000, -1.000000000000000000, 0.000000000000000000 ) ) ;
#3630 = APPLICATION_CONTEXT ( 'automotive_design' ) ;
#3631 = ORIENTED_EDGE ( 'NONE', *, *, #607, .F. ) ;
#3632 = EDGE_CURVE ( 'NONE', #5444, #3539, #1995, .T. ) ;
#3633 = CIRCLE ( 'NONE', #966, 1.099999999999989875 ) ;
#3634 = CARTESIAN_POINT ( 'NONE',  ( 323.6626277383579691, 98.07976712723419155, -7.614181522426893167 ) ) ;
#3635 = DIRECTION ( 'NONE',  ( 0.000000000000000000, -1.000000000000000000, 0.000000000000000000 ) ) ;
#3636 = AXIS2_PLACEMENT_3D ( 'NONE', #2206, #5755, #5223 ) ;
#3637 = CARTESIAN_POINT ( 'NONE',  ( 106.0000000000000142, 117.7000000000000028, -8.199999999999935341 ) ) ;
#3638 = ORIENTED_EDGE ( 'NONE', *, *, #2659, .F. ) ;
#3639 = EDGE_CURVE ( 'NONE', #4008, #2943, #4097, .T. ) ;
#3640 = EDGE_CURVE ( 'NONE', #2296, #3920, #5136, .T. ) ;
#3641 = ORIENTED_EDGE ( 'NONE', *, *, #388, .F. ) ;
#3642 = EDGE_CURVE ( 'NONE', #4122, #2694, #4570, .T. ) ;
#3643 = EDGE_CURVE ( 'NONE', #5823, #4501, #4197, .T. ) ;
#3644 = PLANE ( 'NONE',  #3360 ) ;
#3645 = EDGE_CURVE ( 'NONE', #4711, #1770, #5663, .T. ) ;
#3646 = LINE ( 'NONE', #6192, #3128 ) ;
#3647 = ORIENTED_EDGE ( 'NONE', *, *, #670, .F. ) ;
#3648 = AXIS2_PLACEMENT_3D ( 'NONE', #4781, #303, #1340 ) ;
#3649 = AXIS2_PLACEMENT_3D ( 'NONE', #4120, #1145, #5192 ) ;
#3650 = CARTESIAN_POINT ( 'NONE',  ( 322.3000000000000114, -2.000000000000001776, -1.999999999999999556 ) ) ;
#3651 = AXIS2_PLACEMENT_3D ( 'NONE', #1362, #5067, #4026 ) ;
#3652 = VERTEX_POINT ( 'NONE', #2053 ) ;
#3653 = ORIENTED_EDGE ( 'NONE', *, *, #895, .F. ) ;
#3654 = DIRECTION ( 'NONE',  ( 0.000000000000000000, 0.7071067811865481278, 0.7071067811865469066 ) ) ;
#3655 = CARTESIAN_POINT ( 'NONE',  ( 327.5000000000000000, 83.49999999999995737, -2.000000000000047073 ) ) ;
#3656 = CARTESIAN_POINT ( 'NONE',  ( 324.5000000000000000, 56.75000000000000000, -2.500000000000003553 ) ) ;
#3657 = CARTESIAN_POINT ( 'NONE',  ( 323.5000000000000000, 110.5000000000000426, -6.199999999999997513 ) ) ;
#3658 = VECTOR ( 'NONE', #2126, 1000.000000000000000 ) ;
#3659 = DIRECTION ( 'NONE',  ( 0.000000000000000000, 1.000000000000000000, 0.000000000000000000 ) ) ;
#3660 = ORIENTED_EDGE ( 'NONE', *, *, #5592, .T. ) ;
#3661 = ORIENTED_EDGE ( 'NONE', *, *, #2045, .T. ) ;
#3662 = CARTESIAN_POINT ( 'NONE',  ( 5.992913385826666328, 114.5000000000000000, 1.647480314961017767 ) ) ;
#3663 = VERTEX_POINT ( 'NONE', #6112 ) ;
#3664 = CARTESIAN_POINT ( 'NONE',  ( 299.3333333333333144, 96.54467236378221173, -7.524304809072185130 ) ) ;
#3665 = CARTESIAN_POINT ( 'NONE',  ( 293.5000000000000000, 114.5000000000000426, 41.42640687119293830 ) ) ;
#3666 = FACE_OUTER_BOUND ( 'NONE', #591, .T. ) ;
#3667 = CARTESIAN_POINT ( 'NONE',  ( 299.0000000000000568, 96.52710814585785215, -7.857175068121859951 ) ) ;
#3668 = VECTOR ( 'NONE', #4273, 1000.000000000000114 ) ;
#3669 = ADVANCED_FACE ( 'NONE', ( #1121 ), #3160, .F. ) ;
#3670 = ORIENTED_EDGE ( 'NONE', *, *, #2526, .F. ) ;
#3671 = DIRECTION ( 'NONE',  ( -0.000000000000000000, -0.000000000000000000, -1.000000000000000000 ) ) ;
#3672 = FACE_OUTER_BOUND ( 'NONE', #341, .T. ) ;
#3673 = EDGE_CURVE ( 'NONE', #4850, #2582, #3125, .T. ) ;
#3674 = DIRECTION ( 'NONE',  ( -1.000000000000000000, 0.000000000000000000, 0.000000000000000000 ) ) ;
#3675 = VECTOR ( 'NONE', #1401, 1000.000000000000000 ) ;
#3676 = CARTESIAN_POINT ( 'NONE',  ( 23.60114285947683399, 97.74161629306291843, -7.921259753336082454 ) ) ;
#3677 = ORIENTED_EDGE ( 'NONE', *, *, #5321, .T. ) ;
#3678 = ORIENTED_EDGE ( 'NONE', *, *, #2753, .F. ) ;
#3679 = AXIS2_PLACEMENT_3D ( 'NONE', #595, #6272, #2684 ) ;
#3680 = ADVANCED_FACE ( 'NONE', ( #3698 ), #1590, .F. ) ;
#3681 = LINE ( 'NONE', #2636, #1954 ) ;
#3682 = ORIENTED_EDGE ( 'NONE', *, *, #839, .F. ) ;
#3683 = CARTESIAN_POINT ( 'NONE',  ( 2.999999999999999556, 114.5000000000000000, -6.199999999999997513 ) ) ;
#3684 = VERTEX_POINT ( 'NONE', #1155 ) ;
#3685 = VECTOR ( 'NONE', #3553, 1000.000000000000227 ) ;
#3686 = ORIENTED_EDGE ( 'NONE', *, *, #3520, .F. ) ;
#3687 = CARTESIAN_POINT ( 'NONE',  ( 22.95202486594908109, 96.92385810087462517, -7.238406437919755021 ) ) ;
#3688 = FACE_OUTER_BOUND ( 'NONE', #1738, .T. ) ;
#3689 = CARTESIAN_POINT ( 'NONE',  ( -1.593774089583408937, 97.67178076459904901, -7.428399220684799076 ) ) ;
#3690 = DIRECTION ( 'NONE',  ( 0.000000000000000000, 0.000000000000000000, -1.000000000000000000 ) ) ;
#3691 = CARTESIAN_POINT ( 'NONE',  ( 0.2000000000000048683, 56.75000000000002132, -1.999999999999999556 ) ) ;
#3692 = ORIENTED_EDGE ( 'NONE', *, *, #5841, .F. ) ;
#3693 = CIRCLE ( 'NONE', #4654, 4.000000000000000000 ) ;
#3694 = ORIENTED_EDGE ( 'NONE', *, *, #1236, .F. ) ;
#3695 = ORIENTED_EDGE ( 'NONE', *, *, #4372, .T. ) ;
#3696 = DIRECTION ( 'NONE',  ( -0.000000000000000000, 2.891205793294675861E-16, -1.000000000000000000 ) ) ;
#3697 = DIRECTION ( 'NONE',  ( -0.000000000000000000, -0.000000000000000000, -1.000000000000000000 ) ) ;
#3698 = FACE_OUTER_BOUND ( 'NONE', #3622, .T. ) ;
#3699 = DIRECTION ( 'NONE',  ( -0.000000000000000000, 2.891205793294675861E-16, -1.000000000000000000 ) ) ;
#3700 = EDGE_CURVE ( 'NONE', #5216, #505, #596, .T. ) ;
#3701 = EDGE_LOOP ( 'NONE', ( #1002, #2079 ) ) ;
#3702 = DIRECTION ( 'NONE',  ( -9.480368698469942546E-17, -0.7071067811865470176, 0.7071067811865481278 ) ) ;
#3703 = DIRECTION ( 'NONE',  ( 0.000000000000000000, 0.000000000000000000, -1.000000000000000000 ) ) ;
#3704 = DIRECTION ( 'NONE',  ( 0.7071067811865509034, 2.044391222244487264E-16, 0.7071067811865442421 ) ) ;
#3705 = CARTESIAN_POINT ( 'NONE',  ( 324.5000000000000000, -2.000000000000001776, -2.500000000000000000 ) ) ;
#3706 = ORIENTED_EDGE ( 'NONE', *, *, #4133, .F. ) ;
#3707 = AXIS2_PLACEMENT_3D ( 'NONE', #2450, #5029, #356 ) ;
#3708 = ORIENTED_EDGE ( 'NONE', *, *, #2459, .T. ) ;
#3709 = AXIS2_PLACEMENT_3D ( 'NONE', #4020, #1075, #1981 ) ;
#3710 = LINE ( 'NONE', #1103, #6230 ) ;
#3711 = ORIENTED_EDGE ( 'NONE', *, *, #3713, .F. ) ;
#3712 = EDGE_CURVE ( 'NONE', #2307, #1052, #5105, .T. ) ;
#3713 = EDGE_CURVE ( 'NONE', #6557, #3765, #2115, .T. ) ;
#3714 = DIRECTION ( 'NONE',  ( -1.000000000000000000, 0.000000000000000000, 0.000000000000000000 ) ) ;
#3715 = ORIENTED_EDGE ( 'NONE', *, *, #6379, .T. ) ;
#3716 = EDGE_CURVE ( 'NONE', #4716, #4113, #843, .T. ) ;
#3717 = ORIENTED_EDGE ( 'NONE', *, *, #3453, .T. ) ;
#3718 =( BOUNDED_CURVE ( )  B_SPLINE_CURVE ( 3, ( #819, #2415, #5397, #2346 ),
 .UNSPECIFIED., .F., .F. ) 
 B_SPLINE_CURVE_WITH_KNOTS ( ( 4, 4 ),
 ( 3.141592653589793116, 4.712388980384689674 ),
 .UNSPECIFIED. ) 
 CURVE ( )  GEOMETRIC_REPRESENTATION_ITEM ( )  RATIONAL_B_SPLINE_CURVE ( ( 1.000000000000000000, 0.8047378541243649375, 0.8047378541243649375, 1.000000000000000000 ) ) 
 REPRESENTATION_ITEM ( '' )  );
#3719 = CARTESIAN_POINT ( 'NONE',  ( 21.59817531914148603, 98.22670815631607866, -7.569370452878715128 ) ) ;
#3720 = DIRECTION ( 'NONE',  ( 0.000000000000000000, -0.7071067811865392461, 0.7071067811865557884 ) ) ;
#3721 = CARTESIAN_POINT ( 'NONE',  ( -1.718852358246681922, 97.49475144659074033, -7.383431373042133039 ) ) ;
#3722 = DIRECTION ( 'NONE',  ( 1.000000000000000000, 0.000000000000000000, 0.000000000000000000 ) ) ;
#3723 = DIRECTION ( 'NONE',  ( -0.000000000000000000, -0.000000000000000000, -1.000000000000000000 ) ) ;
#3724 = VERTEX_POINT ( 'NONE', #3857 ) ;
#3725 = CARTESIAN_POINT ( 'NONE',  ( -1.999999999999999556, -4.500000000000055067, -2.500000000000000000 ) ) ;
#3726 = ORIENTED_EDGE ( 'NONE', *, *, #1804, .T. ) ;
#3727 = EDGE_CURVE ( 'NONE', #6328, #2501, #5232, .T. ) ;
#3728 = CARTESIAN_POINT ( 'NONE',  ( 23.90398314678561675, 96.42931646431682680, -7.852014996415012327 ) ) ;
#3729 = CARTESIAN_POINT ( 'NONE',  ( -1.999999999999997780, 96.05168500005940757, -5.979269383573925012 ) ) ;
#3730 = DIRECTION ( 'NONE',  ( -0.000000000000000000, -0.000000000000000000, -1.000000000000000000 ) ) ;
#3731 = ADVANCED_FACE ( 'NONE', ( #6273 ), #3254, .F. ) ;
#3732 = CARTESIAN_POINT ( 'NONE',  ( 7.492913385826667216, 118.5000000000000142, 5.647480314960910519 ) ) ;
#3733 = CARTESIAN_POINT ( 'NONE',  ( -4.999999999999988454, 84.49999999999995737, -1.000000000000000000 ) ) ;
#3734 = ORIENTED_EDGE ( 'NONE', *, *, #4051, .F. ) ;
#3735 = CARTESIAN_POINT ( 'NONE',  ( 21.50000000000000355, 98.22670040036237538, -7.569368482627726102 ) ) ;
#3736 = CARTESIAN_POINT ( 'NONE',  ( 325.6000000000000227, -2.000000000000001776, -2.500000000000000000 ) ) ;
#3737 = CARTESIAN_POINT ( 'NONE',  ( 299.0000000000000568, 96.52710814585785215, -7.857175068121863504 ) ) ;
#3738 = ORIENTED_EDGE ( 'NONE', *, *, #5268, .T. ) ;
#3739 = ORIENTED_EDGE ( 'NONE', *, *, #406, .F. ) ;
#3740 = DIRECTION ( 'NONE',  ( -1.506359616073056041E-16, -0.9986107771491159468, 0.05269265377297461389 ) ) ;
#3741 = EDGE_LOOP ( 'NONE', ( #4910, #1747, #593, #2 ) ) ;
#3742 = DIRECTION ( 'NONE',  ( -1.000000000000000000, 0.000000000000000000, 0.000000000000000000 ) ) ;
#3743 = ORIENTED_EDGE ( 'NONE', *, *, #6516, .F. ) ;
#3744 = CIRCLE ( 'NONE', #1402, 2.500000000000002220 ) ;
#3745 = EDGE_LOOP ( 'NONE', ( #3804, #3246, #4516, #3269 ) ) ;
#3746 = CARTESIAN_POINT ( 'NONE',  ( 21.50000000000000355, 98.22670040036237538, -7.569368482627726991 ) ) ;
#3747 = CARTESIAN_POINT ( 'NONE',  ( -2.000000000000001776, -1.999999999999960920, -2.500000000000003553 ) ) ;
#3748 = CYLINDRICAL_SURFACE ( 'NONE', #442, 4.000000000000003553 ) ;
#3749 = CARTESIAN_POINT ( 'NONE',  ( 324.5000000000000000, 115.5000000000000000, -8.199999999999935341 ) ) ;
#3750 = DIRECTION ( 'NONE',  ( -0.000000000000000000, 0.000000000000000000, 1.000000000000000000 ) ) ;
#3751 = ORIENTED_EDGE ( 'NONE', *, *, #590, .F. ) ;
#3752 = AXIS2_PLACEMENT_3D ( 'NONE', #1079, #3245, #5794 ) ;
#3753 = VECTOR ( 'NONE', #1129, 1000.000000000000227 ) ;
#3754 = VERTEX_POINT ( 'NONE', #5901 ) ;
#3755 = ADVANCED_FACE ( 'NONE', ( #4768 ), #3490, .F. ) ;
#3756 = VERTEX_POINT ( 'NONE', #3221 ) ;
#3757 = AXIS2_PLACEMENT_3D ( 'NONE', #4154, #4188, #2607 ) ;
#3758 = VECTOR ( 'NONE', #2285, 1000.000000000000000 ) ;
#3759 = AXIS2_PLACEMENT_3D ( 'NONE', #4566, #4090, #5568 ) ;
#3760 = FACE_OUTER_BOUND ( 'NONE', #1619, .T. ) ;
#3761 = LINE ( 'NONE', #5198, #1541 ) ;
#3762 = FACE_OUTER_BOUND ( 'NONE', #4681, .T. ) ;
#3763 = CARTESIAN_POINT ( 'NONE',  ( -1.000000000000000000, -1.000000000000000000, -1.000000000000000000 ) ) ;
#3764 = CARTESIAN_POINT ( 'NONE',  ( 14.49291338582666633, 118.0000000000000711, 5.147480314961017100 ) ) ;
#3765 = VERTEX_POINT ( 'NONE', #191 ) ;
#3766 = AXIS2_PLACEMENT_3D ( 'NONE', #2264, #2793, #333 ) ;
#3767 = CARTESIAN_POINT ( 'NONE',  ( 14.49291338582666810, 115.1000000000000085, -1.852519685038983344 ) ) ;
#3768 = CARTESIAN_POINT ( 'NONE',  ( 327.5000000000000000, -1.999999999999960476, 6.299999999999999822 ) ) ;
#3769 = DIRECTION ( 'NONE',  ( 0.000000000000000000, 0.000000000000000000, 1.000000000000000000 ) ) ;
#3770 = CARTESIAN_POINT ( 'NONE',  ( 300.9018246808583967, 98.25364717588915653, -7.643384800857852213 ) ) ;
#3771 = DIRECTION ( 'NONE',  ( 0.000000000000000000, 1.000000000000000000, 0.000000000000000000 ) ) ;
#3772 = VERTEX_POINT ( 'NONE', #4260 ) ;
#3773 = ORIENTED_EDGE ( 'NONE', *, *, #4430, .T. ) ;
#3774 = AXIS2_PLACEMENT_3D ( 'NONE', #5423, #2908, #6426 ) ;
#3775 = CARTESIAN_POINT ( 'NONE',  ( -5.000000000000000000, 83.00000000000000000, -2.500000000000000000 ) ) ;
#3776 = ORIENTED_EDGE ( 'NONE', *, *, #5685, .F. ) ;
#3777 = LINE ( 'NONE', #2829, #2044 ) ;
#3778 = VERTEX_POINT ( 'NONE', #2749 ) ;
#3779 = VECTOR ( 'NONE', #5114, 1000.000000000000000 ) ;
#3780 = EDGE_LOOP ( 'NONE', ( #2519, #490, #116, #529 ) ) ;
#3781 = CARTESIAN_POINT ( 'NONE',  ( 21.88892439124591505, 98.17044497228499722, -7.555077872390617344 ) ) ;
#3782 = DIRECTION ( 'NONE',  ( -1.000000000000000000, 0.000000000000000000, 0.000000000000000000 ) ) ;
#3783 = CARTESIAN_POINT ( 'NONE',  ( -1.762644251237315496, 96.55039549835720436, -4.964437547098444981 ) ) ;
#3784 = ADVANCED_FACE ( 'NONE', ( #3762 ), #5311, .F. ) ;
#3785 = CARTESIAN_POINT ( 'NONE',  ( 324.5000000000000000, 118.5000000000000568, 6.299999999999999822 ) ) ;
#3786 = LINE ( 'NONE', #5525, #662 ) ;
#3787 = EDGE_LOOP ( 'NONE', ( #5795, #5642, #2639, #5193 ) ) ;
#3788 = VECTOR ( 'NONE', #288, 1000.000000000000000 ) ;
#3789 = DIRECTION ( 'NONE',  ( 0.000000000000000000, 1.000000000000000000, 0.000000000000000000 ) ) ;
#3790 = CARTESIAN_POINT ( 'NONE',  ( -1.999999999999984901, 113.3000000000000114, -8.199999999999935341 ) ) ;
#3791 = VECTOR ( 'NONE', #3938, 1000.000000000000000 ) ;
#3792 = CARTESIAN_POINT ( 'NONE',  ( 33.00000000000000000, 84.49999999999995737, -1.000000000000000000 ) ) ;
#3793 = CARTESIAN_POINT ( 'NONE',  ( 22.69619397876935807, 97.52977780327046275, -7.392322979900471047 ) ) ;
#3794 = FACE_OUTER_BOUND ( 'NONE', #2626, .T. ) ;
#3795 = LINE ( 'NONE', #5401, #1029 ) ;
#3796 = AXIS2_PLACEMENT_3D ( 'NONE', #4543, #3092, #4507 ) ;
#3797 = EDGE_CURVE ( 'NONE', #3277, #903, #2631, .T. ) ;
#3798 = AXIS2_PLACEMENT_3D ( 'NONE', #3764, #6342, #194 ) ;
#3799 = PLANE ( 'NONE',  #6343 ) ;
#3800 = FACE_OUTER_BOUND ( 'NONE', #314, .T. ) ;
#3801 = DIRECTION ( 'NONE',  ( -1.000000000000000000, 0.000000000000000000, 0.000000000000000000 ) ) ;
#3802 = CARTESIAN_POINT ( 'NONE',  ( 323.5000000000000000, -0.9999999999999603650, -1.000000000000000000 ) ) ;
#3803 = LINE ( 'NONE', #3834, #6556 ) ;
#3804 = ORIENTED_EDGE ( 'NONE', *, *, #4795, .F. ) ;
#3805 = EDGE_CURVE ( 'NONE', #1424, #460, #4929, .T. ) ;
#3806 = EDGE_CURVE ( 'NONE', #2007, #1651, #4532, .T. ) ;
#3807 = EDGE_CURVE ( 'NONE', #4615, #1722, #5431, .T. ) ;
#3808 = CARTESIAN_POINT ( 'NONE',  ( 23.00000000000001421, 96.17112446137507220, -5.858247972019371197 ) ) ;
#3809 = ORIENTED_EDGE ( 'NONE', *, *, #4828, .F. ) ;
#3810 = VECTOR ( 'NONE', #1951, 1000.000000000000114 ) ;
#3811 = LINE ( 'NONE', #740, #2474 ) ;
#3812 = ORIENTED_EDGE ( 'NONE', *, *, #340, .F. ) ;
#3813 = ORIENTED_EDGE ( 'NONE', *, *, #4159, .F. ) ;
#3814 = CIRCLE ( 'NONE', #3279, 4.000000000000000000 ) ;
#3815 = CARTESIAN_POINT ( 'NONE',  ( 5.992913385826666328, 115.1000000000000085, 1.647480314961017767 ) ) ;
#3816 = FACE_OUTER_BOUND ( 'NONE', #1463, .T. ) ;
#3817 = DIRECTION ( 'NONE',  ( -1.000000000000000000, -1.252131230780251545E-16, 3.620169068397056261E-32 ) ) ;
#3818 = CARTESIAN_POINT ( 'NONE',  ( 216.5000000000000284, -1.999999999999988010, 6.299999999999999822 ) ) ;
#3819 = AXIS2_PLACEMENT_3D ( 'NONE', #1415, #2839, #4432 ) ;
#3820 = FACE_OUTER_BOUND ( 'NONE', #6257, .T. ) ;
#3821 = VERTEX_POINT ( 'NONE', #1324 ) ;
#3822 = ORIENTED_EDGE ( 'NONE', *, *, #1813, .F. ) ;
#3823 = CARTESIAN_POINT ( 'NONE',  ( 110.1533119314590010, -0.9999999999999863443, -1.000000000000000000 ) ) ;
#3824 = CARTESIAN_POINT ( 'NONE',  ( 324.5000000000000000, -1.999999999999960476, -2.500000000000000000 ) ) ;
#3825 = CARTESIAN_POINT ( 'NONE',  ( 22.73291956381113366, 97.46972029281205607, -7.377071423035899578 ) ) ;
#3826 = CONICAL_SURFACE ( 'NONE', #946, 3.400000000000007017, 0.7853981633974361776 ) ;
#3827 = DIRECTION ( 'NONE',  ( -0.000000000000000000, -0.000000000000000000, -1.000000000000000000 ) ) ;
#3828 = FACE_OUTER_BOUND ( 'NONE', #1201, .T. ) ;
#3829 = VECTOR ( 'NONE', #2315, 1000.000000000000000 ) ;
#3830 = DIRECTION ( 'NONE',  ( 0.000000000000000000, 0.000000000000000000, 1.000000000000000000 ) ) ;
#3831 = DIRECTION ( 'NONE',  ( -0.000000000000000000, 2.891205793294675861E-16, -1.000000000000000000 ) ) ;
#3832 = CARTESIAN_POINT ( 'NONE',  ( 352.4716436477942807, 99.03767606110000088, -7.989647587904848969 ) ) ;
#3833 = LINE ( 'NONE', #1195, #6110 ) ;
#3834 = CARTESIAN_POINT ( 'NONE',  ( 323.5000000000000000, -0.9999999999999603650, 6.299999999999999822 ) ) ;
#3835 = EDGE_CURVE ( 'NONE', #710, #1722, #888, .T. ) ;
#3836 = ORIENTED_EDGE ( 'NONE', *, *, #5770, .F. ) ;
#3837 = CARTESIAN_POINT ( 'NONE',  ( -5.000000000000000000, 83.00000000000000000, -2.500000000000000000 ) ) ;
#3838 = CARTESIAN_POINT ( 'NONE',  ( 215.4000000000000341, -1.999999999999988010, -2.500000000000000000 ) ) ;
#3839 = ORIENTED_EDGE ( 'NONE', *, *, #4124, .F. ) ;
#3840 = DIRECTION ( 'NONE',  ( -1.000000000000000000, 0.000000000000000000, 0.000000000000000000 ) ) ;
#3841 = ORIENTED_EDGE ( 'NONE', *, *, #4657, .F. ) ;
#3842 = EDGE_CURVE ( 'NONE', #5252, #2637, #6169, .T. ) ;
#3843 = ORIENTED_EDGE ( 'NONE', *, *, #1087, .T. ) ;
#3844 = EDGE_CURVE ( 'NONE', #834, #4545, #3270, .T. ) ;
#3845 = ADVANCED_FACE ( 'NONE', ( #5463 ), #6436, .F. ) ;
#3846 = CARTESIAN_POINT ( 'NONE',  ( 220.6533119314590294, 3.000000000000027089, -8.701999999999998181 ) ) ;
#3847 = DIRECTION ( 'NONE',  ( -0.000000000000000000, 2.891205793294675861E-16, -1.000000000000000000 ) ) ;
#3848 = CARTESIAN_POINT ( 'NONE',  ( 3.000000000000000000, 110.5000000000000000, 6.299999999999999822 ) ) ;
#3849 = CARTESIAN_POINT ( 'NONE',  ( 324.4770724130146959, 96.26893239943542824, -5.724752532401131688 ) ) ;
#3850 = CARTESIAN_POINT ( 'NONE',  ( 319.5000000000000000, 52.59668806854095635, 6.299999999999999822 ) ) ;
#3851 = ORIENTED_EDGE ( 'NONE', *, *, #4826, .T. ) ;
#3852 = LINE ( 'NONE', #6432, #6603 ) ;
#3853 = AXIS2_PLACEMENT_3D ( 'NONE', #423, #4021, #6069 ) ;
#3854 = LINE ( 'NONE', #2448, #1372 ) ;
#3855 = AXIS2_PLACEMENT_3D ( 'NONE', #2676, #2610, #5259 ) ;
#3856 = CARTESIAN_POINT ( 'NONE',  ( 319.5000000000000000, 3.000000000000039080, 6.299999999999999822 ) ) ;
#3857 = CARTESIAN_POINT ( 'NONE',  ( 214.9025723340542982, -0.07692307692306210587, 6.299999999999999822 ) ) ;
#3858 = VECTOR ( 'NONE', #3010, 1000.000000000000227 ) ;
#3859 = CARTESIAN_POINT ( 'NONE',  ( 299.5000000000000000, 94.78533450744475886, -2.500000000000002220 ) ) ;
#3860 = ORIENTED_EDGE ( 'NONE', *, *, #3601, .F. ) ;
#3861 = FACE_OUTER_BOUND ( 'NONE', #5261, .T. ) ;
#3862 = FACE_OUTER_BOUND ( 'NONE', #1608, .T. ) ;
#3863 = VECTOR ( 'NONE', #2577, 1000.000000000000000 ) ;
#3864 = VECTOR ( 'NONE', #2812, 1000.000000000000000 ) ;
#3865 = CYLINDRICAL_SURFACE ( 'NONE', #1537, 2.199999999999993516 ) ;
#3866 = DIRECTION ( 'NONE',  ( 0.000000000000000000, 0.000000000000000000, -1.000000000000000000 ) ) ;
#3867 = DIRECTION ( 'NONE',  ( -1.000000000000000000, 0.000000000000000000, 0.000000000000000000 ) ) ;
#3868 = DIRECTION ( 'NONE',  ( -1.000000000000000000, 0.000000000000000000, 0.000000000000000000 ) ) ;
#3869 = CARTESIAN_POINT ( 'NONE',  ( 101.8466880685409564, 110.5000000000000142, -6.200000000000000178 ) ) ;
#3870 =( LENGTH_UNIT ( ) NAMED_UNIT ( * ) SI_UNIT ( .MILLI., .METRE. ) );
#3871 = VERTEX_POINT ( 'NONE', #4022 ) ;
#3872 = FACE_OUTER_BOUND ( 'NONE', #2081, .T. ) ;
#3873 = CARTESIAN_POINT ( 'NONE',  ( 22.71453749158040125, 96.56295422619930946, -4.804415830580581748 ) ) ;
#3874 = EDGE_LOOP ( 'NONE', ( #4857, #3522, #5212, #4812, #2480, #265, #1101, #586, #3417, #1702, #739, #1478, #3419, #3264, #3231, #3403, #2648, #3647, #4263, #3198, #550, #3677, #2177, #4067, #677, #6618, #2766, #4680, #4429, #5213, #4110, #321, #2233 ) ) ;
#3875 = VECTOR ( 'NONE', #6063, 1000.000000000000227 ) ;
#3876 = CARTESIAN_POINT ( 'NONE',  ( 28.99999999999999645, 95.36678485964283425, -1.000000000000000888 ) ) ;
#3877 = ORIENTED_EDGE ( 'NONE', *, *, #4255, .F. ) ;
#3878 = ORIENTED_EDGE ( 'NONE', *, *, #2618, .T. ) ;
#3879 = EDGE_CURVE ( 'NONE', #16, #709, #2984, .T. ) ;
#3880 = AXIS2_PLACEMENT_3D ( 'NONE', #517, #2075, #2138 ) ;
#3881 = PLANE ( 'NONE',  #4576 ) ;
#3882 = DIRECTION ( 'NONE',  ( -0.000000000000000000, -0.000000000000000000, -1.000000000000000000 ) ) ;
#3883 = CARTESIAN_POINT ( 'NONE',  ( 216.5000000000000568, 117.7000000000000171, -8.699999999999935341 ) ) ;
#3884 = CARTESIAN_POINT ( 'NONE',  ( 212.3466880685409990, 110.5000000000000284, 6.299999999999999822 ) ) ;
#3885 = DIRECTION ( 'NONE',  ( -0.000000000000000000, 0.000000000000000000, -1.000000000000000000 ) ) ;
#3886 = ORIENTED_EDGE ( 'NONE', *, *, #4414, .T. ) ;
#3887 = VECTOR ( 'NONE', #3329, 1000.000000000000000 ) ;
#3888 = DIRECTION ( 'NONE',  ( 0.000000000000000000, 1.000000000000000000, -2.891205793294675861E-16 ) ) ;
#3889 = ADVANCED_FACE ( 'NONE', ( #5398 ), #4991, .F. ) ;
#3890 = LINE ( 'NONE', #1916, #1788 ) ;
#3891 = DIRECTION ( 'NONE',  ( 0.000000000000000000, 0.9986107771491159468, -0.05269265377297461389 ) ) ;
#3892 = CARTESIAN_POINT ( 'NONE',  ( 108.1999999999999886, -1.999999999999973577, -1.999999999999999556 ) ) ;
#3893 = CYLINDRICAL_SURFACE ( 'NONE', #563, 1.100000000000003642 ) ;
#3894 = EDGE_CURVE ( 'NONE', #5410, #4048, #6543, .T. ) ;
#3895 = VERTEX_POINT ( 'NONE', #4397 ) ;
#3896 = ORIENTED_EDGE ( 'NONE', *, *, #3640, .T. ) ;
#3897 = CARTESIAN_POINT ( 'NONE',  ( 326.6999999999999886, -2.000000000000001332, -2.500000000000003553 ) ) ;
#3898 = ORIENTED_EDGE ( 'NONE', *, *, #3423, .F. ) ;
#3899 = CIRCLE ( 'NONE', #5392, 1.750000000000001554 ) ;
#3900 = EDGE_CURVE ( 'NONE', #3684, #5216, #4965, .T. ) ;
#3901 = DIRECTION ( 'NONE',  ( 1.508455196501570936E-16, 1.000000000000000000, 0.000000000000000000 ) ) ;
#3902 = FACE_OUTER_BOUND ( 'NONE', #773, .T. ) ;
#3903 = PLANE ( 'NONE',  #1762 ) ;
#3904 = CARTESIAN_POINT ( 'NONE',  ( 47.49291338582636968, 53.59291438582643252, -1.999999999999980904 ) ) ;
#3905 = AXIS2_PLACEMENT_3D ( 'NONE', #4261, #6208, #5765 ) ;
#3906 = CARTESIAN_POINT ( 'NONE',  ( 324.5000000000000000, -1.999999999999960476, -2.000000000000047073 ) ) ;
#3907 = AXIS2_PLACEMENT_3D ( 'NONE', #222, #1691, #4867 ) ;
#3908 = ORIENTED_EDGE ( 'NONE', *, *, #1509, .T. ) ;
#3909 = LINE ( 'NONE', #5411, #1856 ) ;
#3910 = CARTESIAN_POINT ( 'NONE',  ( 22.85908953150874012, 96.48135453509974013, -5.281447568957297278 ) ) ;
#3911 = EDGE_LOOP ( 'NONE', ( #3439, #447, #1628, #1215 ) ) ;
#3912 = CARTESIAN_POINT ( 'NONE',  ( 324.2199801923597420, 98.25251631113495421, -7.948217881949248387 ) ) ;
#3913 = ORIENTED_EDGE ( 'NONE', *, *, #5729, .F. ) ;
#3914 = ORIENTED_EDGE ( 'NONE', *, *, #5485, .T. ) ;
#3915 = CARTESIAN_POINT ( 'NONE',  ( 13.59291338582666953, 115.1000000000000085, 4.047480314961017456 ) ) ;
#3916 = DIRECTION ( 'NONE',  ( -1.252131230780251545E-16, 1.000000000000000000, -0.000000000000000000 ) ) ;
#3917 = DIRECTION ( 'NONE',  ( -0.000000000000000000, 2.891205793294675861E-16, -1.000000000000000000 ) ) ;
#3918 = DIRECTION ( 'NONE',  ( -0.7071067811865447972, 0.000000000000000000, -0.7071067811865502373 ) ) ;
#3919 = CARTESIAN_POINT ( 'NONE',  ( -1.000000000000000000, -1.000000000000000000, -1.000000000000000000 ) ) ;
#3920 = VERTEX_POINT ( 'NONE', #820 ) ;
#3921 = DIRECTION ( 'NONE',  ( 1.000000000000000000, -0.000000000000000000, -0.000000000000000000 ) ) ;
#3922 = EDGE_CURVE ( 'NONE', #5903, #5051, #3451, .T. ) ;
#3923 = AXIS2_PLACEMENT_3D ( 'NONE', #2487, #949, #4496 ) ;
#3924 = DIRECTION ( 'NONE',  ( 0.000000000000000000, 0.000000000000000000, 1.000000000000000000 ) ) ;
#3925 = DIRECTION ( 'NONE',  ( 1.000000000000000000, -0.000000000000000000, -0.000000000000000000 ) ) ;
#3926 = DIRECTION ( 'NONE',  ( -1.000000000000000000, 0.000000000000000000, 0.000000000000000000 ) ) ;
#3927 = DIRECTION ( 'NONE',  ( 0.000000000000000000, 1.000000000000000000, 0.000000000000000000 ) ) ;
#3928 = ORIENTED_EDGE ( 'NONE', *, *, #2539, .T. ) ;
#3929 = AXIS2_PLACEMENT_3D ( 'NONE', #6197, #6161, #1578 ) ;
#3930 = ORIENTED_EDGE ( 'NONE', *, *, #3600, .T. ) ;
#3931 = CARTESIAN_POINT ( 'NONE',  ( 300.0689165960308173, 97.88673993165843967, -7.581764790245291152 ) ) ;
#3932 = EDGE_LOOP ( 'NONE', ( #6253, #3841, #3590, #4257 ) ) ;
#3933 = EDGE_CURVE ( 'NONE', #3756, #3225, #4672, .T. ) ;
#3934 = EDGE_CURVE ( 'NONE', #599, #1384, #1465, .T. ) ;
#3935 = AXIS2_PLACEMENT_3D ( 'NONE', #64, #3635, #1128 ) ;
#3936 = DIRECTION ( 'NONE',  ( -0.000000000000000000, 2.891205793294675861E-16, -1.000000000000000000 ) ) ;
#3937 = LINE ( 'NONE', #3389, #2840 ) ;
#3938 = DIRECTION ( 'NONE',  ( -0.000000000000000000, 0.000000000000000000, 1.000000000000000000 ) ) ;
#3939 = LINE ( 'NONE', #5376, #6537 ) ;
#3940 = ORIENTED_EDGE ( 'NONE', *, *, #5685, .T. ) ;
#3941 = VECTOR ( 'NONE', #1222, 1000.000000000000000 ) ;
#3942 = ORIENTED_EDGE ( 'NONE', *, *, #6184, .F. ) ;
#3943 = CARTESIAN_POINT ( 'NONE',  ( 325.6000000000000227, -2.000000000000001776, 6.299999999999999822 ) ) ;
#3944 = DIRECTION ( 'NONE',  ( -1.000000000000000000, 0.000000000000000000, -0.000000000000000000 ) ) ;
#3945 = ORIENTED_EDGE ( 'NONE', *, *, #2482, .F. ) ;
#3946 = CARTESIAN_POINT ( 'NONE',  ( -1.999999999999999112, 81.00664417973140985, -6.306732381196063386 ) ) ;
#3947 = ORIENTED_EDGE ( 'NONE', *, *, #6092, .T. ) ;
#3948 = ORIENTED_EDGE ( 'NONE', *, *, #2929, .F. ) ;
#3949 = ADVANCED_FACE ( 'NONE', ( #2915 ), #2877, .F. ) ;
#3950 = DIRECTION ( 'NONE',  ( -0.000000000000000000, 2.891205793294675861E-16, -1.000000000000000000 ) ) ;
#3951 = LINE ( 'NONE', #6093, #271 ) ;
#3952 = DIRECTION ( 'NONE',  ( -1.000000000000000000, 0.000000000000000000, 0.000000000000000000 ) ) ;
#3953 = CARTESIAN_POINT ( 'NONE',  ( 324.2626765241558928, 96.55048647798811601, -4.964557266661397961 ) ) ;
#3954 = CARTESIAN_POINT ( 'NONE',  ( -1.000000000000000000, 3.000000000000000000, -1.000000000000000000 ) ) ;
#3955 = VERTEX_POINT ( 'NONE', #5503 ) ;
#3956 = EDGE_CURVE ( 'NONE', #1038, #1278, #3414, .T. ) ;
#3957 = CARTESIAN_POINT ( 'NONE',  ( 0.1999999999999966249, -1.999999999999960476, -1.999999999999999556 ) ) ;
#3958 = FACE_OUTER_BOUND ( 'NONE', #2602, .T. ) ;
#3959 = CARTESIAN_POINT ( 'NONE',  ( -1.975368455294704617, 96.78531742394856963, -7.203212097737114128 ) ) ;
#3960 = DIRECTION ( 'NONE',  ( -0.000000000000000000, 2.891205793294675861E-16, -1.000000000000000000 ) ) ;
#3961 = DIRECTION ( 'NONE',  ( -0.000000000000000000, 2.891205793294675861E-16, -1.000000000000000000 ) ) ;
#3962 = EDGE_LOOP ( 'NONE', ( #4646, #806 ) ) ;
#3963 = EDGE_CURVE ( 'NONE', #1770, #3474, #4096, .T. ) ;
#3964 = ORIENTED_EDGE ( 'NONE', *, *, #4697, .F. ) ;
#3965 = CARTESIAN_POINT ( 'NONE',  ( 299.5215679341441728, 96.84125328242497233, -7.406198523148421309 ) ) ;
#3966 = ORIENTED_EDGE ( 'NONE', *, *, #1632, .F. ) ;
#3967 = AXIS2_PLACEMENT_3D ( 'NONE', #6313, #4840, #2663 ) ;
#3968 = DIRECTION ( 'NONE',  ( -1.000000000000000000, 0.000000000000000000, 0.000000000000000000 ) ) ;
#3969 = CARTESIAN_POINT ( 'NONE',  ( -1.000000000000000000, 114.5000000000000000, 6.299999999999999822 ) ) ;
#3970 = LINE ( 'NONE', #2355, #1019 ) ;
#3971 = DIRECTION ( 'NONE',  ( -1.252131230780251545E-16, 1.000000000000000000, -0.000000000000000000 ) ) ;
#3972 = CIRCLE ( 'NONE', #767, 1.750000000000001554 ) ;
#3973 = ORIENTED_EDGE ( 'NONE', *, *, #3453, .F. ) ;
#3974 = VERTEX_POINT ( 'NONE', #2549 ) ;
#3975 = DIRECTION ( 'NONE',  ( -0.000000000000000000, -0.000000000000000000, -1.000000000000000000 ) ) ;
#3976 = VECTOR ( 'NONE', #1423, 1000.000000000000000 ) ;
#3977 = CARTESIAN_POINT ( 'NONE',  ( 323.0981753191414327, 98.25364717588917074, -7.643384800857852213 ) ) ;
#3978 = ORIENTED_EDGE ( 'NONE', *, *, #2297, .T. ) ;
#3979 = ORIENTED_EDGE ( 'NONE', *, *, #3195, .T. ) ;
#3980 = VECTOR ( 'NONE', #446, 1000.000000000000000 ) ;
#3981 = DIRECTION ( 'NONE',  ( 0.7069839367425885257, -0.01863937702536891741, -0.7069839367425950760 ) ) ;
#3982 = CARTESIAN_POINT ( 'NONE',  ( 324.5000000000000000, 83.49999999999995737, 31.47057550292607786 ) ) ;
#3983 = LINE ( 'NONE', #847, #4546 ) ;
#3984 = CARTESIAN_POINT ( 'NONE',  ( 47.49291338582636968, 53.59291438582643252, -1.000000000000000000 ) ) ;
#3985 = ORIENTED_EDGE ( 'NONE', *, *, #2245, .F. ) ;
#3986 = DIRECTION ( 'NONE',  ( 0.000000000000000000, -0.9396926207859070956, -0.3420201433256722101 ) ) ;
#3987 = FACE_OUTER_BOUND ( 'NONE', #5547, .T. ) ;
#3988 = FACE_OUTER_BOUND ( 'NONE', #436, .T. ) ;
#3989 = DIRECTION ( 'NONE',  ( 0.000000000000000000, 1.000000000000000000, 0.000000000000000000 ) ) ;
#3990 = LINE ( 'NONE', #5225, #1188 ) ;
#3991 = VERTEX_POINT ( 'NONE', #1048 ) ;
#3992 = CIRCLE ( 'NONE', #369, 1.099999999999998090 ) ;
#3993 = VERTEX_POINT ( 'NONE', #6200 ) ;
#3994 = CARTESIAN_POINT ( 'NONE',  ( 299.6559712445736636, 97.31040677113878701, -7.484976119925734750 ) ) ;
#3995 = CIRCLE ( 'NONE', #1109, 3.000000000000002665 ) ;
#3996 = ORIENTED_EDGE ( 'NONE', *, *, #83, .F. ) ;
#3997 = AXIS2_PLACEMENT_3D ( 'NONE', #4505, #6552, #3492 ) ;
#3998 = FACE_BOUND ( 'NONE', #1198, .T. ) ;
#3999 = CARTESIAN_POINT ( 'NONE',  ( -5.000000000000000000, -5.000000000000000888, 6.299999999999999822 ) ) ;
#4000 = DIRECTION ( 'NONE',  ( -0.000000000000000000, 2.891205793294675861E-16, -1.000000000000000000 ) ) ;
#4001 = CARTESIAN_POINT ( 'NONE',  ( 327.0000000000000568, -2.515349040166358060E-15, -8.699999999999965539 ) ) ;
#4002 = VECTOR ( 'NONE', #3891, 1000.000000000000114 ) ;
#4003 = ADVANCED_FACE ( 'NONE', ( #2579 ), #5656, .F. ) ;
#4004 = ORIENTED_EDGE ( 'NONE', *, *, #1642, .F. ) ;
#4005 = CARTESIAN_POINT ( 'NONE',  ( 324.3756999889018857, 97.23115450037215624, -7.471675571077978084 ) ) ;
#4006 = CIRCLE ( 'NONE', #2717, 2.199999999999993516 ) ;
#4007 = FACE_OUTER_BOUND ( 'NONE', #4018, .T. ) ;
#4008 = VERTEX_POINT ( 'NONE', #618 ) ;
#4009 = EDGE_CURVE ( 'NONE', #958, #2342, #4086, .T. ) ;
#4010 = ADVANCED_FACE ( 'NONE', ( #2105 ), #5563, .F. ) ;
#4011 = EDGE_LOOP ( 'NONE', ( #5915, #3822, #3374, #6362 ) ) ;
#4012 = EDGE_CURVE ( 'NONE', #1363, #1309, #46, .T. ) ;
#4013 = ADVANCED_FACE ( 'NONE', ( #1581 ), #4156, .F. ) ;
#4014 = CYLINDRICAL_SURFACE ( 'NONE', #3252, 1.499999999999998446 ) ;
#4015 = DIRECTION ( 'NONE',  ( 1.508455196501570936E-16, 1.000000000000000000, 0.000000000000000000 ) ) ;
#4016 = DIRECTION ( 'NONE',  ( 1.000000000000000000, 0.000000000000000000, 0.000000000000000000 ) ) ;
#4017 = CARTESIAN_POINT ( 'NONE',  ( 327.0000000000000568, -0.1454312086438915297, -2.756155970267300859 ) ) ;
#4018 = EDGE_LOOP ( 'NONE', ( #3034, #109, #6456, #2535, #4822, #1199, #1216, #5989 ) ) ;
#4019 = FACE_OUTER_BOUND ( 'NONE', #1487, .T. ) ;
#4020 = CARTESIAN_POINT ( 'NONE',  ( 324.5000000000000000, -1.999999999999960476, -2.500000000000000000 ) ) ;
#4021 = DIRECTION ( 'NONE',  ( 0.000000000000000000, 0.000000000000000000, -1.000000000000000000 ) ) ;
#4022 = CARTESIAN_POINT ( 'NONE',  ( 327.5000000000000000, 83.49999999999995737, -6.669091656304667382 ) ) ;
#4023 = CARTESIAN_POINT ( 'NONE',  ( 299.5000000000000000, 95.13940934097708180, -3.023633975416006425 ) ) ;
#4024 = VERTEX_POINT ( 'NONE', #1078 ) ;
#4025 = VERTEX_POINT ( 'NONE', #3117 ) ;
#4026 = DIRECTION ( 'NONE',  ( 0.000000000000000000, 0.000000000000000000, -1.000000000000000000 ) ) ;
#4027 = VECTOR ( 'NONE', #2587, 1000.000000000000000 ) ;
#4028 = VERTEX_POINT ( 'NONE', #6164 ) ;
#4029 = EDGE_CURVE ( 'NONE', #1930, #6527, #1230, .T. ) ;
#4030 = FACE_BOUND ( 'NONE', #6139, .T. ) ;
#4031 = DIRECTION ( 'NONE',  ( -0.000000000000000000, 2.891205793294675861E-16, -1.000000000000000000 ) ) ;
#4032 = AXIS2_PLACEMENT_3D ( 'NONE', #1182, #154, #3312 ) ;
#4033 = LINE ( 'NONE', #2993, #1768 ) ;
#4034 = CARTESIAN_POINT ( 'NONE',  ( 299.5000000000000000, 82.99999999999998579, -2.500000000000002220 ) ) ;
#4035 = CIRCLE ( 'NONE', #1151, 1.099999999999999423 ) ;
#4036 = ORIENTED_EDGE ( 'NONE', *, *, #6397, .F. ) ;
#4037 = VECTOR ( 'NONE', #1062, 1000.000000000000000 ) ;
#4038 = CIRCLE ( 'NONE', #2005, 2.500000000000057732 ) ;
#4039 = ORIENTED_EDGE ( 'NONE', *, *, #3956, .T. ) ;
#4040 = CARTESIAN_POINT ( 'NONE',  ( 324.4506319832894974, 96.98779683440520216, -7.430797164719741055 ) ) ;
#4041 = EDGE_CURVE ( 'NONE', #3240, #1286, #113, .T. ) ;
#4042 = DIRECTION ( 'NONE',  ( 0.000000000000000000, 1.000000000000000000, 0.000000000000000000 ) ) ;
#4043 = ORIENTED_EDGE ( 'NONE', *, *, #4412, .T. ) ;
#4044 = ORIENTED_EDGE ( 'NONE', *, *, #4271, .T. ) ;
#4045 = CARTESIAN_POINT ( 'NONE',  ( 325.6000000000000227, 56.75000000000000000, 6.299999999999999822 ) ) ;
#4046 = CARTESIAN_POINT ( 'NONE',  ( 23.00000000000000355, 82.99999999999998579, -2.500000000000002220 ) ) ;
#4047 = FACE_OUTER_BOUND ( 'NONE', #4684, .T. ) ;
#4048 = VERTEX_POINT ( 'NONE', #5692 ) ;
#4049 = PRODUCT ( 'e2base', 'e2base', '', ( #5913 ) ) ;
#4050 = CARTESIAN_POINT ( 'NONE',  ( 14.49291338582666455, 118.5000000000000142, -2.352519685038876318 ) ) ;
#4051 = EDGE_CURVE ( 'NONE', #2921, #2879, #3619, .T. ) ;
#4052 = EDGE_CURVE ( 'NONE', #4547, #5783, #1485, .T. ) ;
#4053 = LINE ( 'NONE', #1511, #2314 ) ;
#4054 = CARTESIAN_POINT ( 'NONE',  ( -1.986830108549045404, 96.70214515890167206, -7.182081909218887894 ) ) ;
#4055 = CARTESIAN_POINT ( 'NONE',  ( 24.99999999999999645, 95.36678485964283425, -6.199999999999997513 ) ) ;
#4056 = DIRECTION ( 'NONE',  ( 0.000000000000000000, 1.000000000000000000, 0.000000000000000000 ) ) ;
#4057 = VERTEX_POINT ( 'NONE', #4661 ) ;
#4058 = ORIENTED_EDGE ( 'NONE', *, *, #4513, .T. ) ;
#4059 = CARTESIAN_POINT ( 'NONE',  ( -1.630080605841894403, 97.63013038776885821, -7.417821337392243919 ) ) ;
#4060 = ORIENTED_EDGE ( 'NONE', *, *, #2998, .T. ) ;
#4061 = DIRECTION ( 'NONE',  ( 0.000000000000000000, 0.000000000000000000, 1.000000000000000000 ) ) ;
#4062 = DIRECTION ( 'NONE',  ( 0.7071067811865475727, 8.659560562354934091E-17, -0.7071067811865474617 ) ) ;
#4063 = FACE_OUTER_BOUND ( 'NONE', #687, .T. ) ;
#4064 = DIRECTION ( 'NONE',  ( 0.000000000000000000, -0.3420201433256714885, 0.9396926207859074287 ) ) ;
#4065 = ORIENTED_EDGE ( 'NONE', *, *, #5770, .T. ) ;
#4066 = AXIS2_PLACEMENT_3D ( 'NONE', #3856, #5900, #6367 ) ;
#4067 = ORIENTED_EDGE ( 'NONE', *, *, #3394, .F. ) ;
#4068 = CARTESIAN_POINT ( 'NONE',  ( -0.5000000000000002220, 98.22670040036237538, -7.569368482627729655 ) ) ;
#4069 = EDGE_CURVE ( 'NONE', #1064, #3652, #1613, .T. ) ;
#4070 = CARTESIAN_POINT ( 'NONE',  ( 325.6000000000000227, 56.75000000000000000, -0.9000000000000010214 ) ) ;
#4071 = CIRCLE ( 'NONE', #6318, 1.099999999999997646 ) ;
#4072 = AXIS2_PLACEMENT_3D ( 'NONE', #6216, #2542, #2509 ) ;
#4073 = DIRECTION ( 'NONE',  ( 0.000000000000000000, 1.000000000000000000, 0.000000000000000000 ) ) ;
#4074 = ORIENTED_EDGE ( 'NONE', *, *, #4328, .T. ) ;
#4075 = VECTOR ( 'NONE', #5064, 1000.000000000000227 ) ;
#4076 = CIRCLE ( 'NONE', #2147, 2.200000000000007283 ) ;
#4077 = ORIENTED_EDGE ( 'NONE', *, *, #5579, .F. ) ;
#4078 = CARTESIAN_POINT ( 'NONE',  ( 7.492913385826669881, 98.84752415750148202, 5.147480314961017989 ) ) ;
#4079 = DIRECTION ( 'NONE',  ( -0.000000000000000000, -0.000000000000000000, -1.000000000000000000 ) ) ;
#4080 = ORIENTED_EDGE ( 'NONE', *, *, #388, .T. ) ;
#4081 = CARTESIAN_POINT ( 'NONE',  ( -2.000000000000000000, -2.000000000000000444, 6.299999999999999822 ) ) ;
#4082 = EDGE_LOOP ( 'NONE', ( #5938, #678, #3524, #374 ) ) ;
#4083 = EDGE_CURVE ( 'NONE', #279, #3565, #1214, .T. ) ;
#4084 = CARTESIAN_POINT ( 'NONE',  ( 324.5000000000000000, -4.999999999999960032, -2.000000000000047073 ) ) ;
#4085 = DIRECTION ( 'NONE',  ( 0.000000000000000000, 0.000000000000000000, -1.000000000000000000 ) ) ;
#4086 = LINE ( 'NONE', #3083, #3250 ) ;
#4087 = DIRECTION ( 'NONE',  ( 0.7071067811865558994, 0.03725933280158489486, 0.7061244522880997243 ) ) ;
#4088 = ORIENTED_EDGE ( 'NONE', *, *, #4913, .F. ) ;
#4089 = ORIENTED_EDGE ( 'NONE', *, *, #1644, .T. ) ;
#4090 = DIRECTION ( 'NONE',  ( 0.000000000000000000, -1.000000000000000000, 0.000000000000000000 ) ) ;
#4091 = EDGE_CURVE ( 'NONE', #1052, #675, #5596, .T. ) ;
#4092 = ORIENTED_EDGE ( 'NONE', *, *, #2904, .F. ) ;
#4093 = ADVANCED_FACE ( 'NONE', ( #5063 ), #4953, .F. ) ;
#4094 = EDGE_CURVE ( 'NONE', #4501, #5092, #6129, .T. ) ;
#4095 = CARTESIAN_POINT ( 'NONE',  ( 106.0000000000000142, 115.5000000000000000, -7.099999999999941025 ) ) ;
#4096 = CIRCLE ( 'NONE', #1000, 2.199999999999998401 ) ;
#4097 = LINE ( 'NONE', #3059, #1893 ) ;
#4098 = CARTESIAN_POINT ( 'NONE',  ( -1.999999999999998224, 94.97012234149305243, -3.007700401437586546 ) ) ;
#4099 = DIRECTION ( 'NONE',  ( 0.000000000000000000, 0.000000000000000000, 1.000000000000000000 ) ) ;
#4100 = EDGE_CURVE ( 'NONE', #6148, #3039, #3052, .T. ) ;
#4101 = ORIENTED_EDGE ( 'NONE', *, *, #6518, .F. ) ;
#4102 = CARTESIAN_POINT ( 'NONE',  ( 324.9999999999999432, 96.52710814585788057, -7.857175068121859951 ) ) ;
#4103 = FACE_OUTER_BOUND ( 'NONE', #1499, .T. ) ;
#4104 = AXIS2_PLACEMENT_3D ( 'NONE', #5264, #3697, #720 ) ;
#4105 = CARTESIAN_POINT ( 'NONE',  ( 28.99999999999999645, 84.49999999999995737, -6.200000000000000178 ) ) ;
#4106 = ORIENTED_EDGE ( 'NONE', *, *, #3603, .F. ) ;
#4107 = ORIENTED_EDGE ( 'NONE', *, *, #4216, .T. ) ;
#4108 = AXIS2_PLACEMENT_3D ( 'NONE', #5452, #910, #1942 ) ;
#4109 = DIRECTION ( 'NONE',  ( -1.000000000000000000, 0.000000000000000000, 0.000000000000000000 ) ) ;
#4110 = ORIENTED_EDGE ( 'NONE', *, *, #5372, .T. ) ;
#4111 = VECTOR ( 'NONE', #1592, 1000.000000000000000 ) ;
#4112 = CARTESIAN_POINT ( 'NONE',  ( -5.000000000000000000, -5.052582851014935095, -1.996529837783030725 ) ) ;
#4113 = VERTEX_POINT ( 'NONE', #1546 ) ;
#4114 = EDGE_CURVE ( 'NONE', #4048, #3974, #3899, .T. ) ;
#4115 = CIRCLE ( 'NONE', #1240, 4.000000000000003553 ) ;
#4116 = CARTESIAN_POINT ( 'NONE',  ( 299.9939785102326368, 98.42387621297261546, -7.957259851237701298 ) ) ;
#4117 = DIRECTION ( 'NONE',  ( 0.000000000000000000, 0.000000000000000000, -1.000000000000000000 ) ) ;
#4118 = DIRECTION ( 'NONE',  ( -1.000000000000000000, 0.000000000000000000, 0.000000000000000000 ) ) ;
#4119 = DIRECTION ( 'NONE',  ( -0.000000000000000000, -0.000000000000000000, -1.000000000000000000 ) ) ;
#4120 = CARTESIAN_POINT ( 'NONE',  ( 324.5000000000000000, 94.80613420518679391, -4.750000000000002665 ) ) ;
#4121 = ORIENTED_EDGE ( 'NONE', *, *, #3639, .T. ) ;
#4122 = VERTEX_POINT ( 'NONE', #5292 ) ;
#4123 = CARTESIAN_POINT ( 'NONE',  ( -1.999999999999997780, 96.46780709592847813, -7.122555445710304411 ) ) ;
#4124 = EDGE_CURVE ( 'NONE', #4284, #1038, #5269, .T. ) ;
#4125 = ORIENTED_EDGE ( 'NONE', *, *, #4628, .F. ) ;
#4126 = FACE_BOUND ( 'NONE', #6027, .T. ) ;
#4127 = DIRECTION ( 'NONE',  ( -0.000000000000000000, 0.000000000000000000, -1.000000000000000000 ) ) ;
#4128 = DIRECTION ( 'NONE',  ( -0.000000000000000000, -0.000000000000000000, -1.000000000000000000 ) ) ;
#4129 = DIRECTION ( 'NONE',  ( -0.000000000000000000, -0.000000000000000000, -1.000000000000000000 ) ) ;
#4130 = EDGE_CURVE ( 'NONE', #5046, #3240, #5806, .T. ) ;
#4131 = VECTOR ( 'NONE', #2416, 1000.000000000000000 ) ;
#4132 = EDGE_CURVE ( 'NONE', #4024, #3754, #3573, .T. ) ;
#4133 = EDGE_CURVE ( 'NONE', #842, #4564, #6250, .T. ) ;
#4134 = EDGE_CURVE ( 'NONE', #936, #5447, #5756, .T. ) ;
#4135 = ORIENTED_EDGE ( 'NONE', *, *, #5088, .T. ) ;
#4136 = AXIS2_PLACEMENT_3D ( 'NONE', #3665, #6143, #4127 ) ;
#4137 = CARTESIAN_POINT ( 'NONE',  ( 323.7915584554471025, 97.99791031788973328, -7.600437070459738820 ) ) ;
#4138 = DIRECTION ( 'NONE',  ( 1.000000000000000000, 0.000000000000000000, 0.000000000000000000 ) ) ;
#4139 = AXIS2_PLACEMENT_3D ( 'NONE', #5528, #2911, #6466 ) ;
#4140 = AXIS2_PLACEMENT_3D ( 'NONE', #1544, #2102, #5626 ) ;
#4141 = LINE ( 'NONE', #534, #4827 ) ;
#4142 = ORIENTED_EDGE ( 'NONE', *, *, #868, .F. ) ;
#4143 = CONICAL_SURFACE ( 'NONE', #5541, 2.199999999999979750, 0.7853981633974445042 ) ;
#4144 = ORIENTED_EDGE ( 'NONE', *, *, #2527, .F. ) ;
#4145 = AXIS2_PLACEMENT_3D ( 'NONE', #876, #1281, #273 ) ;
#4146 = DIRECTION ( 'NONE',  ( -0.000000000000000000, -0.000000000000000000, -1.000000000000000000 ) ) ;
#4147 = LINE ( 'NONE', #1602, #569 ) ;
#4148 = EDGE_LOOP ( 'NONE', ( #4246, #50, #1567, #4450 ) ) ;
#4149 = CARTESIAN_POINT ( 'NONE',  ( 324.5000000000000000, 56.75000000000000000, -1.999999999999999556 ) ) ;
#4150 = VERTEX_POINT ( 'NONE', #1707 ) ;
#4151 = AXIS2_PLACEMENT_3D ( 'NONE', #176, #2199, #4245 ) ;
#4152 = ORIENTED_EDGE ( 'NONE', *, *, #5310, .T. ) ;
#4153 = CARTESIAN_POINT ( 'NONE',  ( 299.2519737532255135, 97.61860262118753440, -7.914768819160531876 ) ) ;
#4154 = CARTESIAN_POINT ( 'NONE',  ( 220.6533119314590294, 110.5000000000000284, 6.299999999999999822 ) ) ;
#4155 = DIRECTION ( 'NONE',  ( -0.000000000000000000, -0.000000000000000000, -1.000000000000000000 ) ) ;
#4156 = CYLINDRICAL_SURFACE ( 'NONE', #384, 2.199999999999993516 ) ;
#4157 = DIRECTION ( 'NONE',  ( 1.000000000000000000, 0.000000000000000000, -1.668003342285390565E-16 ) ) ;
#4158 = ORIENTED_EDGE ( 'NONE', *, *, #6302, .T. ) ;
#4159 = EDGE_CURVE ( 'NONE', #5799, #3549, #1865, .T. ) ;
#4160 = ORIENTED_EDGE ( 'NONE', *, *, #421, .F. ) ;
#4161 = CARTESIAN_POINT ( 'NONE',  ( -2.903993747304808970, 96.60003415488344558, -7.861023078810867482 ) ) ;
#4162 = VERTEX_POINT ( 'NONE', #3785 ) ;
#4163 = ADVANCED_FACE ( 'NONE', ( #2274 ), #3233, .F. ) ;
#4164 = FACE_OUTER_BOUND ( 'NONE', #5623, .T. ) ;
#4165 = DIRECTION ( 'NONE',  ( 0.000000000000000000, -1.000000000000000000, 2.891205793294675861E-16 ) ) ;
#4166 = DIRECTION ( 'NONE',  ( 1.000000000000000000, 0.000000000000000000, 0.000000000000000000 ) ) ;
#4167 = CARTESIAN_POINT ( 'NONE',  ( 325.6000000000000227, -2.000000000000001776, -0.9000000000000010214 ) ) ;
#4168 = EDGE_CURVE ( 'NONE', #4640, #1424, #1547, .T. ) ;
#4169 = ORIENTED_EDGE ( 'NONE', *, *, #1561, .T. ) ;
#4170 = VECTOR ( 'NONE', #5585, 1000.000000000000000 ) ;
#4171 = DIRECTION ( 'NONE',  ( 1.283000413665435261E-16, -1.000000000000000000, -0.000000000000000000 ) ) ;
#4172 = DIRECTION ( 'NONE',  ( -1.000000000000000000, 3.469446951953611033E-15, 0.000000000000000000 ) ) ;
#4173 = CARTESIAN_POINT ( 'NONE',  ( 319.5000000000000000, 110.5000000000000426, -6.200000000000000178 ) ) ;
#4174 = AXIS2_PLACEMENT_3D ( 'NONE', #4921, #2238, #1877 ) ;
#4175 = LINE ( 'NONE', #5177, #2481 ) ;
#4176 = ORIENTED_EDGE ( 'NONE', *, *, #2317, .F. ) ;
#4177 = ORIENTED_EDGE ( 'NONE', *, *, #5120, .F. ) ;
#4178 = AXIS2_PLACEMENT_3D ( 'NONE', #1428, #6015, #1299 ) ;
#4179 = FACE_OUTER_BOUND ( 'NONE', #1171, .T. ) ;
#4180 = ORIENTED_EDGE ( 'NONE', *, *, #3394, .T. ) ;
#4181 = AXIS2_PLACEMENT_3D ( 'NONE', #538, #2667, #4109 ) ;
#4182 = VECTOR ( 'NONE', #4693, 1000.000000000000000 ) ;
#4183 = LINE ( 'NONE', #676, #6085 ) ;
#4184 = ORIENTED_EDGE ( 'NONE', *, *, #55, .F. ) ;
#4185 = ORIENTED_EDGE ( 'NONE', *, *, #978, .T. ) ;
#4186 = ADVANCED_FACE ( 'NONE', ( #6264 ), #5224, .F. ) ;
#4187 = CARTESIAN_POINT ( 'NONE',  ( 22.84824923060027757, 97.24726338028749240, -7.320561333094653733 ) ) ;
#4188 = DIRECTION ( 'NONE',  ( 0.000000000000000000, 0.000000000000000000, -1.000000000000000000 ) ) ;
#4189 = CARTESIAN_POINT ( 'NONE',  ( -1.525027042122034659, 97.75331595628743742, -7.449114833442775918 ) ) ;
#4190 = DIRECTION ( 'NONE',  ( -0.000000000000000000, -0.000000000000000000, -1.000000000000000000 ) ) ;
#4191 = LINE ( 'NONE', #5162, #4182 ) ;
#4192 = ORIENTED_EDGE ( 'NONE', *, *, #5372, .F. ) ;
#4193 = ORIENTED_EDGE ( 'NONE', *, *, #2659, .T. ) ;
#4194 = EDGE_LOOP ( 'NONE', ( #5619, #914, #4380, #4439 ) ) ;
#4195 = CARTESIAN_POINT ( 'NONE',  ( 23.00000000000000711, 94.80613420518679391, -4.750000000000002665 ) ) ;
#4196 = CARTESIAN_POINT ( 'NONE',  ( 106.0000000000000142, 115.5000000000000000, 6.300000000000110845 ) ) ;
#4197 = LINE ( 'NONE', #495, #6276 ) ;
#4198 = FACE_OUTER_BOUND ( 'NONE', #2167, .T. ) ;
#4199 = AXIS2_PLACEMENT_3D ( 'NONE', #70, #2066, #1571 ) ;
#4200 = EDGE_LOOP ( 'NONE', ( #14, #2703, #5658, #6439 ) ) ;
#4201 = LINE ( 'NONE', #6247, #6450 ) ;
#4202 = DIRECTION ( 'NONE',  ( -0.000000000000000000, -0.000000000000000000, 1.000000000000000000 ) ) ;
#4203 = CARTESIAN_POINT ( 'NONE',  ( -5.000000000000000000, -5.000000000000000888, 6.299999999999999822 ) ) ;
#4204 = EDGE_CURVE ( 'NONE', #5262, #2921, #1678, .T. ) ;
#4205 = ADVANCED_FACE ( 'NONE', ( #1176 ), #1742, .T. ) ;
#4206 = VECTOR ( 'NONE', #1315, 1000.000000000000000 ) ;
#4207 = CARTESIAN_POINT ( 'NONE',  ( 323.0000000000000000, 96.38160116615864581, -2.500000000000002220 ) ) ;
#4208 = ORIENTED_EDGE ( 'NONE', *, *, #1441, .T. ) ;
#4209 = VERTEX_POINT ( 'NONE', #5258 ) ;
#4210 = AXIS2_PLACEMENT_3D ( 'NONE', #1459, #2555, #2958 ) ;
#4211 = CARTESIAN_POINT ( 'NONE',  ( 44.09291338582636399, 56.99291438582643821, -1.000000000000000000 ) ) ;
#4212 = ORIENTED_EDGE ( 'NONE', *, *, #6595, .T. ) ;
#4213 = LINE ( 'NONE', #4752, #3508 ) ;
#4214 = EDGE_LOOP ( 'NONE', ( #4667, #5270, #1641, #4346, #5017, #5520, #1683 ) ) ;
#4215 = VECTOR ( 'NONE', #5129, 1000.000000000000000 ) ;
#4216 = EDGE_CURVE ( 'NONE', #1020, #3110, #3274, .T. ) ;
#4217 = EDGE_CURVE ( 'NONE', #2554, #3871, #2802, .T. ) ;
#4218 = ORIENTED_EDGE ( 'NONE', *, *, #2329, .T. ) ;
#4219 = LINE ( 'NONE', #6261, #938 ) ;
#4220 = CARTESIAN_POINT ( 'NONE',  ( -1.999999999999993561, 56.75000000000002132, -0.9000000000000010214 ) ) ;
#4221 = CARTESIAN_POINT ( 'NONE',  ( -1.999999999999997780, 94.80613420518679391, -6.499999999999997335 ) ) ;
#4222 = CARTESIAN_POINT ( 'NONE',  ( 319.4999999999998863, 114.5000000000000426, 6.299999999999999822 ) ) ;
#4223 = CARTESIAN_POINT ( 'NONE',  ( 7.492913385826665440, 118.5000000000000142, 1.647480314961016656 ) ) ;
#4224 = VERTEX_POINT ( 'NONE', #779 ) ;
#4225 = STYLED_ITEM ( 'NONE', ( #3576 ), #922 ) ;
#4226 = CARTESIAN_POINT ( 'NONE',  ( 23.00000000000000355, 83.73047434235311925, -2.500000000000002220 ) ) ;
#4227 = ORIENTED_EDGE ( 'NONE', *, *, #5342, .T. ) ;
#4228 = CARTESIAN_POINT ( 'NONE',  ( 220.6533119314590294, 110.5000000000000284, -8.701999999999998181 ) ) ;
#4229 = CARTESIAN_POINT ( 'NONE',  ( 319.5000000000000000, 52.59668806854095635, -1.000000000000000000 ) ) ;
#4230 = CARTESIAN_POINT ( 'NONE',  ( 22.48777762170890782, 97.79180740846618392, -7.458887462127711032 ) ) ;
#4231 = LINE ( 'NONE', #629, #3257 ) ;
#4232 = CARTESIAN_POINT ( 'NONE',  ( 323.5000000000000000, 52.59668806854095635, -1.000000000000000000 ) ) ;
#4233 = EDGE_CURVE ( 'NONE', #3225, #2194, #5328, .T. ) ;
#4234 = ORIENTED_EDGE ( 'NONE', *, *, #5637, .T. ) ;
#4235 = DIRECTION ( 'NONE',  ( -0.000000000000000000, -0.000000000000000000, -1.000000000000000000 ) ) ;
#4236 = DIRECTION ( 'NONE',  ( 1.252131230780251545E-16, -1.000000000000000000, -0.000000000000000000 ) ) ;
#4237 = CARTESIAN_POINT ( 'NONE',  ( 299.2643363953313269, 97.61462024297246387, -7.914558685161103391 ) ) ;
#4238 = ORIENTED_EDGE ( 'NONE', *, *, #1905, .T. ) ;
#4239 = VECTOR ( 'NONE', #4541, 1000.000000000000000 ) ;
#4240 = VERTEX_POINT ( 'NONE', #2773 ) ;
#4241 = ADVANCED_FACE ( 'NONE', ( #6234 ), #1649, .T. ) ;
#4242 = AXIS2_PLACEMENT_3D ( 'NONE', #6433, #1814, #1322 ) ;
#4243 = DIRECTION ( 'NONE',  ( -1.000000000000000000, 0.000000000000000000, 0.000000000000000000 ) ) ;
#4244 = ORIENTED_EDGE ( 'NONE', *, *, #3933, .F. ) ;
#4245 = DIRECTION ( 'NONE',  ( 1.000000000000000000, 0.000000000000000000, 0.000000000000000000 ) ) ;
#4246 = ORIENTED_EDGE ( 'NONE', *, *, #6595, .F. ) ;
#4247 = VERTEX_POINT ( 'NONE', #4222 ) ;
#4248 = AXIS2_PLACEMENT_3D ( 'NONE', #6423, #1838, #5924 ) ;
#4249 = CARTESIAN_POINT ( 'NONE',  ( 23.66077895200131564, 97.58521504812561886, -7.913007091901094192 ) ) ;
#4250 = LINE ( 'NONE', #5189, #5784 ) ;
#4251 = DIRECTION ( 'NONE',  ( 1.000000000000000000, 0.000000000000000000, 0.000000000000000000 ) ) ;
#4252 = CARTESIAN_POINT ( 'NONE',  ( -5.333333333333377446, 83.83333333333334281, -1.666666666666663854 ) ) ;
#4253 = CARTESIAN_POINT ( 'NONE',  ( 324.5000000000000000, -2.000000000000001776, -2.500000000000000000 ) ) ;
#4254 = ORIENTED_EDGE ( 'NONE', *, *, #3523, .T. ) ;
#4255 = EDGE_CURVE ( 'NONE', #3105, #1517, #184, .T. ) ;
#4256 = VERTEX_POINT ( 'NONE', #2870 ) ;
#4257 = ORIENTED_EDGE ( 'NONE', *, *, #1102, .F. ) ;
#4258 = CARTESIAN_POINT ( 'NONE',  ( -2.903983146785574121, 83.52785265049415386, -7.171256905813307547 ) ) ;
#4259 = DIRECTION ( 'NONE',  ( -0.000000000000000000, 2.891205793294675861E-16, -1.000000000000000000 ) ) ;
#4260 = CARTESIAN_POINT ( 'NONE',  ( -3.100000000000000977, -1.999999999999960920, -0.9000000000000010214 ) ) ;
#4261 = CARTESIAN_POINT ( 'NONE',  ( 11.73863710018474649, 98.25363967881254723, -7.643383541865985009 ) ) ;
#4262 = LINE ( 'NONE', #5805, #394 ) ;
#4263 = ORIENTED_EDGE ( 'NONE', *, *, #2208, .T. ) ;
#4264 = LINE ( 'NONE', #2119, #2500 ) ;
#4265 = DIRECTION ( 'NONE',  ( -0.000000000000000000, 2.891205793294675861E-16, -1.000000000000000000 ) ) ;
#4266 = FACE_OUTER_BOUND ( 'NONE', #419, .T. ) ;
#4267 = LINE ( 'NONE', #4203, #5781 ) ;
#4268 = LINE ( 'NONE', #4374, #5052 ) ;
#4269 = ORIENTED_EDGE ( 'NONE', *, *, #4834, .T. ) ;
#4270 = B_SPLINE_SURFACE_WITH_KNOTS ( 'NONE', 1, 3, ( 
 ( #5019, #444, #2477, #4524, #2259, #2726, #3290, #5209, #1695, #132, #5876, #200, #5341, #1265, #3165, #4775, #3770, #4744 ),
 ( #3737, #164, #2156, #227, #4305, #5812, #4237, #3194, #6347, #263, #2192, #2757, #2227, #1796, #699, #4706, #1229, #2292 ) ),
 .UNSPECIFIED., .F., .F., .F.,
 ( 2, 2 ),
 ( 4, 2, 2, 2, 2, 2, 2, 2, 4 ),
 ( 0.000000000000000000, 1.000000000000000000 ),
 ( 1.570796326794896558, 1.767145867644258628, 1.963495408493620697, 2.159844949342982545, 2.356194490192344837, 2.552544031041707129, 2.748893571891068976, 2.945243112740430824, 3.141592653589793116 ),
 .UNSPECIFIED. ) ;
#4271 = EDGE_CURVE ( 'NONE', #2067, #3474, #4490, .T. ) ;
#4272 = EDGE_LOOP ( 'NONE', ( #103, #2838, #4607, #269 ) ) ;
#4273 = DIRECTION ( 'NONE',  ( 0.7071067811865376918, -0.7071067811865573427, -0.000000000000000000 ) ) ;
#4274 = ORIENTED_EDGE ( 'NONE', *, *, #3154, .F. ) ;
#4275 = LINE ( 'NONE', #3402, #1305 ) ;
#4276 = ORIENTED_EDGE ( 'NONE', *, *, #3472, .F. ) ;
#4277 = AXIS2_PLACEMENT_3D ( 'NONE', #4435, #3925, #1387 ) ;
#4278 = ORIENTED_EDGE ( 'NONE', *, *, #297, .F. ) ;
#4279 = CARTESIAN_POINT ( 'NONE',  ( 300.1213203435596597, 96.38160116615863160, -2.500000000000003109 ) ) ;
#4280 = DIRECTION ( 'NONE',  ( 0.000000000000000000, 0.7071067811865481278, 0.7071067811865469066 ) ) ;
#4281 = CARTESIAN_POINT ( 'NONE',  ( -1.714335325479250161, 96.56309950964211453, -4.803941066369604052 ) ) ;
#4282 = DIRECTION ( 'NONE',  ( 1.226045163472329843E-16, -1.000000000000000000, 0.000000000000000000 ) ) ;
#4283 = DIRECTION ( 'NONE',  ( -1.000000000000000000, -0.000000000000000000, -0.000000000000000000 ) ) ;
#4284 = VERTEX_POINT ( 'NONE', #5494 ) ;
#4285 = AXIS2_PLACEMENT_3D ( 'NONE', #651, #1679, #3152 ) ;
#4286 = AXIS2_PLACEMENT_3D ( 'NONE', #4173, #4585, #971 ) ;
#4287 = EDGE_CURVE ( 'NONE', #4564, #842, #1853, .T. ) ;
#4288 = CARTESIAN_POINT ( 'NONE',  ( 47.49291338582636968, 60.89291438582645100, -2.500000000000000000 ) ) ;
#4289 = AXIS2_PLACEMENT_3D ( 'NONE', #6489, #370, #3399 ) ;
#4290 = CIRCLE ( 'NONE', #1512, 4.000000000000000000 ) ;
#4291 = VECTOR ( 'NONE', #4600, 1000.000000000000000 ) ;
#4292 = LINE ( 'NONE', #5364, #933 ) ;
#4293 = CYLINDRICAL_SURFACE ( 'NONE', #5705, 2.200000000000007283 ) ;
#4294 = CARTESIAN_POINT ( 'NONE',  ( 22.77279762232010540, 97.40008217090890241, -7.359382419045980228 ) ) ;
#4295 = CARTESIAN_POINT ( 'NONE',  ( 43.59291338582635689, 56.99291438582643821, -2.500000000000000000 ) ) ;
#4296 = DIRECTION ( 'NONE',  ( -0.000000000000000000, -0.000000000000000000, -1.000000000000000000 ) ) ;
#4297 = AXIS2_PLACEMENT_3D ( 'NONE', #6410, #296, #3771 ) ;
#4298 = ADVANCED_FACE ( 'NONE', ( #5961, #2304 ), #879, .T. ) ;
#4299 = EDGE_CURVE ( 'NONE', #2336, #1059, #1944, .T. ) ;
#4300 = EDGE_CURVE ( 'NONE', #2007, #709, #3983, .T. ) ;
#4301 = VECTOR ( 'NONE', #1669, 1000.000000000000000 ) ;
#4302 = CARTESIAN_POINT ( 'NONE',  ( 8.392913385826666683, 115.1000000000000085, 1.647480314961017767 ) ) ;
#4303 = DIRECTION ( 'NONE',  ( -1.000000000000000000, 0.000000000000000000, 0.000000000000000000 ) ) ;
#4304 = SURFACE_STYLE_USAGE ( .BOTH. , #2634 ) ;
#4305 = CARTESIAN_POINT ( 'NONE',  ( 299.1021475107398260, 97.22632554594136423, -7.894069943700738889 ) ) ;
#4306 = ORIENTED_EDGE ( 'NONE', *, *, #3436, .F. ) ;
#4307 = ORIENTED_EDGE ( 'NONE', *, *, #4041, .T. ) ;
#4308 = CIRCLE ( 'NONE', #578, 2.199999999999993516 ) ;
#4309 = CARTESIAN_POINT ( 'NONE',  ( 328.4864772694822364, 112.5391904381772150, -7.213522730517801129 ) ) ;
#4310 = ORIENTED_EDGE ( 'NONE', *, *, #1190, .T. ) ;
#4311 = DIRECTION ( 'NONE',  ( 0.000000000000000000, 0.000000000000000000, 1.000000000000000000 ) ) ;
#4312 = ORIENTED_EDGE ( 'NONE', *, *, #4414, .F. ) ;
#4313 = AXIS2_PLACEMENT_3D ( 'NONE', #1218, #6206, #689 ) ;
#4314 = EDGE_LOOP ( 'NONE', ( #1172, #2564, #2456, #4101 ) ) ;
#4315 = CARTESIAN_POINT ( 'NONE',  ( 2.999999999999999556, 3.000000000000000444, 6.299999999999999822 ) ) ;
#4316 = CARTESIAN_POINT ( 'NONE',  ( 352.4716436477942807, 83.52785265049415386, -7.171256905813307547 ) ) ;
#4317 = CARTESIAN_POINT ( 'NONE',  ( 324.9999999999999432, 83.52785265049415386, -7.171256905813307547 ) ) ;
#4318 = CARTESIAN_POINT ( 'NONE',  ( 53.49291338582637678, 56.99291438582643821, -1.999999999999980904 ) ) ;
#4319 = FACE_OUTER_BOUND ( 'NONE', #2866, .T. ) ;
#4320 = ORIENTED_EDGE ( 'NONE', *, *, #1765, .T. ) ;
#4321 = VECTOR ( 'NONE', #6508, 1000.000000000000000 ) ;
#4322 = ORIENTED_EDGE ( 'NONE', *, *, #5391, .F. ) ;
#4323 = CARTESIAN_POINT ( 'NONE',  ( 24.99999999999998934, 99.36678485964284846, -1.000000000000000000 ) ) ;
#4324 = CIRCLE ( 'NONE', #3042, 1.099999999999989875 ) ;
#4325 = CARTESIAN_POINT ( 'NONE',  ( -0.07692307692307381872, 58.34742766594579422, -8.701999999999998181 ) ) ;
#4326 = CARTESIAN_POINT ( 'NONE',  ( 22.96568878918200696, 96.84193874940832814, -7.217594571466645625 ) ) ;
#4327 = PLANE ( 'NONE',  #3216 ) ;
#4328 = EDGE_CURVE ( 'NONE', #3871, #2143, #1809, .T. ) ;
#4329 = DIRECTION ( 'NONE',  ( -0.5150380749100597066, 1.049727191138614628E-16, -0.8571673007021091140 ) ) ;
#4330 = AXIS2_PLACEMENT_3D ( 'NONE', #961, #5042, #1090 ) ;
#4331 = DIRECTION ( 'NONE',  ( -0.7071067811865573427, 0.7071067811865376918, -3.083872562876952268E-32 ) ) ;
#4332 = CARTESIAN_POINT ( 'NONE',  ( 28.99999999999999645, 88.49999999999997158, -6.199999999999997513 ) ) ;
#4333 = EDGE_CURVE ( 'NONE', #986, #4256, #2179, .T. ) ;
#4334 = DIRECTION ( 'NONE',  ( 0.000000000000000000, 1.000000000000000000, 0.000000000000000000 ) ) ;
#4335 = LINE ( 'NONE', #6376, #6319 ) ;
#4336 = EDGE_CURVE ( 'NONE', #6058, #6387, #3372, .T. ) ;
#4337 = EDGE_CURVE ( 'NONE', #1275, #3991, #3445, .T. ) ;
#4338 = EDGE_CURVE ( 'NONE', #1275, #2024, #1841, .T. ) ;
#4339 = EDGE_CURVE ( 'NONE', #1955, #2067, #4351, .T. ) ;
#4340 = EDGE_LOOP ( 'NONE', ( #536, #3572, #5972, #4746, #1799, #894, #4721, #2583 ) ) ;
#4341 = LINE ( 'NONE', #837, #3022 ) ;
#4342 = ORIENTED_EDGE ( 'NONE', *, *, #4114, .T. ) ;
#4343 = AXIS2_PLACEMENT_3D ( 'NONE', #1850, #3960, #1358 ) ;
#4344 = DIRECTION ( 'NONE',  ( 0.000000000000000000, 1.000000000000000000, 0.000000000000000000 ) ) ;
#4345 = EDGE_LOOP ( 'NONE', ( #5242, #1054, #1870 ) ) ;
#4346 = ORIENTED_EDGE ( 'NONE', *, *, #3523, .F. ) ;
#4347 = VECTOR ( 'NONE', #5732, 1000.000000000000000 ) ;
#4348 = PLANE ( 'NONE',  #4145 ) ;
#4349 = DIRECTION ( 'NONE',  ( 0.000000000000000000, 1.000000000000000000, 0.000000000000000000 ) ) ;
#4350 = DIRECTION ( 'NONE',  ( -1.252131230780251791E-16, 1.000000000000000000, -0.000000000000000000 ) ) ;
#4351 = LINE ( 'NONE', #6500, #4206 ) ;
#4352 = AXIS2_PLACEMENT_3D ( 'NONE', #3448, #3921, #1448 ) ;
#4353 = FACE_OUTER_BOUND ( 'NONE', #5761, .T. ) ;
#4354 = ORIENTED_EDGE ( 'NONE', *, *, #2244, .T. ) ;
#4355 = ORIENTED_EDGE ( 'NONE', *, *, #1065, .F. ) ;
#4356 = AXIS2_PLACEMENT_3D ( 'NONE', #5374, #798, #4303 ) ;
#4357 = AXIS2_PLACEMENT_3D ( 'NONE', #6409, #832, #3714 ) ;
#4358 = DIRECTION ( 'NONE',  ( -0.000000000000000000, -0.000000000000000000, -1.000000000000000000 ) ) ;
#4359 = CARTESIAN_POINT ( 'NONE',  ( -4.777119777090157449, 83.27711977709010682, -6.657641228989414017 ) ) ;
#4360 = CARTESIAN_POINT ( 'NONE',  ( 22.90257134351475443, 97.09348323306988959, -7.281496710470496403 ) ) ;
#4361 = AXIS2_PLACEMENT_3D ( 'NONE', #6442, #927, #464 ) ;
#4362 = DIRECTION ( 'NONE',  ( -0.000000000000000000, 0.000000000000000000, 1.000000000000000000 ) ) ;
#4363 = VERTEX_POINT ( 'NONE', #4922 ) ;
#4364 = CARTESIAN_POINT ( 'NONE',  ( 108.1999999999999886, -1.999999999999973577, -2.500000000000003553 ) ) ;
#4365 = LINE ( 'NONE', #6404, #564 ) ;
#4366 = ADVANCED_FACE ( 'NONE', ( #1444 ), #4427, .T. ) ;
#4367 = CARTESIAN_POINT ( 'NONE',  ( -2.000000000000001776, -1.999999999999960920, -1.999999999999999556 ) ) ;
#4368 = FACE_OUTER_BOUND ( 'NONE', #2696, .T. ) ;
#4369 = CARTESIAN_POINT ( 'NONE',  ( 297.5000000000000000, 99.36678485964284846, -6.199999999999997513 ) ) ;
#4370 = DIRECTION ( 'NONE',  ( -0.000000000000000000, -1.000000000000000000, -0.000000000000000000 ) ) ;
#4371 = UNCERTAINTY_MEASURE_WITH_UNIT (LENGTH_MEASURE( 1.000000000000000082E-05 ), #761, 'distance_accuracy_value', 'NONE');
#4372 = EDGE_CURVE ( 'NONE', #4024, #1670, #4440, .T. ) ;
#4373 = CARTESIAN_POINT ( 'NONE',  ( 324.9361966291897943, 97.08905158556960657, -7.886826551749199332 ) ) ;
#4374 = CARTESIAN_POINT ( 'NONE',  ( 106.0000000000000142, 113.3000000000000114, -8.699999999999931788 ) ) ;
#4375 = ORIENTED_EDGE ( 'NONE', *, *, #3645, .T. ) ;
#4376 = DIRECTION ( 'NONE',  ( -1.000000000000000000, -1.283000413665435261E-16, 0.000000000000000000 ) ) ;
#4377 = CARTESIAN_POINT ( 'NONE',  ( 216.5000000000000284, -1.999999999999988010, -0.9000000000000010214 ) ) ;
#4378 = EDGE_LOOP ( 'NONE', ( #2049, #1108 ) ) ;
#4379 = CARTESIAN_POINT ( 'NONE',  ( 323.0000000000000000, 98.25363967881254723, -7.643383541865993003 ) ) ;
#4380 = ORIENTED_EDGE ( 'NONE', *, *, #2618, .F. ) ;
#4381 = PRODUCT_RELATED_PRODUCT_CATEGORY ( 'part', '', ( #4049 ) ) ;
#4382 = ORIENTED_EDGE ( 'NONE', *, *, #1609, .F. ) ;
#4383 = ADVANCED_FACE ( 'NONE', ( #2340 ), #4388, .F. ) ;
#4384 = CARTESIAN_POINT ( 'NONE',  ( 324.5000000000000000, 113.3000000000000256, -8.699999999999931788 ) ) ;
#4385 = PRODUCT_DEFINITION_SHAPE ( 'NONE', 'NONE',  #2816 ) ;
#4386 = CARTESIAN_POINT ( 'NONE',  ( 324.5000000000000000, -1.999999999999960476, 6.299999999999999822 ) ) ;
#4387 = FACE_OUTER_BOUND ( 'NONE', #2411, .T. ) ;
#4388 = CYLINDRICAL_SURFACE ( 'NONE', #3132, 4.000000000000003553 ) ;
#4389 = DIRECTION ( 'NONE',  ( -0.000000000000000000, -0.000000000000000000, -1.000000000000000000 ) ) ;
#4390 = ORIENTED_EDGE ( 'NONE', *, *, #1758, .F. ) ;
#4391 = DIRECTION ( 'NONE',  ( 1.000000000000000000, 0.000000000000000000, 0.000000000000000000 ) ) ;
#4392 = CONICAL_SURFACE ( 'NONE', #1607, 1.749999999999987566, 1.029744258676668522 ) ;
#4393 = EDGE_CURVE ( 'NONE', #2582, #2891, #3512, .T. ) ;
#4394 = CARTESIAN_POINT ( 'NONE',  ( 28.99999999999999645, 88.49999999999997158, -1.000000000000000888 ) ) ;
#4395 = VECTOR ( 'NONE', #518, 1000.000000000000000 ) ;
#4396 = LINE ( 'NONE', #355, #1185 ) ;
#4397 = CARTESIAN_POINT ( 'NONE',  ( 324.5000000000000000, 118.0000000000000995, -8.699999999999999289 ) ) ;
#4398 = VECTOR ( 'NONE', #1631, 1000.000000000000000 ) ;
#4399 = CARTESIAN_POINT ( 'NONE',  ( 216.5000000000000284, -1.999999999999988010, -2.500000000000000000 ) ) ;
#4400 = ORIENTED_EDGE ( 'NONE', *, *, #6587, .T. ) ;
#4401 = ORIENTED_EDGE ( 'NONE', *, *, #5681, .F. ) ;
#4402 = CARTESIAN_POINT ( 'NONE',  ( 299.5524133904093560, 97.00242090594214517, -7.433248696755601514 ) ) ;
#4403 = CIRCLE ( 'NONE', #1510, 4.000000000000003553 ) ;
#4404 = AXIS2_PLACEMENT_3D ( 'NONE', #5169, #3827, #1787 ) ;
#4405 = AXIS2_PLACEMENT_3D ( 'NONE', #287, #4868, #2316 ) ;
#4406 =( BOUNDED_CURVE ( )  B_SPLINE_CURVE ( 3, ( #3438, #967, #1469, #4420 ),
 .UNSPECIFIED., .F., .T. ) 
 B_SPLINE_CURVE_WITH_KNOTS ( ( 4, 4 ),
 ( 1.570796326794896558, 3.141592653589791340 ),
 .UNSPECIFIED. ) 
 CURVE ( )  GEOMETRIC_REPRESENTATION_ITEM ( )  RATIONAL_B_SPLINE_CURVE ( ( 1.000000000000000000, 0.8047378541243654926, 0.8047378541243654926, 1.000000000000000000 ) ) 
 REPRESENTATION_ITEM ( '' )  );
#4407 = DIRECTION ( 'NONE',  ( 1.000000000000000000, 0.000000000000000000, 0.000000000000000000 ) ) ;
#4408 = CARTESIAN_POINT ( 'NONE',  ( 319.5000000000000000, 114.5000000000000426, 6.299999999999999822 ) ) ;
#4409 = DIRECTION ( 'NONE',  ( -1.000000000000000000, -1.283000413665435261E-16, 0.000000000000000000 ) ) ;
#4410 = PLANE ( 'NONE',  #2038 ) ;
#4411 = CARTESIAN_POINT ( 'NONE',  ( 324.5000000000000000, 115.5000000000000000, 6.300000000000110845 ) ) ;
#4412 = EDGE_CURVE ( 'NONE', #2035, #519, #2478, .T. ) ;
#4413 = ORIENTED_EDGE ( 'NONE', *, *, #385, .T. ) ;
#4414 = EDGE_CURVE ( 'NONE', #6053, #2705, #4308, .T. ) ;
#4415 = DIRECTION ( 'NONE',  ( 1.000000000000000000, 0.000000000000000000, 0.000000000000000000 ) ) ;
#4416 = EDGE_CURVE ( 'NONE', #6160, #5349, #2861, .T. ) ;
#4417 = CARTESIAN_POINT ( 'NONE',  ( 324.9999999999999432, 83.00000000000000000, -2.500000000000000000 ) ) ;
#4418 = ORIENTED_EDGE ( 'NONE', *, *, #902, .F. ) ;
#4419 = ADVANCED_FACE ( 'NONE', ( #2826 ), #4535, .F. ) ;
#4420 = CARTESIAN_POINT ( 'NONE',  ( -0.5000000000000004441, 96.38160116615864581, -2.500000000000002220 ) ) ;
#4421 = VERTEX_POINT ( 'NONE', #3470 ) ;
#4422 = ORIENTED_EDGE ( 'NONE', *, *, #3294, .T. ) ;
#4423 = AXIS2_PLACEMENT_3D ( 'NONE', #3749, #714, #682 ) ;
#4424 = DIRECTION ( 'NONE',  ( 0.000000000000000000, 0.000000000000000000, -1.000000000000000000 ) ) ;
#4425 = DIRECTION ( 'NONE',  ( -1.876503760071064077E-16, -2.349628962661551723E-32, -1.000000000000000000 ) ) ;
#4426 = DIRECTION ( 'NONE',  ( 0.000000000000000000, 0.000000000000000000, 1.000000000000000000 ) ) ;
#4427 = PLANE ( 'NONE',  #1750 ) ;
#4428 = DIRECTION ( 'NONE',  ( -1.000000000000000000, 0.000000000000000000, 0.000000000000000000 ) ) ;
#4429 = ORIENTED_EDGE ( 'NONE', *, *, #611, .T. ) ;
#4430 = EDGE_CURVE ( 'NONE', #4284, #3350, #932, .T. ) ;
#4431 = AXIS2_PLACEMENT_3D ( 'NONE', #4478, #1296, #4905 ) ;
#4432 = DIRECTION ( 'NONE',  ( 0.000000000000000000, 1.000000000000000000, 0.000000000000000000 ) ) ;
#4433 = EDGE_CURVE ( 'NONE', #3765, #1249, #2468, .T. ) ;
#4434 = CARTESIAN_POINT ( 'NONE',  ( 7.492913385826665440, 118.0000000000000711, 1.647480314961016656 ) ) ;
#4435 = CARTESIAN_POINT ( 'NONE',  ( 327.5000000000000000, 94.80613420518679391, -4.750000000000002665 ) ) ;
#4436 = AXIS2_PLACEMENT_3D ( 'NONE', #3090, #2460, #3593 ) ;
#4437 = CARTESIAN_POINT ( 'NONE',  ( -5.000000000000000000, 94.80613420518679391, -6.499999999999997335 ) ) ;
#4438 = FACE_OUTER_BOUND ( 'NONE', #935, .T. ) ;
#4439 = ORIENTED_EDGE ( 'NONE', *, *, #2605, .F. ) ;
#4440 = B_SPLINE_CURVE_WITH_KNOTS ( 'NONE', 3,
 ( #2443, #941, #3849, #1912, #6461, #3953, #5020, #1878, #5994, #1411, #5890, #2976, #2836, #4990, #6393, #4889, #417, #312 ),
 .UNSPECIFIED., .F., .F.,
 ( 4, 2, 2, 2, 2, 2, 2, 2, 4 ),
 ( 0.000000000000000000, 0.0005011292283374548526, 0.001002258456674909705, 0.001503387685012364449, 0.002004516913349819410, 0.002505646141687276757, 0.003006775370024734103, 0.003507904598362191883, 0.004009033826699649229 ),
 .UNSPECIFIED. ) ;
#4441 = ORIENTED_EDGE ( 'NONE', *, *, #4337, .T. ) ;
#4442 = CARTESIAN_POINT ( 'NONE',  ( 299.7457076657132689, 97.48600322318488054, -7.514473454233549177 ) ) ;
#4443 = VERTEX_POINT ( 'NONE', #3363 ) ;
#4444 = VECTOR ( 'NONE', #1113, 1000.000000000000000 ) ;
#4445 = DIRECTION ( 'NONE',  ( -1.000000000000000000, 0.000000000000000000, 0.000000000000000000 ) ) ;
#4446 = CARTESIAN_POINT ( 'NONE',  ( -2.697931400690948500, 83.61358693193058400, -7.009046560127155878 ) ) ;
#4447 = CYLINDRICAL_SURFACE ( 'NONE', #5180, 2.500000000000002220 ) ;
#4448 = CARTESIAN_POINT ( 'NONE',  ( 326.6999999999999886, -2.000000000000001332, -1.999999999999999556 ) ) ;
#4449 = CIRCLE ( 'NONE', #1555, 4.000000000000003553 ) ;
#4450 = ORIENTED_EDGE ( 'NONE', *, *, #2946, .T. ) ;
#4451 = DIRECTION ( 'NONE',  ( 1.000000000000000000, 0.000000000000000000, 0.000000000000000000 ) ) ;
#4452 = ORIENTED_EDGE ( 'NONE', *, *, #2729, .F. ) ;
#4453 = CARTESIAN_POINT ( 'NONE',  ( -1.000000000000000000, 114.5000000000000000, -1.000000000000000000 ) ) ;
#4454 = DIRECTION ( 'NONE',  ( -1.000000000000000000, 0.000000000000000000, 0.000000000000000000 ) ) ;
#4455 = ORIENTED_EDGE ( 'NONE', *, *, #1391, .T. ) ;
#4456 = CARTESIAN_POINT ( 'NONE',  ( 324.5902148445414355, 97.85080587926366036, -7.927021246395192122 ) ) ;
#4457 = ORIENTED_EDGE ( 'NONE', *, *, #2153, .F. ) ;
#4458 = ORIENTED_EDGE ( 'NONE', *, *, #6445, .F. ) ;
#4459 = ADVANCED_FACE ( 'NONE', ( #5013 ), #6525, .F. ) ;
#4460 = DIRECTION ( 'NONE',  ( 0.000000000000000000, 0.000000000000000000, 1.000000000000000000 ) ) ;
#4461 = CARTESIAN_POINT ( 'NONE',  ( -1.999999999999993561, 56.75000000000000000, 6.299999999999999822 ) ) ;
#4462 = DIRECTION ( 'NONE',  ( -0.000000000000000000, -0.000000000000000000, -1.000000000000000000 ) ) ;
#4463 = DIRECTION ( 'NONE',  ( 0.5570624845448937101, -0.5872313804254126746, -0.5872313804254116754 ) ) ;
#4464 = DIRECTION ( 'NONE',  ( 1.000000000000000000, 0.000000000000000000, 0.000000000000000000 ) ) ;
#4465 = ORIENTED_EDGE ( 'NONE', *, *, #2326, .F. ) ;
#4466 = DIRECTION ( 'NONE',  ( -0.000000000000000000, -0.000000000000000000, -1.000000000000000000 ) ) ;
#4467 = DIRECTION ( 'NONE',  ( -0.000000000000000000, -0.000000000000000000, 1.000000000000000000 ) ) ;
#4468 = DIRECTION ( 'NONE',  ( 0.000000000000000000, 1.000000000000000000, 0.000000000000000000 ) ) ;
#4469 = DIRECTION ( 'NONE',  ( -1.000000000000000000, 0.000000000000000000, 0.000000000000000000 ) ) ;
#4470 = CYLINDRICAL_SURFACE ( 'NONE', #2576, 2.500000000000002220 ) ;
#4471 = ORIENTED_EDGE ( 'NONE', *, *, #6468, .T. ) ;
#4472 = AXIS2_PLACEMENT_3D ( 'NONE', #3551, #5689, #5653 ) ;
#4473 = ORIENTED_EDGE ( 'NONE', *, *, #58, .F. ) ;
#4474 = CARTESIAN_POINT ( 'NONE',  ( 300.2507119055962903, 98.02737278223465012, -7.605382802388739094 ) ) ;
#4475 = CIRCLE ( 'NONE', #93, 2.399999999999999467 ) ;
#4476 = ORIENTED_EDGE ( 'NONE', *, *, #2113, .F. ) ;
#4477 = VECTOR ( 'NONE', #6390, 1000.000000000000000 ) ;
#4478 = CARTESIAN_POINT ( 'NONE',  ( -1.999999999999993561, 56.75000000000002132, 6.299999999999999822 ) ) ;
#4479 = CARTESIAN_POINT ( 'NONE',  ( 2.999999999999998224, -0.9999999999999995559, 6.299999999999999822 ) ) ;
#4480 = DIRECTION ( 'NONE',  ( -0.000000000000000000, 2.891205793294675861E-16, -1.000000000000000000 ) ) ;
#4481 = PLANE ( 'NONE',  #6002 ) ;
#4482 = VERTEX_POINT ( 'NONE', #1433 ) ;
#4483 = LINE ( 'NONE', #3837, #796 ) ;
#4484 = CARTESIAN_POINT ( 'NONE',  ( 323.7517255547824675, 98.02892926445124999, -7.605647689278574930 ) ) ;
#4485 = EDGE_LOOP ( 'NONE', ( #2860, #5004, #4413, #5236, #6396, #575 ) ) ;
#4486 = ORIENTED_EDGE ( 'NONE', *, *, #4648, .F. ) ;
#4487 = B_SPLINE_CURVE_WITH_KNOTS ( 'NONE', 3,
 ( #1466, #531, #3568, #2025, #6119, #2058, #5615, #5669, #3634, #2560, #1095, #4137, #1564, #3000, #4641, #3502, #29, #63, #5643, #6181, #3130, #2592, #1061, #5142, #5174, #501, #1966, #964, #566, #5549, #1531, #4005, #5049, #471, #6589, #1996, #2532, #4040, #4578, #6087, #3534, #197, #3259, #5808, #5306, #728, #5772, #2224, #1662, #224, #6213, #2754, #2661 ),
 .UNSPECIFIED., .F., .F.,
 ( 4, 2, 2, 2, 2, 2, 2, 2, 2, 2, 2, 1, 2, 2, 2, 1, 1, 2, 2, 2, 1, 1, 2, 2, 2, 1, 1, 2, 2, 4 ),
 ( 0.000000000000000000, 0.1250000000001073586, 0.1875000000001956213, 0.2500000000002838840, 0.3125000000003721468, 0.3437500000004118372, 0.3750000000004514722, 0.4375000000005309642, 0.4687500000005465073, 0.5000000000005619949, 0.5625000000005483392, 0.5937500000005478951, 0.6093750000005543344, 0.6250000000005607736, 0.6875000000005083711, 0.7187500000004822809, 0.7343750000004575229, 0.7421875000004384271, 0.7500000000004192202, 0.8125000000003045342, 0.8437500000002472467, 0.8593750000002249312, 0.8671875000002137179, 0.8750000000002023937, 0.9062500000002077227, 0.9218750000002218226, 0.9296875000002186029, 0.9335937500002100542, 0.9375000000002015055, 1.000000000000000000 ),
 .UNSPECIFIED. ) ;
#4488 = DIRECTION ( 'NONE',  ( 0.000000000000000000, 0.9396926207859063185, 0.3420201433256742085 ) ) ;
#4489 = FACE_OUTER_BOUND ( 'NONE', #3076, .T. ) ;
#4490 = LINE ( 'NONE', #814, #2383 ) ;
#4491 = DIRECTION ( 'NONE',  ( 0.000000000000000000, -1.000000000000000000, 0.000000000000000000 ) ) ;
#4492 = ORIENTED_EDGE ( 'NONE', *, *, #4133, .T. ) ;
#4493 = CARTESIAN_POINT ( 'NONE',  ( 296.5000000000000000, 94.80613420518679391, -4.750000000000002665 ) ) ;
#4494 = DIRECTION ( 'NONE',  ( 0.000000000000000000, 1.000000000000000000, -2.891205793294675861E-16 ) ) ;
#4495 = CARTESIAN_POINT ( 'NONE',  ( -1.772506260618295970, 97.39916327598795931, -7.359145177536778881 ) ) ;
#4496 = DIRECTION ( 'NONE',  ( -1.000000000000000000, -1.734723475976805517E-15, 0.000000000000000000 ) ) ;
#4497 = DIRECTION ( 'NONE',  ( -9.414747600456601795E-17, 0.9986107771491159468, -0.05269265377297461389 ) ) ;
#4498 = VERTEX_POINT ( 'NONE', #5516 ) ;
#4499 = EDGE_CURVE ( 'NONE', #4615, #5648, #4517, .T. ) ;
#4500 = AXIS2_PLACEMENT_3D ( 'NONE', #2907, #3273, #778 ) ;
#4501 = VERTEX_POINT ( 'NONE', #2363 ) ;
#4502 = CARTESIAN_POINT ( 'NONE',  ( 299.5741594475176726, 97.08215589980764548, -7.446639083154626526 ) ) ;
#4503 = ORIENTED_EDGE ( 'NONE', *, *, #421, .T. ) ;
#4504 = VECTOR ( 'NONE', #2525, 1000.000000000000000 ) ;
#4505 = CARTESIAN_POINT ( 'NONE',  ( 0.000000000000000000, 0.000000000000000000, 6.299999999999999822 ) ) ;
#4506 = DIRECTION ( 'NONE',  ( -1.000000000000000000, 0.000000000000000000, 0.000000000000000000 ) ) ;
#4507 = DIRECTION ( 'NONE',  ( -1.000000000000000000, 0.000000000000000000, 0.000000000000000000 ) ) ;
#4508 = DIRECTION ( 'NONE',  ( -0.6867215688231521620, 0.000000000000000000, -0.7269205506195767219 ) ) ;
#4509 = VECTOR ( 'NONE', #3075, 1000.000000000000114 ) ;
#4510 = VECTOR ( 'NONE', #1316, 1000.000000000000000 ) ;
#4511 = ORIENTED_EDGE ( 'NONE', *, *, #5321, .F. ) ;
#4512 = VECTOR ( 'NONE', #4311, 1000.000000000000000 ) ;
#4513 = EDGE_CURVE ( 'NONE', #2109, #2671, #867, .T. ) ;
#4514 = ADVANCED_FACE ( 'NONE', ( #405 ), #3398, .F. ) ;
#4515 = EDGE_CURVE ( 'NONE', #6167, #936, #4483, .T. ) ;
#4516 = ORIENTED_EDGE ( 'NONE', *, *, #5815, .T. ) ;
#4517 = LINE ( 'NONE', #6558, #1004 ) ;
#4518 = VECTOR ( 'NONE', #1063, 1000.000000000000000 ) ;
#4519 = CARTESIAN_POINT ( 'NONE',  ( 324.4903309752636460, 96.77600483406426690, -7.395242792190680703 ) ) ;
#4520 = EDGE_LOOP ( 'NONE', ( #115, #6285, #4234, #1118 ) ) ;
#4521 = ORIENTED_EDGE ( 'NONE', *, *, #1721, .T. ) ;
#4522 = CIRCLE ( 'NONE', #5371, 1.099999999999989875 ) ;
#4523 = CARTESIAN_POINT ( 'NONE',  ( 323.0000000000000000, 82.48877974498449817, 31.28450654694646360 ) ) ;
#4524 = CARTESIAN_POINT ( 'NONE',  ( 299.5479751340539565, 96.99428347010218943, -7.431898549583682012 ) ) ;
#4525 = DIRECTION ( 'NONE',  ( -0.000000000000000000, 2.891205793294675861E-16, -1.000000000000000000 ) ) ;
#4526 = CARTESIAN_POINT ( 'NONE',  ( -1.999999999999997780, 94.78533450744477307, -2.500000000000002220 ) ) ;
#4527 = ORIENTED_EDGE ( 'NONE', *, *, #5768, .F. ) ;
#4528 = EDGE_CURVE ( 'NONE', #6260, #5526, #3455, .T. ) ;
#4529 = LINE ( 'NONE', #1319, #3497 ) ;
#4530 = CARTESIAN_POINT ( 'NONE',  ( 301.0000000000000000, 98.69713966231904578, -7.971678858777683452 ) ) ;
#4531 = DIRECTION ( 'NONE',  ( -1.283000413665435261E-16, 1.000000000000000000, 0.000000000000000000 ) ) ;
#4532 = LINE ( 'NONE', #5535, #3810 ) ;
#4533 = CARTESIAN_POINT ( 'NONE',  ( 299.8585355248915789, 96.31163558493737753, -3.842892914581077513 ) ) ;
#4534 = ORIENTED_EDGE ( 'NONE', *, *, #2633, .T. ) ;
#4535 = CONICAL_SURFACE ( 'NONE', #49, 2.199999999999993516, 0.7853981633974445042 ) ;
#4536 = ORIENTED_EDGE ( 'NONE', *, *, #2344, .T. ) ;
#4537 = DIRECTION ( 'NONE',  ( 0.000000000000000000, 0.000000000000000000, 1.000000000000000000 ) ) ;
#4538 = ORIENTED_EDGE ( 'NONE', *, *, #2196, .T. ) ;
#4539 = CIRCLE ( 'NONE', #694, 4.000000000000003553 ) ;
#4540 = CYLINDRICAL_SURFACE ( 'NONE', #4436, 4.000000000000003553 ) ;
#4541 = DIRECTION ( 'NONE',  ( 0.000000000000000000, -0.000000000000000000, 1.000000000000000000 ) ) ;
#4542 = EDGE_CURVE ( 'NONE', #6167, #3140, #5378, .T. ) ;
#4543 = CARTESIAN_POINT ( 'NONE',  ( 106.0000000000000000, -1.999999999999974021, -1.999999999999999556 ) ) ;
#4544 = FACE_OUTER_BOUND ( 'NONE', #4082, .T. ) ;
#4545 = VERTEX_POINT ( 'NONE', #5445 ) ;
#4546 = VECTOR ( 'NONE', #2374, 1000.000000000000000 ) ;
#4547 = VERTEX_POINT ( 'NONE', #803 ) ;
#4548 = CARTESIAN_POINT ( 'NONE',  ( 47.49291338582636968, 56.99291438582643821, 6.301000000000110290 ) ) ;
#4549 = ADVANCED_FACE ( 'NONE', ( #301, #1900 ), #6449, .F. ) ;
#4550 = ADVANCED_FACE ( 'NONE', ( #3872 ), #6413, .T. ) ;
#4551 = EDGE_CURVE ( 'NONE', #2715, #6560, #3909, .T. ) ;
#4552 = DIRECTION ( 'NONE',  ( -1.000000000000000000, 0.000000000000000000, 0.000000000000000000 ) ) ;
#4553 = VERTEX_POINT ( 'NONE', #1374 ) ;
#4554 = ORIENTED_EDGE ( 'NONE', *, *, #5986, .F. ) ;
#4555 = CARTESIAN_POINT ( 'NONE',  ( 327.0000000000000568, 83.00000000000000000, 0.000000000000000000 ) ) ;
#4556 = LINE ( 'NONE', #2408, #1825 ) ;
#4557 = CARTESIAN_POINT ( 'NONE',  ( -1.999999999999999112, 83.90398314678560610, 31.47057550292606365 ) ) ;
#4558 = ORIENTED_EDGE ( 'NONE', *, *, #2657, .T. ) ;
#4559 = FACE_OUTER_BOUND ( 'NONE', #5450, .T. ) ;
#4560 = CARTESIAN_POINT ( 'NONE',  ( -5.000000000000000000, 112.5131823200334935, -8.200000000000052580 ) ) ;
#4561 = CARTESIAN_POINT ( 'NONE',  ( -1.995651211782766943, 96.60254751081389202, -7.156778979775038962 ) ) ;
#4562 = DIRECTION ( 'NONE',  ( -1.000000000000000000, 0.000000000000000000, 0.000000000000000000 ) ) ;
#4563 = CARTESIAN_POINT ( 'NONE',  ( 299.8591607359935551, 96.54211311893473635, -4.473931293473196291 ) ) ;
#4564 = VERTEX_POINT ( 'NONE', #2435 ) ;
#4565 = EDGE_LOOP ( 'NONE', ( #1326, #892, #1373, #3197 ) ) ;
#4566 = CARTESIAN_POINT ( 'NONE',  ( -4.999999999999988454, 84.49999999999995737, -2.500000000000000000 ) ) ;
#4567 = VECTOR ( 'NONE', #4669, 1000.000000000000000 ) ;
#4568 = ORIENTED_EDGE ( 'NONE', *, *, #411, .T. ) ;
#4569 = CARTESIAN_POINT ( 'NONE',  ( 216.5000000000000568, 115.5000000000000000, -8.699999999999935341 ) ) ;
#4570 = LINE ( 'NONE', #2523, #5736 ) ;
#4571 = CONICAL_SURFACE ( 'NONE', #3929, 2.199999999999998845, 0.7853981633974483900 ) ;
#4572 = FACE_OUTER_BOUND ( 'NONE', #1343, .T. ) ;
#4573 = FACE_OUTER_BOUND ( 'NONE', #1953, .T. ) ;
#4574 = VECTOR ( 'NONE', #5427, 1000.000000000000000 ) ;
#4575 = ORIENTED_EDGE ( 'NONE', *, *, #2417, .F. ) ;
#4576 = AXIS2_PLACEMENT_3D ( 'NONE', #2799, #5080, #999 ) ;
#4577 = VERTEX_POINT ( 'NONE', #3943 ) ;
#4578 = CARTESIAN_POINT ( 'NONE',  ( 324.4613842137114261, 96.93726712470575535, -7.422319707003016909 ) ) ;
#4579 = CYLINDRICAL_SURFACE ( 'NONE', #520, 1.100000000000003642 ) ;
#4580 = ADVANCED_FACE ( 'NONE', ( #5481 ), #1936, .F. ) ;
#4581 = CARTESIAN_POINT ( 'NONE',  ( 23.82725904042074916, 97.10491089735009496, -7.887663383519746496 ) ) ;
#4582 = VERTEX_POINT ( 'NONE', #4102 ) ;
#4583 = ORIENTED_EDGE ( 'NONE', *, *, #5684, .F. ) ;
#4584 = DIRECTION ( 'NONE',  ( -0.000000000000000000, -0.000000000000000000, -1.000000000000000000 ) ) ;
#4585 = DIRECTION ( 'NONE',  ( -0.000000000000000000, 0.000000000000000000, 1.000000000000000000 ) ) ;
#4586 = CARTESIAN_POINT ( 'NONE',  ( 325.6000000000000227, 56.75000000000000000, -2.500000000000000000 ) ) ;
#4587 = ORIENTED_EDGE ( 'NONE', *, *, #2425, .T. ) ;
#4588 = EDGE_CURVE ( 'NONE', #6096, #6350, #6155, .T. ) ;
#4589 = CARTESIAN_POINT ( 'NONE',  ( 324.5000000000000000, 115.5000000000000000, -8.199999999999935341 ) ) ;
#4590 = ORIENTED_EDGE ( 'NONE', *, *, #5637, .F. ) ;
#4591 = EDGE_CURVE ( 'NONE', #2910, #4443, #998, .T. ) ;
#4592 = EDGE_CURVE ( 'NONE', #440, #2671, #2502, .T. ) ;
#4593 = CARTESIAN_POINT ( 'NONE',  ( 352.4716436477942807, 83.52785265049415386, -7.171256905813307547 ) ) ;
#4594 = DIRECTION ( 'NONE',  ( 0.000000000000000000, 0.000000000000000000, -1.000000000000000000 ) ) ;
#4595 = DIRECTION ( 'NONE',  ( -0.000000000000000000, 2.891205793294675861E-16, -1.000000000000000000 ) ) ;
#4596 = CARTESIAN_POINT ( 'NONE',  ( -5.000000000000000000, -2.000000000000000444, -1.000000000000000000 ) ) ;
#4597 = ORIENTED_EDGE ( 'NONE', *, *, #5081, .T. ) ;
#4598 = EDGE_CURVE ( 'NONE', #1310, #2063, #600, .T. ) ;
#4599 = ORIENTED_EDGE ( 'NONE', *, *, #4416, .F. ) ;
#4600 = DIRECTION ( 'NONE',  ( -0.000000000000000000, -0.000000000000000000, -1.000000000000000000 ) ) ;
#4601 = ORIENTED_EDGE ( 'NONE', *, *, #5727, .F. ) ;
#4602 = LINE ( 'NONE', #5008, #1335 ) ;
#4603 = CARTESIAN_POINT ( 'NONE',  ( 327.0000000000000568, -2.515349040166358060E-15, -8.699999999999965539 ) ) ;
#4604 = DIRECTION ( 'NONE',  ( -1.000000000000000000, 3.577867169202161477E-15, 0.000000000000000000 ) ) ;
#4605 = CARTESIAN_POINT ( 'NONE',  ( 327.5000000000000000, -4.999999999999960032, -1.000000000000000000 ) ) ;
#4606 = CIRCLE ( 'NONE', #3636, 3.400000000000007017 ) ;
#4607 = ORIENTED_EDGE ( 'NONE', *, *, #3807, .F. ) ;
#4608 = LINE ( 'NONE', #5079, #3779 ) ;
#4609 = FACE_BOUND ( 'NONE', #3543, .T. ) ;
#4610 = AXIS2_PLACEMENT_3D ( 'NONE', #2122, #4989, #5555 ) ;
#4611 = FACE_OUTER_BOUND ( 'NONE', #3911, .T. ) ;
#4612 = EDGE_LOOP ( 'NONE', ( #142, #5148, #510, #2229 ) ) ;
#4613 = AXIS2_PLACEMENT_3D ( 'NONE', #3218, #1217, #2778 ) ;
#4614 = CIRCLE ( 'NONE', #2362, 1.099999999999989875 ) ;
#4615 = VERTEX_POINT ( 'NONE', #2627 ) ;
#4616 = CARTESIAN_POINT ( 'NONE',  ( 324.5000000000000000, 94.80613420518679391, -3.000000000000007994 ) ) ;
#4617 = EDGE_CURVE ( 'NONE', #4224, #5262, #6621, .T. ) ;
#4618 = DIRECTION ( 'NONE',  ( -0.000000000000000000, -0.000000000000000000, -1.000000000000000000 ) ) ;
#4619 = VERTEX_POINT ( 'NONE', #6149 ) ;
#4620 = LINE ( 'NONE', #1105, #5855 ) ;
#4621 = ORIENTED_EDGE ( 'NONE', *, *, #6475, .F. ) ;
#4622 = CIRCLE ( 'NONE', #3766, 4.000000000000003553 ) ;
#4623 = EDGE_CURVE ( 'NONE', #4057, #1020, #4608, .T. ) ;
#4624 = PLANE ( 'NONE',  #6175 ) ;
#4625 = DIRECTION ( 'NONE',  ( -1.252131230780251545E-16, 1.000000000000000000, -0.000000000000000000 ) ) ;
#4626 = CARTESIAN_POINT ( 'NONE',  ( 323.5000000000000000, -0.9999999999999603650, -1.000000000000000000 ) ) ;
#4627 = DIRECTION ( 'NONE',  ( -1.000000000000000000, -1.283000413665435261E-16, 0.000000000000000000 ) ) ;
#4628 = EDGE_CURVE ( 'NONE', #5818, #710, #4487, .T. ) ;
#4629 = DIRECTION ( 'NONE',  ( 0.000000000000000000, 1.000000000000000000, 0.000000000000000000 ) ) ;
#4630 = ORIENTED_EDGE ( 'NONE', *, *, #5393, .F. ) ;
#4631 = ADVANCED_FACE ( 'NONE', ( #1192 ), #5842, .T. ) ;
#4632 = ORIENTED_EDGE ( 'NONE', *, *, #5197, .F. ) ;
#4633 = LINE ( 'NONE', #6611, #2364 ) ;
#4634 = ORIENTED_EDGE ( 'NONE', *, *, #670, .T. ) ;
#4635 = DIRECTION ( 'NONE',  ( -1.000000000000000000, 0.000000000000000000, 0.000000000000000000 ) ) ;
#4636 = AXIS2_PLACEMENT_3D ( 'NONE', #4453, #2328, #4376 ) ;
#4637 = CARTESIAN_POINT ( 'NONE',  ( 22.11856952607897853, 98.07117747983535594, -7.529861586580945954 ) ) ;
#4638 = CARTESIAN_POINT ( 'NONE',  ( 24.99999999999999645, 95.36678485964283425, -1.000000000000000888 ) ) ;
#4639 = DIRECTION ( 'NONE',  ( -0.000000000000000000, 2.891205793294675861E-16, -1.000000000000000000 ) ) ;
#4640 = VERTEX_POINT ( 'NONE', #4773 ) ;
#4641 = CARTESIAN_POINT ( 'NONE',  ( 323.9120562084666517, 97.90439017414426814, -7.584729289721795276 ) ) ;
#4642 = DIRECTION ( 'NONE',  ( -0.000000000000000000, -0.000000000000000000, 1.000000000000000000 ) ) ;
#4643 = CIRCLE ( 'NONE', #6140, 2.500000000000002220 ) ;
#4644 = ADVANCED_FACE ( 'NONE', ( #1629, #2724 ), #6310, .T. ) ;
#4645 = DIRECTION ( 'NONE',  ( 1.000000000000000000, -1.508455196501570936E-16, -4.361254403050800956E-32 ) ) ;
#4646 = ORIENTED_EDGE ( 'NONE', *, *, #5954, .T. ) ;
#4647 = EDGE_LOOP ( 'NONE', ( #4952, #3813, #5537, #5031 ) ) ;
#4648 = EDGE_CURVE ( 'NONE', #1732, #3993, #5699, .T. ) ;
#4649 = VECTOR ( 'NONE', #4480, 1000.000000000000000 ) ;
#4650 = PLANE ( 'NONE',  #2187 ) ;
#4651 = CARTESIAN_POINT ( 'NONE',  ( 324.5000000000000000, 118.5000000000000568, -8.200000000000043698 ) ) ;
#4652 = ORIENTED_EDGE ( 'NONE', *, *, #1967, .T. ) ;
#4653 = EDGE_CURVE ( 'NONE', #3049, #1363, #257, .T. ) ;
#4654 = AXIS2_PLACEMENT_3D ( 'NONE', #4638, #5138, #23 ) ;
#4655 = DIRECTION ( 'NONE',  ( 1.000000000000000000, 1.252131230780251545E-16, -1.858632295689435609E-16 ) ) ;
#4656 = EDGE_LOOP ( 'NONE', ( #3447, #2178, #1965, #1378 ) ) ;
#4657 = EDGE_CURVE ( 'NONE', #905, #4501, #5338, .T. ) ;
#4658 = FACE_OUTER_BOUND ( 'NONE', #427, .T. ) ;
#4659 = CARTESIAN_POINT ( 'NONE',  ( -2.903983146785582559, 96.42931646431688364, -7.852014996415015879 ) ) ;
#4660 = LINE ( 'NONE', #5291, #1295 ) ;
#4661 = CARTESIAN_POINT ( 'NONE',  ( 324.5000000000000000, 114.4000000000000199, 6.300000000000110845 ) ) ;
#4662 = DIRECTION ( 'NONE',  ( -1.000000000000000000, -0.000000000000000000, -0.000000000000000000 ) ) ;
#4663 = ORIENTED_EDGE ( 'NONE', *, *, #2944, .F. ) ;
#4664 = EDGE_CURVE ( 'NONE', #2744, #2007, #4264, .T. ) ;
#4665 = VERTEX_POINT ( 'NONE', #697 ) ;
#4666 = DIRECTION ( 'NONE',  ( 0.000000000000000000, 0.7071067811865465735, -0.7071067811865483499 ) ) ;
#4667 = ORIENTED_EDGE ( 'NONE', *, *, #41, .T. ) ;
#4668 = CARTESIAN_POINT ( 'NONE',  ( 326.6999999999999886, -2.000000000000001332, -1.999999999999999556 ) ) ;
#4669 = DIRECTION ( 'NONE',  ( -1.000000000000000000, -1.252131230780251545E-16, 3.620169068397056261E-32 ) ) ;
#4670 = CARTESIAN_POINT ( 'NONE',  ( 324.5000000000000000, -4.999999999999960032, 6.299999999999999822 ) ) ;
#4671 = DIRECTION ( 'NONE',  ( -1.508455196501570936E-16, 1.000000000000000000, 0.000000000000000000 ) ) ;
#4672 = CIRCLE ( 'NONE', #4343, 1.099999999999989875 ) ;
#4673 = ORIENTED_EDGE ( 'NONE', *, *, #328, .F. ) ;
#4674 = VECTOR ( 'NONE', #4766, 1000.000000000000000 ) ;
#4675 = DIRECTION ( 'NONE',  ( -0.7672988883605711408, 0.6200250003072134142, 0.1637724485823897902 ) ) ;
#4676 = CARTESIAN_POINT ( 'NONE',  ( 216.5000000000000568, 114.4000000000000199, 6.300000000000110845 ) ) ;
#4677 = VECTOR ( 'NONE', #3950, 1000.000000000000000 ) ;
#4678 = ADVANCED_FACE ( 'NONE', ( #1161 ), #3799, .F. ) ;
#4679 = CARTESIAN_POINT ( 'NONE',  ( 325.0000088191292207, 96.66913717030826092, -7.864669365582226845 ) ) ;
#4680 = ORIENTED_EDGE ( 'NONE', *, *, #1124, .T. ) ;
#4681 = EDGE_LOOP ( 'NONE', ( #186, #4400, #5435, #2393 ) ) ;
#4682 = AXIS2_PLACEMENT_3D ( 'NONE', #1793, #3831, #5874 ) ;
#4683 = DIRECTION ( 'NONE',  ( -0.7071067811865447972, 0.000000000000000000, -0.7071067811865502373 ) ) ;
#4684 = EDGE_LOOP ( 'NONE', ( #1680, #3809, #4527, #4793 ) ) ;
#4685 = DIRECTION ( 'NONE',  ( -0.7071067811865447972, 0.000000000000000000, -0.7071067811865502373 ) ) ;
#4686 = EDGE_LOOP ( 'NONE', ( #5331, #859, #106, #5156 ) ) ;
#4687 = AXIS2_PLACEMENT_3D ( 'NONE', #6227, #5217, #1640 ) ;
#4688 = VERTEX_POINT ( 'NONE', #3767 ) ;
#4689 = CARTESIAN_POINT ( 'NONE',  ( -1.999999999999984901, 113.3000000000000114, -8.699999999999931788 ) ) ;
#4690 = CARTESIAN_POINT ( 'NONE',  ( 299.5000000000000000, 83.49999999999995737, -6.669091656304669158 ) ) ;
#4691 = CARTESIAN_POINT ( 'NONE',  ( 34.26136289981529615, 96.38160116615864581, -2.500000000000002220 ) ) ;
#4692 = DIRECTION ( 'NONE',  ( 0.000000000000000000, 1.000000000000000000, 0.000000000000000000 ) ) ;
#4693 = DIRECTION ( 'NONE',  ( 0.000000000000000000, 0.000000000000000000, 1.000000000000000000 ) ) ;
#4694 = ORIENTED_EDGE ( 'NONE', *, *, #1844, .T. ) ;
#4695 = VERTEX_POINT ( 'NONE', #6344 ) ;
#4696 = ORIENTED_EDGE ( 'NONE', *, *, #6563, .T. ) ;
#4697 = EDGE_CURVE ( 'NONE', #6591, #4421, #6244, .T. ) ;
#4698 = EDGE_CURVE ( 'NONE', #73, #1955, #3992, .T. ) ;
#4699 = CARTESIAN_POINT ( 'NONE',  ( 299.5000000000000000, 82.48877974498449817, 31.28450654694645650 ) ) ;
#4700 = FACE_OUTER_BOUND ( 'NONE', #6238, .T. ) ;
#4701 = LINE ( 'NONE', #5735, #3580 ) ;
#4702 = CARTESIAN_POINT ( 'NONE',  ( 299.5068192702118495, 96.71540802558281769, -7.385066446279526353 ) ) ;
#4703 = VERTEX_POINT ( 'NONE', #2154 ) ;
#4704 = CARTESIAN_POINT ( 'NONE',  ( 323.8786796564402266, 96.38160116615863160, -2.500000000000002220 ) ) ;
#4705 = CARTESIAN_POINT ( 'NONE',  ( -1.122658636987424519, 98.95442919663773296, -7.985254987397053306 ) ) ;
#4706 = CARTESIAN_POINT ( 'NONE',  ( 300.7382045668575756, 98.68315160340293346, -7.970940765456157706 ) ) ;
#4707 = EDGE_CURVE ( 'NONE', #5854, #2910, #4201, .T. ) ;
#4708 = AXIS2_PLACEMENT_3D ( 'NONE', #5256, #2741, #3149 ) ;
#4709 = ADVANCED_FACE ( 'NONE', ( #5739 ), #5237, .F. ) ;
#4710 = CARTESIAN_POINT ( 'NONE',  ( -2.903983146785574121, 83.00000000000001421, -7.143404255319146579 ) ) ;
#4711 = VERTEX_POINT ( 'NONE', #2190 ) ;
#4712 = VERTEX_POINT ( 'NONE', #1693 ) ;
#4713 = VECTOR ( 'NONE', #4283, 1000.000000000000000 ) ;
#4714 = VECTOR ( 'NONE', #3564, 1000.000000000000000 ) ;
#4715 = CYLINDRICAL_SURFACE ( 'NONE', #2692, 4.000000000000000000 ) ;
#4716 = VERTEX_POINT ( 'NONE', #3735 ) ;
#4717 = AXIS2_PLACEMENT_3D ( 'NONE', #3747, #1676, #2171 ) ;
#4718 = AXIS2_PLACEMENT_3D ( 'NONE', #5465, #1292, #854 ) ;
#4719 = CARTESIAN_POINT ( 'NONE',  ( 323.5247626481240673, 98.64016752831855683, -7.968672669579364154 ) ) ;
#4720 = AXIS2_PLACEMENT_3D ( 'NONE', #934, #5050, #2935 ) ;
#4721 = ORIENTED_EDGE ( 'NONE', *, *, #4132, .F. ) ;
#4722 = ORIENTED_EDGE ( 'NONE', *, *, #2736, .F. ) ;
#4723 = CARTESIAN_POINT ( 'NONE',  ( 22.96640591092272032, 98.50324253964311083, -7.961447691453503950 ) ) ;
#4724 = FACE_OUTER_BOUND ( 'NONE', #3384, .T. ) ;
#4725 = LINE ( 'NONE', #1175, #3203 ) ;
#4726 = DIRECTION ( 'NONE',  ( 0.000000000000000000, 0.000000000000000000, -1.000000000000000000 ) ) ;
#4727 = EDGE_CURVE ( 'NONE', #521, #5216, #1107, .T. ) ;
#4728 = DIRECTION ( 'NONE',  ( -1.000000000000000000, 0.000000000000000000, 0.000000000000000000 ) ) ;
#4729 = VERTEX_POINT ( 'NONE', #797 ) ;
#4730 = AXIS2_PLACEMENT_3D ( 'NONE', #3327, #2193, #3292 ) ;
#4731 = ORIENTED_EDGE ( 'NONE', *, *, #6074, .T. ) ;
#4732 = ORIENTED_EDGE ( 'NONE', *, *, #3151, .F. ) ;
#4733 = DIRECTION ( 'NONE',  ( 1.000000000000000000, 0.000000000000000000, 0.000000000000000000 ) ) ;
#4734 = DIRECTION ( 'NONE',  ( 0.000000000000000000, -1.000000000000000000, 0.000000000000000000 ) ) ;
#4735 = CARTESIAN_POINT ( 'NONE',  ( 22.54400247513198607, 97.73106511272835917, -7.443461597729895018 ) ) ;
#4736 = CARTESIAN_POINT ( 'NONE',  ( 14.49291338582666633, 118.0000000000000711, -1.852519685038983344 ) ) ;
#4737 = B_SPLINE_CURVE_WITH_KNOTS ( 'NONE', 3,
 ( #1314, #1741, #5926, #5960, #4853, #1348, #6359, #3371, #1381, #5422, #5862, #4281, #3783, #275, #5828, #5327, #4819, #242 ),
 .UNSPECIFIED., .F., .F.,
 ( 4, 2, 2, 2, 2, 2, 2, 2, 4 ),
 ( 0.000000000000000000, 0.0005011292283374520337, 0.001002258456674903851, 0.001503387685012355776, 0.002004516913349807701, 0.002505646141687259409, 0.003006775370024711552, 0.003507904598362164127, 0.004009033826699615402 ),
 .UNSPECIFIED. ) ;
#4738 = CARTESIAN_POINT ( 'NONE',  ( 23.90398314678561320, 83.52785265049415386, -7.171256905813304883 ) ) ;
#4739 = AXIS2_PLACEMENT_3D ( 'NONE', #4055, #3150, #6606 ) ;
#4740 = EDGE_LOOP ( 'NONE', ( #3631, #6269, #5920 ) ) ;
#4741 = ADVANCED_FACE ( 'NONE', ( #398 ), #3865, .F. ) ;
#4742 = DIRECTION ( 'NONE',  ( 0.000000000000000000, 1.000000000000000000, 0.000000000000000000 ) ) ;
#4743 = CARTESIAN_POINT ( 'NONE',  ( -1.709475363760000199, 98.70908957709264087, -7.972309407472121023 ) ) ;
#4744 = CARTESIAN_POINT ( 'NONE',  ( 301.0000000000000000, 98.25363967881254723, -7.643383541866008102 ) ) ;
#4745 = AXIS2_PLACEMENT_3D ( 'NONE', #904, #2931, #6488 ) ;
#4746 = ORIENTED_EDGE ( 'NONE', *, *, #6535, .T. ) ;
#4747 = ORIENTED_EDGE ( 'NONE', *, *, #92, .T. ) ;
#4748 = CONICAL_SURFACE ( 'NONE', #1861, 2.199999999999993516, 0.7853981633974403964 ) ;
#4749 = EDGE_CURVE ( 'NONE', #1955, #73, #6241, .T. ) ;
#4750 = CARTESIAN_POINT ( 'NONE',  ( 216.5000000000000568, 115.5000000000000000, -8.199999999999935341 ) ) ;
#4751 = EDGE_LOOP ( 'NONE', ( #2127, #4924, #1031, #5035 ) ) ;
#4752 = CARTESIAN_POINT ( 'NONE',  ( 299.0000000000000568, -0.1454312086438995788, -2.756155970267300415 ) ) ;
#4753 = EDGE_LOOP ( 'NONE', ( #5948, #1801, #5075, #5094 ) ) ;
#4754 = AXIS2_PLACEMENT_3D ( 'NONE', #4820, #3180, #2742 ) ;
#4755 = CIRCLE ( 'NONE', #1866, 1.750000000000001554 ) ;
#4756 = ORIENTED_EDGE ( 'NONE', *, *, #1097, .F. ) ;
#4757 = DIRECTION ( 'NONE',  ( 0.000000000000000000, 0.7071067811865745512, 0.7071067811865204833 ) ) ;
#4758 = DIRECTION ( 'NONE',  ( -1.000000000000000000, -0.000000000000000000, -0.000000000000000000 ) ) ;
#4759 = FACE_OUTER_BOUND ( 'NONE', #6487, .T. ) ;
#4760 = DIRECTION ( 'NONE',  ( 0.000000000000000000, -0.000000000000000000, 1.000000000000000000 ) ) ;
#4761 = LINE ( 'NONE', #6298, #5361 ) ;
#4762 = ORIENTED_EDGE ( 'NONE', *, *, #775, .F. ) ;
#4763 = CONICAL_SURFACE ( 'NONE', #2722, 2.500000000000055511, 0.7853981633974396193 ) ;
#4764 = CARTESIAN_POINT ( 'NONE',  ( 324.8333333333333144, 96.53589025482003194, -7.690739938597027425 ) ) ;
#4765 = VERTEX_POINT ( 'NONE', #3322 ) ;
#4766 = DIRECTION ( 'NONE',  ( -0.000000000000000000, -0.000000000000000000, -1.000000000000000000 ) ) ;
#4767 = LINE ( 'NONE', #5300, #264 ) ;
#4768 = FACE_OUTER_BOUND ( 'NONE', #34, .T. ) ;
#4769 = DIRECTION ( 'NONE',  ( -0.000000000000000000, -0.000000000000000000, -1.000000000000000000 ) ) ;
#4770 = ADVANCED_FACE ( 'NONE', ( #896 ), #2426, .F. ) ;
#4771 = CYLINDRICAL_SURFACE ( 'NONE', #175, 1.099999999999998979 ) ;
#4772 = ORIENTED_EDGE ( 'NONE', *, *, #6327, .T. ) ;
#4773 = CARTESIAN_POINT ( 'NONE',  ( 14.49291338582666633, 118.0000000000000711, 5.147480314961017100 ) ) ;
#4774 = DIRECTION ( 'NONE',  ( -0.5855378941139379734, -0.5732126021628518586, -0.5732126021628509704 ) ) ;
#4775 = CARTESIAN_POINT ( 'NONE',  ( 300.8036534251704097, 98.24268025696225948, -7.641543114805425141 ) ) ;
#4776 = EDGE_LOOP ( 'NONE', ( #6, #2029, #18, #645 ) ) ;
#4777 = VECTOR ( 'NONE', #4973, 1000.000000000000000 ) ;
#4778 = ORIENTED_EDGE ( 'NONE', *, *, #3021, .F. ) ;
#4779 = ADVANCED_FACE ( 'NONE', ( #1820 ), #5438, .F. ) ;
#4780 = AXIS2_PLACEMENT_3D ( 'NONE', #1610, #2575, #3616 ) ;
#4781 = CARTESIAN_POINT ( 'NONE',  ( -1.000000000000000000, -1.000000000000000000, -1.000000000000000000 ) ) ;
#4782 = ORIENTED_EDGE ( 'NONE', *, *, #5923, .T. ) ;
#4783 = CARTESIAN_POINT ( 'NONE',  ( 327.5000000000000000, 115.5000000000000426, -8.200000000000043698 ) ) ;
#4784 = ORIENTED_EDGE ( 'NONE', *, *, #3806, .F. ) ;
#4785 = ORIENTED_EDGE ( 'NONE', *, *, #2622, .F. ) ;
#4786 = AXIS2_PLACEMENT_3D ( 'NONE', #4838, #4774, #6406 ) ;
#4787 = DIRECTION ( 'NONE',  ( 2.725784001906750461E-32, 0.000000000000000000, -1.000000000000000000 ) ) ;
#4788 = CARTESIAN_POINT ( 'NONE',  ( 324.5000000000000000, 56.75000000000000000, -2.500000000000000000 ) ) ;
#4789 = DIRECTION ( 'NONE',  ( -0.000000000000000000, -0.000000000000000000, -1.000000000000000000 ) ) ;
#4790 = DIRECTION ( 'NONE',  ( 0.000000000000000000, 0.000000000000000000, 1.000000000000000000 ) ) ;
#4791 = ADVANCED_FACE ( 'NONE', ( #1857 ), #1925, .T. ) ;
#4792 = DIRECTION ( 'NONE',  ( -0.000000000000000000, -0.000000000000000000, -1.000000000000000000 ) ) ;
#4793 = ORIENTED_EDGE ( 'NONE', *, *, #6074, .F. ) ;
#4794 = ADVANCED_FACE ( 'NONE', ( #5943 ), #5373, .F. ) ;
#4795 = EDGE_CURVE ( 'NONE', #4577, #5749, #5921, .T. ) ;
#4796 = CARTESIAN_POINT ( 'NONE',  ( 324.5000000000000000, 115.5000000000000426, -8.699999999999997513 ) ) ;
#4797 = DIRECTION ( 'NONE',  ( 9.427844978134816503E-17, -1.000000000000000000, 0.000000000000000000 ) ) ;
#4798 = DIRECTION ( 'NONE',  ( -0.000000000000000000, 2.891205793294675861E-16, -1.000000000000000000 ) ) ;
#4799 = DIRECTION ( 'NONE',  ( -1.000000000000000000, 0.000000000000000000, 0.000000000000000000 ) ) ;
#4800 = DIRECTION ( 'NONE',  ( -0.000000000000000000, -0.000000000000000000, -1.000000000000000000 ) ) ;
#4801 = ADVANCED_FACE ( 'NONE', ( #259 ), #6372, .T. ) ;
#4802 = DIRECTION ( 'NONE',  ( -0.000000000000000000, -1.000000000000000000, -0.000000000000000000 ) ) ;
#4803 = DIRECTION ( 'NONE',  ( -1.000000000000000000, 0.000000000000000000, 0.000000000000000000 ) ) ;
#4804 = DIRECTION ( 'NONE',  ( 0.000000000000000000, 1.000000000000000000, 0.000000000000000000 ) ) ;
#4805 = LINE ( 'NONE', #1569, #1660 ) ;
#4806 = FACE_OUTER_BOUND ( 'NONE', #467, .T. ) ;
#4807 = ORIENTED_EDGE ( 'NONE', *, *, #607, .T. ) ;
#4808 = ORIENTED_EDGE ( 'NONE', *, *, #1553, .T. ) ;
#4809 = EDGE_CURVE ( 'NONE', #1424, #4240, #4869, .T. ) ;
#4810 = AXIS2_PLACEMENT_3D ( 'NONE', #2779, #852, #4468 ) ;
#4811 = PLANE ( 'NONE',  #3648 ) ;
#4812 = ORIENTED_EDGE ( 'NONE', *, *, #5404, .T. ) ;
#4813 = CARTESIAN_POINT ( 'NONE',  ( 324.5000000000000000, -2.000000000000001776, -2.500000000000000000 ) ) ;
#4814 = ORIENTED_EDGE ( 'NONE', *, *, #2874, .T. ) ;
#4815 = VERTEX_POINT ( 'NONE', #2320 ) ;
#4816 = EDGE_CURVE ( 'NONE', #177, #5866, #3460, .T. ) ;
#4817 = CARTESIAN_POINT ( 'NONE',  ( 21.98332298033084697, 98.13686711404962182, -7.546548062894204101 ) ) ;
#4818 = DIRECTION ( 'NONE',  ( -0.000000000000000000, -0.000000000000000000, 1.000000000000000000 ) ) ;
#4819 = CARTESIAN_POINT ( 'NONE',  ( -2.000000000000000444, 96.17118736189509320, -5.858184238395373278 ) ) ;
#4820 = CARTESIAN_POINT ( 'NONE',  ( 324.5000000000000000, 94.80613420518679391, -4.750000000000002665 ) ) ;
#4821 = DIRECTION ( 'NONE',  ( 0.000000000000000000, 0.000000000000000000, 1.000000000000000000 ) ) ;
#4822 = ORIENTED_EDGE ( 'NONE', *, *, #3509, .F. ) ;
#4823 = AXIS2_PLACEMENT_3D ( 'NONE', #4223, #715, #3119 ) ;
#4824 = CIRCLE ( 'NONE', #6544, 1.750000000000001554 ) ;
#4825 = LINE ( 'NONE', #5651, #3280 ) ;
#4826 = EDGE_CURVE ( 'NONE', #5749, #4025, #2884, .T. ) ;
#4827 = VECTOR ( 'NONE', #639, 1000.000000000000000 ) ;
#4828 = EDGE_CURVE ( 'NONE', #6190, #2554, #3355, .T. ) ;
#4829 = CARTESIAN_POINT ( 'NONE',  ( 104.4025723340541987, 113.5769230769231086, -6.200000000000000178 ) ) ;
#4830 = CARTESIAN_POINT ( 'NONE',  ( 47.49291338582636968, 53.59291438582643252, -1.999999999999980904 ) ) ;
#4831 = CARTESIAN_POINT ( 'NONE',  ( 301.0000000000000000, 98.69713966231897473, -7.971678858777679899 ) ) ;
#4832 = EDGE_CURVE ( 'NONE', #395, #1615, #3247, .T. ) ;
#4833 = DIRECTION ( 'NONE',  ( 0.5150380749100421651, 1.049727191138627570E-16, 0.8571673007021195501 ) ) ;
#4834 = EDGE_CURVE ( 'NONE', #5163, #4959, #2353, .T. ) ;
#4835 = EDGE_CURVE ( 'NONE', #3238, #3549, #6441, .T. ) ;
#4836 = DIRECTION ( 'NONE',  ( 0.000000000000000000, -2.891205793294675861E-16, -1.000000000000000000 ) ) ;
#4837 = DIRECTION ( 'NONE',  ( -0.000000000000000000, -0.000000000000000000, -1.000000000000000000 ) ) ;
#4838 = CARTESIAN_POINT ( 'NONE',  ( 23.90398314678561320, 83.52785265049415386, -7.171256905813307547 ) ) ;
#4839 = DIRECTION ( 'NONE',  ( -0.7071067811865415775, 0.03725933280158548466, 0.7061244522881141572 ) ) ;
#4840 = DIRECTION ( 'NONE',  ( -0.000000000000000000, -0.000000000000000000, -1.000000000000000000 ) ) ;
#4841 = ORIENTED_EDGE ( 'NONE', *, *, #254, .F. ) ;
#4842 = AXIS2_PLACEMENT_3D ( 'NONE', #100, #5707, #5271 ) ;
#4843 = LINE ( 'NONE', #3775, #2590 ) ;
#4844 = ORIENTED_EDGE ( 'NONE', *, *, #1236, .T. ) ;
#4845 = AXIS2_PLACEMENT_3D ( 'NONE', #4316, #4280, #3782 ) ;
#4846 = PLANE ( 'NONE',  #237 ) ;
#4847 = EDGE_LOOP ( 'NONE', ( #3430, #2015, #1703, #3886 ) ) ;
#4848 = ADVANCED_FACE ( 'NONE', ( #3421 ), #4540, .F. ) ;
#4849 = VECTOR ( 'NONE', #4897, 1000.000000000000000 ) ;
#4850 = VERTEX_POINT ( 'NONE', #3626 ) ;
#4851 = DIRECTION ( 'NONE',  ( -0.000000000000000000, -0.000000000000000000, -1.000000000000000000 ) ) ;
#4852 = CARTESIAN_POINT ( 'NONE',  ( 324.5000000000000000, 96.55345447274405046, -7.357869679546609198 ) ) ;
#4853 = CARTESIAN_POINT ( 'NONE',  ( -1.859089531508732129, 95.74781951739277019, -3.266076671428146394 ) ) ;
#4854 = CARTESIAN_POINT ( 'NONE',  ( 216.5000000000000568, 114.4000000000000057, -8.699999999999931788 ) ) ;
#4855 = ADVANCED_FACE ( 'NONE', ( #463 ), #1223, .F. ) ;
#4856 = CARTESIAN_POINT ( 'NONE',  ( -1.999999999999993561, 56.75000000000002132, -0.9000000000000010214 ) ) ;
#4857 = ORIENTED_EDGE ( 'NONE', *, *, #785, .F. ) ;
#4858 = EDGE_LOOP ( 'NONE', ( #2900, #5712, #6157, #2611 ) ) ;
#4859 = DIRECTION ( 'NONE',  ( -1.000000000000000000, 0.000000000000000000, 0.000000000000000000 ) ) ;
#4860 = AXIS2_PLACEMENT_3D ( 'NONE', #3289, #5678, #2226 ) ;
#4861 = CARTESIAN_POINT ( 'NONE',  ( -1.000000000000000000, 60.90331193145905075, -1.000000000000000000 ) ) ;
#4862 = CARTESIAN_POINT ( 'NONE',  ( 22.29155898679830372, 97.96214011421477608, -7.502160218724096552 ) ) ;
#4863 = CARTESIAN_POINT ( 'NONE',  ( 34.26136289981529615, 96.38160116615864581, -2.500000000000002220 ) ) ;
#4864 = EDGE_CURVE ( 'NONE', #3240, #5046, #2176, .T. ) ;
#4865 = VERTEX_POINT ( 'NONE', #1491 ) ;
#4866 = B_SPLINE_SURFACE_WITH_KNOTS ( 'NONE', 1, 3, ( 
 ( #4123, #6076, #1489, #1053, #3122, #3087, #2553, #82, #4059, #554, #3525, #2110, #2584, #1586, #2988, #5660, #6107, #3557 ),
 ( #1021, #4161, #3623, #5165, #1456, #3489, #5540, #957, #5034, #3236, #2367, #3297, #2864, #1736, #3333, #6324, #268, #1241 ) ),
 .UNSPECIFIED., .F., .F., .F.,
 ( 2, 2 ),
 ( 4, 2, 2, 2, 2, 2, 2, 2, 4 ),
 ( 0.000000000000000000, 1.000000000000000000 ),
 ( 1.570796326794896336, 1.767145867644258406, 1.963495408493620253, 2.159844949342982101, 2.356194490192343949, 2.552544031041705797, 2.748893571891067644, 2.945243112740429492, 3.141592653589791340 ),
 .UNSPECIFIED. ) ;
#4867 = DIRECTION ( 'NONE',  ( -1.000000000000000000, 0.000000000000000000, 0.000000000000000000 ) ) ;
#4868 = DIRECTION ( 'NONE',  ( 0.000000000000000000, 0.000000000000000000, 1.000000000000000000 ) ) ;
#4869 = LINE ( 'NONE', #860, #3788 ) ;
#4870 = DIRECTION ( 'NONE',  ( -1.000000000000000000, 0.000000000000000000, 0.000000000000000000 ) ) ;
#4871 = LINE ( 'NONE', #5909, #1344 ) ;
#4872 = DIRECTION ( 'NONE',  ( -1.000000000000000000, 0.000000000000000000, 0.000000000000000000 ) ) ;
#4873 = EDGE_CURVE ( 'NONE', #5854, #6429, #6173, .T. ) ;
#4874 = DIRECTION ( 'NONE',  ( -1.000000000000000000, 0.000000000000000000, 0.000000000000000000 ) ) ;
#4875 = DIRECTION ( 'NONE',  ( 0.000000000000000000, 0.000000000000000000, 1.000000000000000000 ) ) ;
#4876 = ORIENTED_EDGE ( 'NONE', *, *, #328, .T. ) ;
#4877 = CARTESIAN_POINT ( 'NONE',  ( 220.6533119314590294, 114.5000000000000284, -1.000000000000000000 ) ) ;
#4878 = CARTESIAN_POINT ( 'NONE',  ( 324.5000000000000000, -2.000000000000001776, -0.9000000000000010214 ) ) ;
#4879 = ORIENTED_EDGE ( 'NONE', *, *, #4591, .F. ) ;
#4880 = EDGE_CURVE ( 'NONE', #5539, #1957, #5605, .T. ) ;
#4881 = VECTOR ( 'NONE', #363, 1000.000000000000000 ) ;
#4882 = CARTESIAN_POINT ( 'NONE',  ( 322.3000000000000114, 56.75000000000000000, -1.999999999999999556 ) ) ;
#4883 = ORIENTED_EDGE ( 'NONE', *, *, #1844, .F. ) ;
#4884 = VERTEX_POINT ( 'NONE', #525 ) ;
#4885 = AXIS2_PLACEMENT_3D ( 'NONE', #354, #2378, #6540 ) ;
#4886 = DIRECTION ( 'NONE',  ( -1.000000000000000000, 0.000000000000000000, 0.000000000000000000 ) ) ;
#4887 = FACE_OUTER_BOUND ( 'NONE', #3741, .T. ) ;
#4888 = FACE_BOUND ( 'NONE', #3175, .T. ) ;
#4889 = CARTESIAN_POINT ( 'NONE',  ( 324.4761110973023506, 95.30495775582511442, -3.064685173132723595 ) ) ;
#4890 = CLOSED_SHELL ( 'NONE', ( #3506, #4580, #5979, #5279, #4163, #1921, #4013, #4419, #1438, #2619, #5070, #3156, #2033, #4093, #1481, #5337, #3755, #1458, #3731, #2235, #3680, #5186, #3784, #1520, #1798, #5603, #6381, #6024, #270, #3146, #3845, #869, #6023, #4631, #5552, #6185, #5345, #5982, #4999, #2562, #533, #6101, #1832, #3602, #696, #4010, #5324, #4549, #2413, #4678, #5813, #1280, #1321, #4003, #5867, #2440, #5305, #3669, #6473, #3219, #2698, #2902, #3217, #4794, #6045, #5517, #6222, #4644, #6018, #4205, #4944, #822, #3516, #589, #1594, #1560, #5459, #5001, #6420, #5442, #1846, #1152, #6055, #862, #144, #5320, #118, #5766, #1066, #4801, #1588, #1156, #3625, #1659, #1960, #955, #2318, #293, #4848, #3190, #1440, #3155, #3229, #5417, #468, #2616, #162, #6293, #4770, #480, #6022, #2010, #97, #4514, #1584, #1364, #4383, #584, #5529, #6593, #632, #2370, #4459, #2846, #469, #6592, #2981, #2286, #4186, #2786, #381, #1068, #3435, #2971, #372, #1311, #3336, #657, #6613, #4855, #1682, #4709, #6467, #4741, #1330, #5527, #750, #4791, #4241, #1761, #255, #4298, #2484, #2529, #2048, #2889, #579, #3889, #2857, #5113, #3949, #3309, #1873, #6336, #3230, #1210, #5531, #246, #6495, #1354, #1668, #3016, #5769, #98, #4779, #937, #2912, #4366, #4550, #1259, #1279, #2458, #831, #3395, #5911, #2016, #3113, #5316, #5234, #3068, #5490, #3106, #990, #3381, #1353, #6289, #5835, #3138, #2125, #6480, #342, #5981, #5880, #2758, #724 ) ) ;
#4891 = LINE ( 'NONE', #748, #125 ) ;
#4892 = ORIENTED_EDGE ( 'NONE', *, *, #3601, .T. ) ;
#4893 = FACE_OUTER_BOUND ( 'NONE', #4194, .T. ) ;
#4894 = AXIS2_PLACEMENT_3D ( 'NONE', #2026, #1312, #1346 ) ;
#4895 = CONICAL_SURFACE ( 'NONE', #4357, 2.199999999999993516, 0.7853981633974445042 ) ;
#4896 = CARTESIAN_POINT ( 'NONE',  ( 101.8466880685409990, 3.000000000000011990, -1.000000000000000000 ) ) ;
#4897 = DIRECTION ( 'NONE',  ( 8.659560562354920532E-17, -0.7071067811865462405, -0.7071067811865489050 ) ) ;
#4898 = DIRECTION ( 'NONE',  ( -0.7066406633271122839, 0.7066406633271319349, -0.03630352414311478759 ) ) ;
#4899 = CARTESIAN_POINT ( 'NONE',  ( 3.000000000000000000, 103.3667848596428485, -6.199999999999997513 ) ) ;
#4900 = VERTEX_POINT ( 'NONE', #991 ) ;
#4901 = ORIENTED_EDGE ( 'NONE', *, *, #6302, .F. ) ;
#4902 = CYLINDRICAL_SURFACE ( 'NONE', #3651, 1.749999999999994671 ) ;
#4903 = EDGE_CURVE ( 'NONE', #3120, #2465, #4602, .T. ) ;
#4904 = EDGE_CURVE ( 'NONE', #1454, #5243, #5071, .T. ) ;
#4905 = DIRECTION ( 'NONE',  ( -1.000000000000000000, 0.000000000000000000, 0.000000000000000000 ) ) ;
#4906 = DIRECTION ( 'NONE',  ( -1.000000000000000000, 0.000000000000000000, 0.000000000000000000 ) ) ;
#4907 = DIRECTION ( 'NONE',  ( -1.000000000000000000, 0.000000000000000000, 0.000000000000000000 ) ) ;
#4908 = CARTESIAN_POINT ( 'NONE',  ( -1.000000000000000000, -1.000000000000000000, 6.299999999999999822 ) ) ;
#4909 = CARTESIAN_POINT ( 'NONE',  ( 319.5000000000000000, 114.5000000000000426, -6.200000000000000178 ) ) ;
#4910 = ORIENTED_EDGE ( 'NONE', *, *, #2269, .T. ) ;
#4911 = DIRECTION ( 'NONE',  ( -0.000000000000000000, 2.891205793294675861E-16, -1.000000000000000000 ) ) ;
#4912 = EDGE_CURVE ( 'NONE', #6237, #4363, #3346, .T. ) ;
#4913 = EDGE_CURVE ( 'NONE', #5163, #5282, #4643, .T. ) ;
#4914 = FACE_OUTER_BOUND ( 'NONE', #2420, .T. ) ;
#4915 = VERTEX_POINT ( 'NONE', #1989 ) ;
#4916 = DIRECTION ( 'NONE',  ( -9.427844978134816503E-17, -1.000000000000000000, 0.000000000000000000 ) ) ;
#4917 = EDGE_LOOP ( 'NONE', ( #410, #702, #2228, #3094 ) ) ;
#4918 = VERTEX_POINT ( 'NONE', #558 ) ;
#4919 = CARTESIAN_POINT ( 'NONE',  ( 301.0000000000000000, 98.69713966231904578, -7.971678858777683452 ) ) ;
#4920 = DIRECTION ( 'NONE',  ( -1.000000000000000000, 3.469446951953611033E-15, 0.000000000000000000 ) ) ;
#4921 = CARTESIAN_POINT ( 'NONE',  ( 106.0000000000000142, 115.5000000000000000, -8.199999999999935341 ) ) ;
#4922 = CARTESIAN_POINT ( 'NONE',  ( -1.999999999999985345, 116.6000000000000227, -7.099999999999941025 ) ) ;
#4923 = CARTESIAN_POINT ( 'NONE',  ( 101.8466880685409990, -0.9999999999999874545, -1.000000000000000000 ) ) ;
#4924 = ORIENTED_EDGE ( 'NONE', *, *, #435, .T. ) ;
#4925 = CARTESIAN_POINT ( 'NONE',  ( 24.99999999999999645, 95.36678485964283425, 41.42640687119293830 ) ) ;
#4926 = CARTESIAN_POINT ( 'NONE',  ( 324.5000000000000000, -2.000000000000001776, -2.500000000000000000 ) ) ;
#4927 = VECTOR ( 'NONE', #114, 1000.000000000000000 ) ;
#4928 = DIRECTION ( 'NONE',  ( 0.000000000000000000, 0.000000000000000000, -1.000000000000000000 ) ) ;
#4929 = LINE ( 'NONE', #455, #2428 ) ;
#4930 = AXIS2_PLACEMENT_3D ( 'NONE', #5090, #4462, #5586 ) ;
#4931 = CARTESIAN_POINT ( 'NONE',  ( 216.5000000000000284, 115.5000000000000284, -8.701999999999998181 ) ) ;
#4932 = ORIENTED_EDGE ( 'NONE', *, *, #171, .F. ) ;
#4933 = ORIENTED_EDGE ( 'NONE', *, *, #6468, .F. ) ;
#4934 = CARTESIAN_POINT ( 'NONE',  ( 299.5131697531861050, 96.77996980785538028, -7.395906382536861834 ) ) ;
#4935 = CIRCLE ( 'NONE', #3757, 4.000000000000003553 ) ;
#4936 = VECTOR ( 'NONE', #4800, 1000.000000000000000 ) ;
#4937 = EDGE_LOOP ( 'NONE', ( #1042, #4441, #841, #1269 ) ) ;
#4938 = VECTOR ( 'NONE', #2765, 1000.000000000000000 ) ;
#4939 = CARTESIAN_POINT ( 'NONE',  ( 327.5000000000000000, -4.999999999999960032, -2.000000000000047073 ) ) ;
#4940 = LINE ( 'NONE', #5544, #4881 ) ;
#4941 = CARTESIAN_POINT ( 'NONE',  ( 326.6999999999999886, 56.75000000000000000, -1.999999999999999556 ) ) ;
#4942 = CYLINDRICAL_SURFACE ( 'NONE', #3002, 3.499999999999999556 ) ;
#4943 = CARTESIAN_POINT ( 'NONE',  ( 0.000000000000000000, 83.00000000000000000, -6.643404255319152796 ) ) ;
#4944 = ADVANCED_FACE ( 'NONE', ( #5135, #1055, #2586, #4030, #4126, #1589, #3527, #430, #21, #3998, #3058, #5104 ), #2052, .F. ) ;
#4945 = AXIS2_PLACEMENT_3D ( 'NONE', #3295, #5917, #6320 ) ;
#4946 = ORIENTED_EDGE ( 'NONE', *, *, #1441, .F. ) ;
#4947 = DIRECTION ( 'NONE',  ( 0.6285110671961630091, 0.7778006418176448555, 0.000000000000000000 ) ) ;
#4948 = CARTESIAN_POINT ( 'NONE',  ( 0.000000000000000000, 0.000000000000000000, -1.000000000000000000 ) ) ;
#4949 = VERTEX_POINT ( 'NONE', #6614 ) ;
#4950 = CARTESIAN_POINT ( 'NONE',  ( 324.5000066143469439, 96.66473195621453840, -7.376556622582332245 ) ) ;
#4951 = ORIENTED_EDGE ( 'NONE', *, *, #3645, .F. ) ;
#4952 = ORIENTED_EDGE ( 'NONE', *, *, #4835, .T. ) ;
#4953 = CONICAL_SURFACE ( 'NONE', #1016, 2.200000000000007283, 0.7853981633974467247 ) ;
#4954 = CARTESIAN_POINT ( 'NONE',  ( 5.517203235625551716E-16, -4.500000000000055067, -2.500000000000000000 ) ) ;
#4955 = DIRECTION ( 'NONE',  ( 0.000000000000000000, 0.000000000000000000, 1.000000000000000000 ) ) ;
#4956 = DIRECTION ( 'NONE',  ( 0.000000000000000000, 0.000000000000000000, -1.000000000000000000 ) ) ;
#4957 = DIRECTION ( 'NONE',  ( 0.000000000000000000, 0.000000000000000000, -1.000000000000000000 ) ) ;
#4958 = DIRECTION ( 'NONE',  ( 0.000000000000000000, 1.000000000000000000, 0.000000000000000000 ) ) ;
#4959 = VERTEX_POINT ( 'NONE', #5572 ) ;
#4960 = AXIS2_PLACEMENT_3D ( 'NONE', #5984, #3975, #6020 ) ;
#4961 = CARTESIAN_POINT ( 'NONE',  ( -1.999999999999999112, 82.48877974498451238, 31.28450654694644939 ) ) ;
#4962 = DIRECTION ( 'NONE',  ( -1.000000000000000000, 0.000000000000000000, 0.000000000000000000 ) ) ;
#4963 = DIRECTION ( 'NONE',  ( 1.000000000000000000, 0.000000000000000000, 0.000000000000000000 ) ) ;
#4964 = CIRCLE ( 'NONE', #1755, 1.100000000000017630 ) ;
#4965 = LINE ( 'NONE', #3892, #6374 ) ;
#4966 = DIRECTION ( 'NONE',  ( 1.000000000000000000, 1.222859769274868068E-16, 0.000000000000000000 ) ) ;
#4967 = ORIENTED_EDGE ( 'NONE', *, *, #127, .F. ) ;
#4968 = EDGE_LOOP ( 'NONE', ( #6006, #1617, #2270, #2737 ) ) ;
#4969 = CARTESIAN_POINT ( 'NONE',  ( 299.9215235166255979, 97.73547284155196735, -7.556366990134528727 ) ) ;
#4970 = EDGE_LOOP ( 'NONE', ( #1696, #3129, #5988, #3212 ) ) ;
#4971 = AXIS2_PLACEMENT_3D ( 'NONE', #2258, #3769, #6346 ) ;
#4972 = CARTESIAN_POINT ( 'NONE',  ( 101.8466880685409564, 110.5000000000000142, -8.701999999999998181 ) ) ;
#4973 = DIRECTION ( 'NONE',  ( -1.000000000000000000, -1.283000413665435261E-16, -0.000000000000000000 ) ) ;
#4974 = DIRECTION ( 'NONE',  ( 0.000000000000000000, -1.000000000000000000, 0.000000000000000000 ) ) ;
#4975 = DIRECTION ( 'NONE',  ( -0.5150380749100597066, 0.000000000000000000, 0.8571673007021091140 ) ) ;
#4976 = EDGE_CURVE ( 'NONE', #622, #2972, #4964, .T. ) ;
#4977 = AXIS2_PLACEMENT_3D ( 'NONE', #2588, #2497, #6113 ) ;
#4978 = ORIENTED_EDGE ( 'NONE', *, *, #6397, .T. ) ;
#4979 = VECTOR ( 'NONE', #6358, 1000.000000000000114 ) ;
#4980 = ORIENTED_EDGE ( 'NONE', *, *, #1644, .F. ) ;
#4981 = CARTESIAN_POINT ( 'NONE',  ( 352.4716436477942807, 112.5000000000000000, -8.699999999999997513 ) ) ;
#4982 = ORIENTED_EDGE ( 'NONE', *, *, #5289, .F. ) ;
#4983 = CARTESIAN_POINT ( 'NONE',  ( 212.3466880685410558, -0.9999999999999740208, -1.000000000000000000 ) ) ;
#4984 = EDGE_LOOP ( 'NONE', ( #2361, #6193, #4208, #1888 ) ) ;
#4985 = ORIENTED_EDGE ( 'NONE', *, *, #335, .F. ) ;
#4986 = EDGE_CURVE ( 'NONE', #4688, #2188, #2599, .T. ) ;
#4987 = B_SPLINE_CURVE_WITH_KNOTS ( 'NONE', 3,
 ( #5296, #5760, #4764, #1179 ),
 .UNSPECIFIED., .F., .F.,
 ( 4, 4 ),
 ( 0.000000000000000000, 1.000000000000000000 ),
 .UNSPECIFIED. ) ;
#4988 = FACE_OUTER_BOUND ( 'NONE', #5567, .T. ) ;
#4989 = DIRECTION ( 'NONE',  ( -0.000000000000000000, 0.000000000000000000, 1.000000000000000000 ) ) ;
#4990 = CARTESIAN_POINT ( 'NONE',  ( 324.3583854477282671, 95.74977183505913558, -3.267441756979870160 ) ) ;
#4991 = CONICAL_SURFACE ( 'NONE', #2092, 3.499999999999999556, 0.7853981633974097543 ) ;
#4992 = CARTESIAN_POINT ( 'NONE',  ( 21.50000000000000355, 98.22670040036237538, -7.569368482627726102 ) ) ;
#4993 = EDGE_LOOP ( 'NONE', ( #5580, #6252, #5680, #4785 ) ) ;
#4994 = DIRECTION ( 'NONE',  ( 5.159220625078209476E-17, -0.3420201433256715440, 0.9396926207859075397 ) ) ;
#4995 = CIRCLE ( 'NONE', #1901, 4.000000000000000000 ) ;
#4996 = CYLINDRICAL_SURFACE ( 'NONE', #3383, 1.100000000000003642 ) ;
#4997 = DIRECTION ( 'NONE',  ( 0.000000000000000000, 1.000000000000000000, 0.000000000000000000 ) ) ;
#4998 = CARTESIAN_POINT ( 'NONE',  ( -1.999999999999993561, 56.75000000000002132, -1.999999999999999556 ) ) ;
#4999 = ADVANCED_FACE ( 'NONE', ( #1556 ), #3026, .F. ) ;
#5000 = CARTESIAN_POINT ( 'NONE',  ( 299.8820752950882707, 96.50797264960591804, -4.308747757692074742 ) ) ;
#5001 = ADVANCED_FACE ( 'NONE', ( #4164 ), #5763, .F. ) ;
#5002 = ORIENTED_EDGE ( 'NONE', *, *, #4832, .F. ) ;
#5003 = EDGE_CURVE ( 'NONE', #735, #1863, #587, .T. ) ;
#5004 = ORIENTED_EDGE ( 'NONE', *, *, #2768, .T. ) ;
#5005 = CARTESIAN_POINT ( 'NONE',  ( 327.5000000000000000, 94.80613420518679391, -4.750000000000002665 ) ) ;
#5006 = AXIS2_PLACEMENT_3D ( 'NONE', #2098, #2513, #541 ) ;
#5007 = ORIENTED_EDGE ( 'NONE', *, *, #353, .F. ) ;
#5008 = CARTESIAN_POINT ( 'NONE',  ( 13.59291338582666953, 115.1000000000000085, 4.047480314961017456 ) ) ;
#5009 = LINE ( 'NONE', #3999, #3065 ) ;
#5010 = PLANE ( 'NONE',  #5934 ) ;
#5011 = FACE_OUTER_BOUND ( 'NONE', #6349, .T. ) ;
#5012 = ORIENTED_EDGE ( 'NONE', *, *, #2139, .T. ) ;
#5013 = FACE_OUTER_BOUND ( 'NONE', #441, .T. ) ;
#5014 = B_SPLINE_SURFACE_WITH_KNOTS ( 'NONE', 1, 3, ( 
 ( #3746, #3719, #615, #3781, #4817, #110, #5325, #6329, #5753, #1173, #2672, #2135, #4187, #1646, #3687, #743, #1141, #2236 ),
 ( #2170, #711, #2707, #5721, #5254, #5221, #1704, #4723, #3205, #679, #2203, #5790, #4249, #5826, #3241, #6294, #2739, #1244 ) ),
 .UNSPECIFIED., .F., .F., .F.,
 ( 2, 2 ),
 ( 4, 2, 2, 2, 2, 2, 2, 2, 4 ),
 ( 0.000000000000000000, 1.000000000000000000 ),
 ( 3.141592653589793116, 3.337942194439155408, 3.534291735288517255, 3.730641276137879103, 3.926990816987241395, 4.123340357836603687, 4.319689898685965090, 4.516039439535327382, 4.712388980384689674 ),
 .UNSPECIFIED. ) ;
#5015 = CARTESIAN_POINT ( 'NONE',  ( 323.1963465748294766, 98.24268025696225948, -7.641543114805425141 ) ) ;
#5016 = ORIENTED_EDGE ( 'NONE', *, *, #4029, .F. ) ;
#5017 = ORIENTED_EDGE ( 'NONE', *, *, #4617, .T. ) ;
#5018 = CARTESIAN_POINT ( 'NONE',  ( 106.0000000000000142, 117.7000000000000028, -8.699999999999931788 ) ) ;
#5019 = CARTESIAN_POINT ( 'NONE',  ( 299.5000000000000000, 96.55345447274432047, -7.357869679547373920 ) ) ;
#5020 = CARTESIAN_POINT ( 'NONE',  ( 324.2145374915804155, 96.56295422619929525, -4.804415830580580860 ) ) ;
#5021 = CARTESIAN_POINT ( 'NONE',  ( 212.3466880685410274, 114.5000000000000284, -6.200000000000000178 ) ) ;
#5022 = ORIENTED_EDGE ( 'NONE', *, *, #4873, .T. ) ;
#5023 = DIRECTION ( 'NONE',  ( -3.224512890673879998E-17, -0.3420201433256714885, 0.9396926207859074287 ) ) ;
#5024 = EDGE_CURVE ( 'NONE', #620, #2194, #1010, .T. ) ;
#5025 = CIRCLE ( 'NONE', #5304, 2.500000000000000888 ) ;
#5026 = B_SPLINE_CURVE_WITH_KNOTS ( 'NONE', 3,
 ( #1566, #5711, #1635, #4581, #6624, #3676, #2629, #1099, #2664, #3605, #604, #1037 ),
 .UNSPECIFIED., .F., .F.,
 ( 4, 2, 2, 2, 2, 4 ),
 ( 0.000000000000000000, 0.1249999999999964195, 0.2499999999999928391, 0.4999999999999952260, 0.7499999999999975575, 1.000000000000000000 ),
 .UNSPECIFIED. ) ;
#5027 = CARTESIAN_POINT ( 'NONE',  ( 2.999999999999999556, 3.000000000000000444, -1.000000000000000000 ) ) ;
#5028 = CARTESIAN_POINT ( 'NONE',  ( -1.993180718683398522, 96.63535309024850051, -7.165116982157133663 ) ) ;
#5029 = DIRECTION ( 'NONE',  ( -0.000000000000000000, -0.000000000000000000, -1.000000000000000000 ) ) ;
#5030 = LINE ( 'NONE', #4596, #3541 ) ;
#5031 = ORIENTED_EDGE ( 'NONE', *, *, #2967, .F. ) ;
#5032 = VECTOR ( 'NONE', #4350, 1000.000000000000000 ) ;
#5033 = ORIENTED_EDGE ( 'NONE', *, *, #4832, .T. ) ;
#5034 = CARTESIAN_POINT ( 'NONE',  ( -2.311129820642639388, 98.15298958603500523, -7.942966259007802066 ) ) ;
#5035 = ORIENTED_EDGE ( 'NONE', *, *, #704, .F. ) ;
#5036 = CIRCLE ( 'NONE', #4286, 4.000000000000003553 ) ;
#5037 = EDGE_CURVE ( 'NONE', #3046, #6167, #5231, .T. ) ;
#5038 = EDGE_CURVE ( 'NONE', #6116, #2891, #1289, .T. ) ;
#5039 = DIRECTION ( 'NONE',  ( -1.000000000000000000, 0.000000000000000000, 0.000000000000000000 ) ) ;
#5040 = EDGE_CURVE ( 'NONE', #512, #2422, #1968, .T. ) ;
#5041 = DIRECTION ( 'NONE',  ( 1.000000000000000000, 1.508455196501570936E-16, 4.361254403050800956E-32 ) ) ;
#5042 = DIRECTION ( 'NONE',  ( 0.000000000000000000, -0.000000000000000000, -1.000000000000000000 ) ) ;
#5043 = CARTESIAN_POINT ( 'NONE',  ( -0.5000000000000004441, 99.03767606109998667, -7.989647587904847192 ) ) ;
#5044 = CIRCLE ( 'NONE', #2795, 1.100000000000017630 ) ;
#5045 = CIRCLE ( 'NONE', #3855, 2.399999999999999467 ) ;
#5046 = VERTEX_POINT ( 'NONE', #4668 ) ;
#5047 = AXIS2_PLACEMENT_3D ( 'NONE', #2055, #598, #6177 ) ;
#5048 = ORIENTED_EDGE ( 'NONE', *, *, #4986, .F. ) ;
#5049 = CARTESIAN_POINT ( 'NONE',  ( 324.3808038293922209, 97.21768577996382987, -7.469414463019030670 ) ) ;
#5050 = DIRECTION ( 'NONE',  ( 1.000000000000000000, 1.508455196501570936E-16, 4.361254403050800956E-32 ) ) ;
#5051 = VERTEX_POINT ( 'NONE', #3792 ) ;
#5052 = VECTOR ( 'NONE', #6315, 1000.000000000000000 ) ;
#5053 = ORIENTED_EDGE ( 'NONE', *, *, #2245, .T. ) ;
#5054 = AXIS2_PLACEMENT_3D ( 'NONE', #5091, #1445, #3446 ) ;
#5055 = CARTESIAN_POINT ( 'NONE',  ( 47.49291338582636968, 60.39291438582644389, -1.999999999999980904 ) ) ;
#5056 = DIRECTION ( 'NONE',  ( -1.252131230780251545E-16, 1.000000000000000000, -0.000000000000000000 ) ) ;
#5057 = CARTESIAN_POINT ( 'NONE',  ( 23.90398314678561320, 83.00000000000000000, -7.143404255319143914 ) ) ;
#5058 = EDGE_LOOP ( 'NONE', ( #2057, #849, #2159, #2734 ) ) ;
#5059 = LINE ( 'NONE', #4050, #1159 ) ;
#5060 = VECTOR ( 'NONE', #1144, 1000.000000000000000 ) ;
#5061 = CARTESIAN_POINT ( 'NONE',  ( 23.90398314678561320, 83.00000000000000000, -6.643404255319152796 ) ) ;
#5062 = CARTESIAN_POINT ( 'NONE',  ( 218.0974276659458155, -0.07692307692306210587, -1.000000000000000000 ) ) ;
#5063 = FACE_OUTER_BOUND ( 'NONE', #3400, .T. ) ;
#5064 = DIRECTION ( 'NONE',  ( 5.159220625078207627E-17, 0.3420201433256714885, -0.9396926207859074287 ) ) ;
#5065 = EDGE_LOOP ( 'NONE', ( #4088, #4269, #5229, #1455 ) ) ;
#5066 = ORIENTED_EDGE ( 'NONE', *, *, #3900, .T. ) ;
#5067 = DIRECTION ( 'NONE',  ( 1.000000000000000000, -0.000000000000000000, -0.000000000000000000 ) ) ;
#5068 = ORIENTED_EDGE ( 'NONE', *, *, #3933, .T. ) ;
#5069 = VECTOR ( 'NONE', #1331, 1000.000000000000000 ) ;
#5070 = ADVANCED_FACE ( 'NONE', ( #3220 ), #4748, .F. ) ;
#5071 = LINE ( 'NONE', #5606, #2503 ) ;
#5072 = LINE ( 'NONE', #22, #6491 ) ;
#5073 = DIRECTION ( 'NONE',  ( -1.000000000000000000, 0.000000000000000000, 0.000000000000000000 ) ) ;
#5074 = PLANE ( 'NONE',  #764 ) ;
#5075 = ORIENTED_EDGE ( 'NONE', *, *, #789, .F. ) ;
#5076 = VECTOR ( 'NONE', #3018, 1000.000000000000000 ) ;
#5077 = VECTOR ( 'NONE', #5621, 1000.000000000000000 ) ;
#5078 = ORIENTED_EDGE ( 'NONE', *, *, #638, .T. ) ;
#5079 = CARTESIAN_POINT ( 'NONE',  ( 324.5000000000000000, 114.4000000000000199, -8.699999999999931788 ) ) ;
#5080 = DIRECTION ( 'NONE',  ( -0.6285110671961602336, -0.04098437992369462907, -0.7767201033926018905 ) ) ;
#5081 = EDGE_CURVE ( 'NONE', #1384, #599, #6034, .T. ) ;
#5082 = MECHANICAL_DESIGN_GEOMETRIC_PRESENTATION_REPRESENTATION (  '', ( #4225 ), #5931 ) ;
#5083 = EDGE_CURVE ( 'NONE', #5178, #5410, #53, .T. ) ;
#5084 = VECTOR ( 'NONE', #693, 1000.000000000000000 ) ;
#5085 = CARTESIAN_POINT ( 'NONE',  ( -2.000000000000000444, 118.0000000000000426, -8.699999999999999289 ) ) ;
#5086 = ORIENTED_EDGE ( 'NONE', *, *, #6585, .F. ) ;
#5087 = ORIENTED_EDGE ( 'NONE', *, *, #2250, .F. ) ;
#5088 = EDGE_CURVE ( 'NONE', #2111, #986, #6339, .T. ) ;
#5089 = DIRECTION ( 'NONE',  ( 1.000000000000000000, 0.000000000000000000, 0.000000000000000000 ) ) ;
#5090 = CARTESIAN_POINT ( 'NONE',  ( 324.5000000000000000, -2.000000000000001776, -1.999999999999999556 ) ) ;
#5091 = CARTESIAN_POINT ( 'NONE',  ( 110.1533119314590152, 110.5000000000000142, -6.200000000000000178 ) ) ;
#5092 = VERTEX_POINT ( 'NONE', #1623 ) ;
#5093 = CARTESIAN_POINT ( 'NONE',  ( 24.99999999999999645, 99.36678485964284846, -6.199999999999997513 ) ) ;
#5094 = ORIENTED_EDGE ( 'NONE', *, *, #2947, .F. ) ;
#5095 = CARTESIAN_POINT ( 'NONE',  ( 298.9999823195204840, 96.81184614516486420, -7.872199541276778234 ) ) ;
#5096 = CARTESIAN_POINT ( 'NONE',  ( -1.865888736221547051, 97.19732790143056889, -7.307876503333829099 ) ) ;
#5097 = DIRECTION ( 'NONE',  ( -1.283000413665435261E-16, 1.000000000000000000, 0.000000000000000000 ) ) ;
#5098 = DIRECTION ( 'NONE',  ( 0.000000000000000000, 1.000000000000000000, 0.000000000000000000 ) ) ;
#5099 = ORIENTED_EDGE ( 'NONE', *, *, #58, .T. ) ;
#5100 = ORIENTED_EDGE ( 'NONE', *, *, #3673, .F. ) ;
#5101 = LINE ( 'NONE', #1987, #1414 ) ;
#5102 = AXIS2_PLACEMENT_3D ( 'NONE', #2685, #3730, #5764 ) ;
#5103 = ORIENTED_EDGE ( 'NONE', *, *, #5729, .T. ) ;
#5104 = FACE_BOUND ( 'NONE', #3213, .T. ) ;
#5105 = LINE ( 'NONE', #2556, #4567 ) ;
#5106 = PLANE ( 'NONE',  #1234 ) ;
#5107 = CARTESIAN_POINT ( 'NONE',  ( 326.6999999999999886, 56.75000000000000000, -1.999999999999999556 ) ) ;
#5108 = EDGE_CURVE ( 'NONE', #2694, #4665, #4539, .T. ) ;
#5109 = CIRCLE ( 'NONE', #86, 4.000000000000003553 ) ;
#5110 = ORIENTED_EDGE ( 'NONE', *, *, #2204, .T. ) ;
#5111 = CIRCLE ( 'NONE', #4894, 3.900000000000014566 ) ;
#5112 = ORIENTED_EDGE ( 'NONE', *, *, #2817, .T. ) ;
#5113 = ADVANCED_FACE ( 'NONE', ( #87 ), #2620, .T. ) ;
#5114 = DIRECTION ( 'NONE',  ( -0.000000000000000000, 2.891205793294675861E-16, -1.000000000000000000 ) ) ;
#5115 = FACE_BOUND ( 'NONE', #5260, .T. ) ;
#5116 = CARTESIAN_POINT ( 'NONE',  ( 47.49291338582636968, 53.59291438582643252, 6.301000000000110290 ) ) ;
#5117 = EDGE_LOOP ( 'NONE', ( #1667, #1599, #3531, #6044 ) ) ;
#5118 = EDGE_CURVE ( 'NONE', #6237, #2705, #4767, .T. ) ;
#5119 = ORIENTED_EDGE ( 'NONE', *, *, #1150, .F. ) ;
#5120 = EDGE_CURVE ( 'NONE', #279, #3778, #3761, .T. ) ;
#5121 = DIRECTION ( 'NONE',  ( -1.000000000000000000, -2.775557561562890562E-15, 0.000000000000000000 ) ) ;
#5122 = DIRECTION ( 'NONE',  ( 0.000000000000000000, 0.000000000000000000, 1.000000000000000000 ) ) ;
#5123 = ORIENTED_EDGE ( 'NONE', *, *, #4217, .F. ) ;
#5124 = DIRECTION ( 'NONE',  ( 1.000000000000000000, -0.000000000000000000, -0.000000000000000000 ) ) ;
#5125 = ORIENTED_EDGE ( 'NONE', *, *, #4052, .T. ) ;
#5126 = DIRECTION ( 'NONE',  ( -0.000000000000000000, -0.000000000000000000, 1.000000000000000000 ) ) ;
#5127 = LINE ( 'NONE', #76, #979 ) ;
#5128 = FACE_OUTER_BOUND ( 'NONE', #1767, .T. ) ;
#5129 = DIRECTION ( 'NONE',  ( 1.000000000000000000, 1.283000413665435261E-16, -1.876503760071064077E-16 ) ) ;
#5130 = FACE_OUTER_BOUND ( 'NONE', #653, .T. ) ;
#5131 = ORIENTED_EDGE ( 'NONE', *, *, #179, .F. ) ;
#5132 = ORIENTED_EDGE ( 'NONE', *, *, #1553, .F. ) ;
#5133 = DIRECTION ( 'NONE',  ( -1.000000000000000000, 0.000000000000000000, -8.673617379884036458E-16 ) ) ;
#5134 = ORIENTED_EDGE ( 'NONE', *, *, #6518, .T. ) ;
#5135 = FACE_BOUND ( 'NONE', #2263, .T. ) ;
#5136 = LINE ( 'NONE', #1624, #1140 ) ;
#5137 = VECTOR ( 'NONE', #5627, 1000.000000000000000 ) ;
#5138 = DIRECTION ( 'NONE',  ( -0.000000000000000000, -0.000000000000000000, 1.000000000000000000 ) ) ;
#5139 = CARTESIAN_POINT ( 'NONE',  ( 323.4000000000000341, 56.75000000000000000, -0.9000000000000010214 ) ) ;
#5140 = EDGE_CURVE ( 'NONE', #2891, #4703, #2653, .T. ) ;
#5141 = ORIENTED_EDGE ( 'NONE', *, *, #6130, .T. ) ;
#5142 = CARTESIAN_POINT ( 'NONE',  ( 324.2183430466792515, 97.54534168401339400, -7.524436122152348361 ) ) ;
#5143 = FACE_BOUND ( 'NONE', #3701, .T. ) ;
#5144 = CONICAL_SURFACE ( 'NONE', #5570, 1.749999999999987566, 1.029744258676648094 ) ;
#5145 = VECTOR ( 'NONE', #2790, 1000.000000000000000 ) ;
#5146 = EDGE_CURVE ( 'NONE', #52, #505, #5278, .T. ) ;
#5147 = CARTESIAN_POINT ( 'NONE',  ( 324.5000000000000000, 82.48877974498449817, 31.28450654694646360 ) ) ;
#5148 = ORIENTED_EDGE ( 'NONE', *, *, #256, .F. ) ;
#5149 = VECTOR ( 'NONE', #6369, 1000.000000000000000 ) ;
#5150 = AXIS2_PLACEMENT_3D ( 'NONE', #2023, #4099, #1992 ) ;
#5151 = ORIENTED_EDGE ( 'NONE', *, *, #6538, .F. ) ;
#5152 = LINE ( 'NONE', #574, #4301 ) ;
#5153 = ORIENTED_EDGE ( 'NONE', *, *, #4124, .T. ) ;
#5154 = FACE_OUTER_BOUND ( 'NONE', #673, .T. ) ;
#5155 = PRODUCT_DEFINITION_FORMATION_WITH_SPECIFIED_SOURCE ( 'ANY', '', #4049, .NOT_KNOWN. ) ;
#5156 = ORIENTED_EDGE ( 'NONE', *, *, #6457, .T. ) ;
#5157 = AXIS2_PLACEMENT_3D ( 'NONE', #1007, #913, #2034 ) ;
#5158 = FACE_OUTER_BOUND ( 'NONE', #3787, .T. ) ;
#5159 = CARTESIAN_POINT ( 'NONE',  ( 53.49291338582637678, 60.89291438582645100, -2.500000000000000000 ) ) ;
#5160 = CARTESIAN_POINT ( 'NONE',  ( 324.5000000000000000, 56.75000000000002132, 6.299999999999999822 ) ) ;
#5161 = DIRECTION ( 'NONE',  ( 1.222859769274868068E-16, -1.000000000000000000, 0.000000000000000000 ) ) ;
#5162 = CARTESIAN_POINT ( 'NONE',  ( 104.4025723340542413, -0.07692307692307338851, -8.701999999999998181 ) ) ;
#5163 = VERTEX_POINT ( 'NONE', #219 ) ;
#5164 = ORIENTED_EDGE ( 'NONE', *, *, #2317, .T. ) ;
#5165 = CARTESIAN_POINT ( 'NONE',  ( -2.827095537625872623, 97.10561957632501162, -7.887700777644382377 ) ) ;
#5166 = ORIENTED_EDGE ( 'NONE', *, *, #965, .T. ) ;
#5167 = CARTESIAN_POINT ( 'NONE',  ( 212.3466880685409990, 114.5000000000000284, -1.000000000000000000 ) ) ;
#5168 = CARTESIAN_POINT ( 'NONE',  ( -1.999999999999993561, 56.75000000000002132, -2.500000000000003553 ) ) ;
#5169 = CARTESIAN_POINT ( 'NONE',  ( -2.000000000000001776, -1.999999999999960920, -2.500000000000000000 ) ) ;
#5170 = CARTESIAN_POINT ( 'NONE',  ( -1.999999999999993561, 56.75000000000002132, -2.500000000000000000 ) ) ;
#5171 = CIRCLE ( 'NONE', #6031, 2.500000000000002220 ) ;
#5172 = AXIS2_PLACEMENT_3D ( 'NONE', #494, #2020, #4061 ) ;
#5173 = ORIENTED_EDGE ( 'NONE', *, *, #902, .T. ) ;
#5174 = CARTESIAN_POINT ( 'NONE',  ( 324.2329193740557685, 97.52192630227298764, -7.520505448835091755 ) ) ;
#5175 = DIRECTION ( 'NONE',  ( 0.000000000000000000, 0.9986107771491159468, -0.05269265377297461389 ) ) ;
#5176 = CIRCLE ( 'NONE', #4066, 4.000000000000003553 ) ;
#5177 = CARTESIAN_POINT ( 'NONE',  ( 106.0000000000000142, 116.6000000000000085, -8.699999999999931788 ) ) ;
#5178 = VERTEX_POINT ( 'NONE', #3729 ) ;
#5179 = ORIENTED_EDGE ( 'NONE', *, *, #5118, .T. ) ;
#5180 = AXIS2_PLACEMENT_3D ( 'NONE', #1397, #5475, #400 ) ;
#5181 = DIRECTION ( 'NONE',  ( -1.000000000000000000, -0.000000000000000000, -0.000000000000000000 ) ) ;
#5182 = DIRECTION ( 'NONE',  ( -1.000000000000000000, 0.000000000000000000, 0.000000000000000000 ) ) ;
#5183 = ORIENTED_EDGE ( 'NONE', *, *, #4617, .F. ) ;
#5184 = LINE ( 'NONE', #6065, #2964 ) ;
#5185 = ORIENTED_EDGE ( 'NONE', *, *, #2457, .T. ) ;
#5186 = ADVANCED_FACE ( 'NONE', ( #5733 ), #4293, .F. ) ;
#5187 = ORIENTED_EDGE ( 'NONE', *, *, #3429, .F. ) ;
#5188 = FACE_OUTER_BOUND ( 'NONE', #6579, .T. ) ;
#5189 = CARTESIAN_POINT ( 'NONE',  ( -1.000000000000000000, -1.000000000000000000, 6.299999999999999822 ) ) ;
#5190 = FACE_OUTER_BOUND ( 'NONE', #4993, .T. ) ;
#5191 = DIRECTION ( 'NONE',  ( 1.000000000000000000, -0.000000000000000000, -0.000000000000000000 ) ) ;
#5192 = DIRECTION ( 'NONE',  ( 0.000000000000000000, -1.000000000000000000, 0.000000000000000000 ) ) ;
#5193 = ORIENTED_EDGE ( 'NONE', *, *, #747, .T. ) ;
#5194 = ORIENTED_EDGE ( 'NONE', *, *, #3305, .F. ) ;
#5195 = EDGE_LOOP ( 'NONE', ( #6452, #3382, #1563, #6418, #38, #3507 ) ) ;
#5196 = EDGE_CURVE ( 'NONE', #2194, #3101, #1849, .T. ) ;
#5197 = EDGE_CURVE ( 'NONE', #3871, #3955, #1883, .T. ) ;
#5198 = CARTESIAN_POINT ( 'NONE',  ( -0.9999999999999981126, 99.36678485964284846, -6.199999999999997513 ) ) ;
#5199 = CARTESIAN_POINT ( 'NONE',  ( 22.16262870361784465, 98.04682317095999622, -7.523670135204783449 ) ) ;
#5200 = EDGE_CURVE ( 'NONE', #703, #6421, #2288, .T. ) ;
#5201 = CARTESIAN_POINT ( 'NONE',  ( 212.3466880685409990, -0.9999999999999740208, -1.000000000000000000 ) ) ;
#5202 = CARTESIAN_POINT ( 'NONE',  ( 299.5064110405755287, 96.71049734345307058, -7.384241443764836710 ) ) ;
#5203 = CIRCLE ( 'NONE', #3168, 1.099999999999989875 ) ;
#5204 = VERTEX_POINT ( 'NONE', #4830 ) ;
#5205 = VECTOR ( 'NONE', #2913, 1000.000000000000000 ) ;
#5206 = CARTESIAN_POINT ( 'NONE',  ( 324.5000000000000000, 94.78533450744475886, -2.500000000000002220 ) ) ;
#5207 = CARTESIAN_POINT ( 'NONE',  ( -0.5000000000000004441, 99.03767606109998667, -7.989647587904847192 ) ) ;
#5208 = AXIS2_PLACEMENT_3D ( 'NONE', #2979, #4994, #3986 ) ;
#5209 = CARTESIAN_POINT ( 'NONE',  ( 299.8073388665878838, 97.59055061008091059, -7.532030307877660036 ) ) ;
#5210 = AXIS2_PLACEMENT_3D ( 'NONE', #1757, #6373, #4870 ) ;
#5211 = CARTESIAN_POINT ( 'NONE',  ( -1.999999999999985345, 115.5000000000000000, -8.699999999999935341 ) ) ;
#5212 = ORIENTED_EDGE ( 'NONE', *, *, #3592, .F. ) ;
#5213 = ORIENTED_EDGE ( 'NONE', *, *, #1040, .F. ) ;
#5214 = EDGE_CURVE ( 'NONE', #28, #397, #6351, .T. ) ;
#5215 = FACE_OUTER_BOUND ( 'NONE', #5456, .T. ) ;
#5216 = VERTEX_POINT ( 'NONE', #6471 ) ;
#5217 = DIRECTION ( 'NONE',  ( 0.000000000000000000, 0.000000000000000000, -1.000000000000000000 ) ) ;
#5218 = ORIENTED_EDGE ( 'NONE', *, *, #4336, .F. ) ;
#5219 = AXIS2_PLACEMENT_3D ( 'NONE', #1336, #5409, #366 ) ;
#5220 = ORIENTED_EDGE ( 'NONE', *, *, #2658, .F. ) ;
#5221 = CARTESIAN_POINT ( 'NONE',  ( 22.56532884441943665, 98.77379567725661502, -7.975723686799917722 ) ) ;
#5222 = PLANE ( 'NONE',  #3431 ) ;
#5223 = DIRECTION ( 'NONE',  ( -1.000000000000000000, 0.000000000000000000, 0.000000000000000000 ) ) ;
#5224 = CYLINDRICAL_SURFACE ( 'NONE', #3354, 2.200000000000007283 ) ;
#5225 = CARTESIAN_POINT ( 'NONE',  ( -5.000000000000000000, 94.80613420518679391, -3.000000000000007994 ) ) ;
#5226 = ORIENTED_EDGE ( 'NONE', *, *, #6529, .F. ) ;
#5227 = ORIENTED_EDGE ( 'NONE', *, *, #6380, .T. ) ;
#5228 = EDGE_CURVE ( 'NONE', #6364, #2879, #2379, .T. ) ;
#5229 = ORIENTED_EDGE ( 'NONE', *, *, #2687, .F. ) ;
#5230 = LINE ( 'NONE', #656, #1576 ) ;
#5231 = LINE ( 'NONE', #2114, #375 ) ;
#5232 = LINE ( 'NONE', #4831, #1782 ) ;
#5233 = DIRECTION ( 'NONE',  ( 0.000000000000000000, 1.000000000000000000, 0.000000000000000000 ) ) ;
#5234 = ADVANCED_FACE ( 'NONE', ( #2809 ), #1119, .T. ) ;
#5235 = EDGE_CURVE ( 'NONE', #2880, #5526, #3378, .T. ) ;
#5236 = ORIENTED_EDGE ( 'NONE', *, *, #1430, .T. ) ;
#5237 = CYLINDRICAL_SURFACE ( 'NONE', #2168, 1.100000000000003642 ) ;
#5238 = CARTESIAN_POINT ( 'NONE',  ( 47.49291338582636968, 53.59291438582643252, -1.999999999999980904 ) ) ;
#5239 = CARTESIAN_POINT ( 'NONE',  ( 214.3000000000000114, -1.999999999999988010, -2.500000000000000000 ) ) ;
#5240 = CIRCLE ( 'NONE', #4277, 1.750000000000001554 ) ;
#5241 = LINE ( 'NONE', #3637, #6550 ) ;
#5242 = ORIENTED_EDGE ( 'NONE', *, *, #5228, .T. ) ;
#5243 = VERTEX_POINT ( 'NONE', #4861 ) ;
#5244 = AXIS2_PLACEMENT_3D ( 'NONE', #2488, #6575, #4629 ) ;
#5245 = VECTOR ( 'NONE', #3444, 1000.000000000000000 ) ;
#5246 = CARTESIAN_POINT ( 'NONE',  ( 216.5000000000000568, -2.000000000000001332, 6.299999999999999822 ) ) ;
#5247 = VERTEX_POINT ( 'NONE', #5430 ) ;
#5248 = VECTOR ( 'NONE', #3696, 1000.000000000000000 ) ;
#5249 = VECTOR ( 'NONE', #4833, 1000.000000000000000 ) ;
#5250 = CARTESIAN_POINT ( 'NONE',  ( 0.5000000000000073275, 56.75000000000000000, -1.000000000000000000 ) ) ;
#5251 = AXIS2_PLACEMENT_3D ( 'NONE', #1083, #4537, #1519 ) ;
#5252 = VERTEX_POINT ( 'NONE', #6399 ) ;
#5253 = ORIENTED_EDGE ( 'NONE', *, *, #2360, .T. ) ;
#5254 = CARTESIAN_POINT ( 'NONE',  ( 22.27460019950009951, 98.90445734117184884, -7.982618174598001382 ) ) ;
#5255 = CARTESIAN_POINT ( 'NONE',  ( -5.000000000000000000, 94.80613420518679391, -4.750000000000002665 ) ) ;
#5256 = CARTESIAN_POINT ( 'NONE',  ( -5.000000000000000000, 94.80613420518679391, -4.750000000000002665 ) ) ;
#5257 = EDGE_CURVE ( 'NONE', #4028, #1863, #887, .T. ) ;
#5258 = CARTESIAN_POINT ( 'NONE',  ( 53.49291338582637678, 60.89291438582645100, -2.500000000000000000 ) ) ;
#5259 = DIRECTION ( 'NONE',  ( -1.000000000000000000, 0.000000000000000000, 0.000000000000000000 ) ) ;
#5260 = EDGE_LOOP ( 'NONE', ( #4458, #5647 ) ) ;
#5261 = EDGE_LOOP ( 'NONE', ( #6042, #2825, #5087, #6594 ) ) ;
#5262 = VERTEX_POINT ( 'NONE', #1917 ) ;
#5263 = CARTESIAN_POINT ( 'NONE',  ( 324.5000000000000000, 82.99999999999998579, 31.47057550292607786 ) ) ;
#5264 = CARTESIAN_POINT ( 'NONE',  ( 106.0000000000000000, -1.999999999999974021, -2.500000000000003553 ) ) ;
#5265 = CARTESIAN_POINT ( 'NONE',  ( 22.98759522293393331, 96.69444290147335153, -7.180125906259316793 ) ) ;
#5266 = FACE_OUTER_BOUND ( 'NONE', #180, .T. ) ;
#5267 = DIRECTION ( 'NONE',  ( -0.7701378293317915347, 0.1726211716431530485, 0.6140762614958026333 ) ) ;
#5268 = EDGE_CURVE ( 'NONE', #128, #572, #3718, .T. ) ;
#5269 = CIRCLE ( 'NONE', #6146, 4.000000000000003553 ) ;
#5270 = ORIENTED_EDGE ( 'NONE', *, *, #2651, .T. ) ;
#5271 = DIRECTION ( 'NONE',  ( -1.000000000000000000, -1.252131230780251545E-16, 0.000000000000000000 ) ) ;
#5272 = CARTESIAN_POINT ( 'NONE',  ( -1.999999999999985345, 115.5000000000000000, -8.699999999999935341 ) ) ;
#5273 = DIRECTION ( 'NONE',  ( 1.000000000000000000, -0.000000000000000000, -0.000000000000000000 ) ) ;
#5274 = AXIS2_PLACEMENT_3D ( 'NONE', #6011, #4331, #6519 ) ;
#5275 = EDGE_LOOP ( 'NONE', ( #479, #2087, #1988, #330, #6203, #1390, #4080, #2936, #5551, #2366, #2445, #5022, #1439, #5315, #5368, #4696 ) ) ;
#5276 = EDGE_CURVE ( 'NONE', #5400, #905, #5176, .T. ) ;
#5277 = EDGE_LOOP ( 'NONE', ( #6128, #3368, #4307, #1731 ) ) ;
#5278 = CIRCLE ( 'NONE', #4104, 2.199999999999993516 ) ;
#5279 = ADVANCED_FACE ( 'NONE', ( #390 ), #3345, .F. ) ;
#5280 = EDGE_CURVE ( 'NONE', #5818, #6591, #4396, .T. ) ;
#5281 = FACE_OUTER_BOUND ( 'NONE', #3456, .T. ) ;
#5282 = VERTEX_POINT ( 'NONE', #5333 ) ;
#5283 = DIRECTION ( 'NONE',  ( 0.000000000000000000, -0.000000000000000000, 1.000000000000000000 ) ) ;
#5284 = CARTESIAN_POINT ( 'NONE',  ( 324.0059710813360994, 98.42374416932293002, -7.957252883828100920 ) ) ;
#5285 = ORIENTED_EDGE ( 'NONE', *, *, #1482, .T. ) ;
#5286 = VECTOR ( 'NONE', #276, 1000.000000000000000 ) ;
#5287 = AXIS2_PLACEMENT_3D ( 'NONE', #2756, #5181, #1538 ) ;
#5288 = ORIENTED_EDGE ( 'NONE', *, *, #3559, .F. ) ;
#5289 = EDGE_CURVE ( 'NONE', #6300, #2342, #5240, .T. ) ;
#5290 = DIRECTION ( 'NONE',  ( -1.000000000000000000, 0.000000000000000000, 0.000000000000000000 ) ) ;
#5291 = CARTESIAN_POINT ( 'NONE',  ( 7.492913385826667216, 118.5000000000000142, 5.647480314960910519 ) ) ;
#5292 = CARTESIAN_POINT ( 'NONE',  ( 322.5769230769230944, 58.34742766594584396, 6.299999999999999822 ) ) ;
#5293 = CARTESIAN_POINT ( 'NONE',  ( 324.5000000000000000, -1.999999999999960476, -1.000000000000000000 ) ) ;
#5294 = ORIENTED_EDGE ( 'NONE', *, *, #4130, .T. ) ;
#5295 = VECTOR ( 'NONE', #2686, 1000.000000000000000 ) ;
#5296 = CARTESIAN_POINT ( 'NONE',  ( 324.5000000000000000, 96.55345447274405046, -7.357869679546609198 ) ) ;
#5297 = VECTOR ( 'NONE', #758, 1000.000000000000000 ) ;
#5298 = ORIENTED_EDGE ( 'NONE', *, *, #4551, .T. ) ;
#5299 = FACE_OUTER_BOUND ( 'NONE', #606, .T. ) ;
#5300 = CARTESIAN_POINT ( 'NONE',  ( -1.999999999999984901, 113.3000000000000114, -8.199999999999935341 ) ) ;
#5301 = CARTESIAN_POINT ( 'NONE',  ( 106.0000000000000000, -1.999999999999974021, -2.500000000000000000 ) ) ;
#5302 = DIRECTION ( 'NONE',  ( 1.000000000000000000, 0.000000000000000000, 0.000000000000000000 ) ) ;
#5303 = CYLINDRICAL_SURFACE ( 'NONE', #5645, 2.399999999999999467 ) ;
#5304 = AXIS2_PLACEMENT_3D ( 'NONE', #4461, #6498, #5089 ) ;
#5305 = ADVANCED_FACE ( 'NONE', ( #5836 ), #3413, .T. ) ;
#5306 = CARTESIAN_POINT ( 'NONE',  ( 324.4849908115181165, 96.79377021353761279, -7.398223928684525497 ) ) ;
#5307 = CARTESIAN_POINT ( 'NONE',  ( -2.903983146785582559, 96.42931646431688364, -7.852014996415015879 ) ) ;
#5308 = CARTESIAN_POINT ( 'NONE',  ( 323.0000000000000000, 98.25363967881254723, -7.643383541865993003 ) ) ;
#5309 = ORIENTED_EDGE ( 'NONE', *, *, #1970, .T. ) ;
#5310 = EDGE_CURVE ( 'NONE', #4695, #3238, #2914, .T. ) ;
#5311 = CONICAL_SURFACE ( 'NONE', #5414, 2.200000000000007283, 0.7853981633974569387 ) ;
#5312 = VERTEX_POINT ( 'NONE', #2282 ) ;
#5313 = AXIS2_PLACEMENT_3D ( 'NONE', #5263, #2747, #119 ) ;
#5314 = CARTESIAN_POINT ( 'NONE',  ( 22.97707241301471726, 96.26893239943544245, -5.724752532401119254 ) ) ;
#5315 = ORIENTED_EDGE ( 'NONE', *, *, #1097, .T. ) ;
#5316 = ADVANCED_FACE ( 'NONE', ( #1785 ), #2466, .T. ) ;
#5317 = CIRCLE ( 'NONE', #631, 1.749999999999987566 ) ;
#5318 = LINE ( 'NONE', #1802, #669 ) ;
#5319 = ORIENTED_EDGE ( 'NONE', *, *, #1813, .T. ) ;
#5320 = ADVANCED_FACE ( 'NONE', ( #5128 ), #1451, .F. ) ;
#5321 = EDGE_CURVE ( 'NONE', #5092, #512, #2012, .T. ) ;
#5322 = ORIENTED_EDGE ( 'NONE', *, *, #4904, .F. ) ;
#5323 = VECTOR ( 'NONE', #2371, 1000.000000000000000 ) ;
#5324 = ADVANCED_FACE ( 'NONE', ( #3518 ), #3584, .F. ) ;
#5325 = CARTESIAN_POINT ( 'NONE',  ( 22.25172555477765002, 97.99423064245634407, -7.510314008851737277 ) ) ;
#5326 = DIRECTION ( 'NONE',  ( -0.000000000000000000, 0.000000000000000000, -1.000000000000000000 ) ) ;
#5327 = CARTESIAN_POINT ( 'NONE',  ( -1.976111097302365449, 96.27155470338151133, -5.720388460257553653 ) ) ;
#5328 = LINE ( 'NONE', #4854, #5286 ) ;
#5329 = CARTESIAN_POINT ( 'NONE',  ( 324.5000000000000000, 115.5000000000000000, -8.699999999999931788 ) ) ;
#5330 = ORIENTED_EDGE ( 'NONE', *, *, #5235, .F. ) ;
#5331 = ORIENTED_EDGE ( 'NONE', *, *, #9, .F. ) ;
#5332 = DIRECTION ( 'NONE',  ( 1.000000000000000000, 1.283000413665435261E-16, -1.858632295689435609E-16 ) ) ;
#5333 = CARTESIAN_POINT ( 'NONE',  ( 214.9025723340542413, 113.5769230769231228, -6.200000000000000178 ) ) ;
#5334 = CARTESIAN_POINT ( 'NONE',  ( 22.46903686386446708, 97.81070571963397242, -7.463687349855616660 ) ) ;
#5335 = LINE ( 'NONE', #2418, #5249 ) ;
#5336 = FACE_OUTER_BOUND ( 'NONE', #4485, .T. ) ;
#5337 = ADVANCED_FACE ( 'NONE', ( #3988 ), #948, .F. ) ;
#5338 = LINE ( 'NONE', #2787, #2595 ) ;
#5339 = DIRECTION ( 'NONE',  ( 0.000000000000000000, 0.000000000000000000, 1.000000000000000000 ) ) ;
#5340 = CARTESIAN_POINT ( 'NONE',  ( -4.500000000000055067, -2.000000000000000444, -2.500000000000000000 ) ) ;
#5341 = CARTESIAN_POINT ( 'NONE',  ( 300.3352726832516737, 98.08163673667341698, -7.614498909671218563 ) ) ;
#5342 = EDGE_CURVE ( 'NONE', #3101, #1957, #3483, .T. ) ;
#5343 =( NAMED_UNIT ( * ) PLANE_ANGLE_UNIT ( ) SI_UNIT ( $, .RADIAN. ) );
#5344 = AXIS2_PLACEMENT_3D ( 'NONE', #3043, #3544, #6564 ) ;
#5345 = ADVANCED_FACE ( 'NONE', ( #5562 ), #981, .F. ) ;
#5346 = ORIENTED_EDGE ( 'NONE', *, *, #3934, .T. ) ;
#5347 = CIRCLE ( 'NONE', #4174, 2.199999999999993516 ) ;
#5348 = CARTESIAN_POINT ( 'NONE',  ( 110.1533119314590010, -0.9999999999999863443, 6.299999999999999822 ) ) ;
#5349 = VERTEX_POINT ( 'NONE', #5062 ) ;
#5350 = CARTESIAN_POINT ( 'NONE',  ( -1.999999999999999112, 82.99999999999998579, -2.500000000000002220 ) ) ;
#5351 = ORIENTED_EDGE ( 'NONE', *, *, #1350, .T. ) ;
#5352 = ORIENTED_EDGE ( 'NONE', *, *, #2998, .F. ) ;
#5353 = EDGE_CURVE ( 'NONE', #1661, #4122, #2249, .T. ) ;
#5354 = CARTESIAN_POINT ( 'NONE',  ( 301.0000000000000000, 98.25363967881312988, -7.643383541867599718 ) ) ;
#5355 = LINE ( 'NONE', #744, #2770 ) ;
#5356 = CARTESIAN_POINT ( 'NONE',  ( 324.5000000000000000, 115.5000000000000000, -8.199999999999935341 ) ) ;
#5357 = CARTESIAN_POINT ( 'NONE',  ( 324.5000000000000000, 113.3000000000000256, -8.199999999999935341 ) ) ;
#5358 = AXIS2_PLACEMENT_3D ( 'NONE', #5496, #1041, #4491 ) ;
#5359 = CARTESIAN_POINT ( 'NONE',  ( 322.3000000000000114, 56.75000000000000000, -2.500000000000000000 ) ) ;
#5360 = VERTEX_POINT ( 'NONE', #1982 ) ;
#5361 = VECTOR ( 'NONE', #4662, 1000.000000000000000 ) ;
#5362 = ORIENTED_EDGE ( 'NONE', *, *, #4628, .T. ) ;
#5363 = CIRCLE ( 'NONE', #1947, 2.199999999999993516 ) ;
#5364 = CARTESIAN_POINT ( 'NONE',  ( -4.199999999999993960, 56.75000000000002132, -2.500000000000000000 ) ) ;
#5365 = DIRECTION ( 'NONE',  ( 1.000000000000000000, 0.000000000000000000, 0.000000000000000000 ) ) ;
#5366 = CARTESIAN_POINT ( 'NONE',  ( 22.84930097042754582, 97.23718362736322263, -7.317992586922873244 ) ) ;
#5367 = DIRECTION ( 'NONE',  ( 0.000000000000000000, 0.000000000000000000, -1.000000000000000000 ) ) ;
#5368 = ORIENTED_EDGE ( 'NONE', *, *, #3311, .T. ) ;
#5369 = LINE ( 'NONE', #5904, #3941 ) ;
#5370 = CARTESIAN_POINT ( 'NONE',  ( 218.0974276659458155, -0.07692307692306210587, 6.299999999999999822 ) ) ;
#5371 = AXIS2_PLACEMENT_3D ( 'NONE', #4878, #1306, #2731 ) ;
#5372 = EDGE_CURVE ( 'NONE', #1022, #2569, #2566, .T. ) ;
#5373 = PLANE ( 'NONE',  #6136 ) ;
#5374 = CARTESIAN_POINT ( 'NONE',  ( -2.000000000000001776, -1.999999999999960920, -2.500000000000000000 ) ) ;
#5375 = LINE ( 'NONE', #3463, #3791 ) ;
#5376 = CARTESIAN_POINT ( 'NONE',  ( 0.000000000000000000, 83.00000000000000000, -6.643404255319152796 ) ) ;
#5377 = ORIENTED_EDGE ( 'NONE', *, *, #3806, .T. ) ;
#5378 = LINE ( 'NONE', #835, #5489 ) ;
#5379 = AXIS2_PLACEMENT_3D ( 'NONE', #437, #5879, #4415 ) ;
#5380 = CARTESIAN_POINT ( 'NONE',  ( -2.301327715595189449, 96.45497688539126102, -7.365708629278531205 ) ) ;
#5381 = ORIENTED_EDGE ( 'NONE', *, *, #256, .T. ) ;
#5382 = CARTESIAN_POINT ( 'NONE',  ( 324.5000000000000000, 115.5000000000000426, 6.299999999999999822 ) ) ;
#5383 = ORIENTED_EDGE ( 'NONE', *, *, #6255, .T. ) ;
#5384 = ORIENTED_EDGE ( 'NONE', *, *, #2455, .T. ) ;
#5385 = CARTESIAN_POINT ( 'NONE',  ( 299.5000000000000000, 94.97012234149306664, -3.007700401437586546 ) ) ;
#5386 = CARTESIAN_POINT ( 'NONE',  ( 216.5000000000000284, -1.999999999999988010, -0.9000000000000010214 ) ) ;
#5387 = LINE ( 'NONE', #6331, #5032 ) ;
#5388 = CARTESIAN_POINT ( 'NONE',  ( -1.000000000000000000, 52.59668806854095635, -1.000000000000000000 ) ) ;
#5389 = LINE ( 'NONE', #2837, #452 ) ;
#5390 = ORIENTED_EDGE ( 'NONE', *, *, #1967, .F. ) ;
#5391 = EDGE_CURVE ( 'NONE', #4150, #6350, #5747, .T. ) ;
#5392 = AXIS2_PLACEMENT_3D ( 'NONE', #3585, #2173, #6360 ) ;
#5393 = EDGE_CURVE ( 'NONE', #1854, #5247, #4606, .T. ) ;
#5394 = DIRECTION ( 'NONE',  ( 0.000000000000000000, 0.7071067811865469066, -0.7071067811865482389 ) ) ;
#5395 = LINE ( 'NONE', #6507, #5205 ) ;
#5396 = VECTOR ( 'NONE', #4146, 1000.000000000000000 ) ;
#5397 = CARTESIAN_POINT ( 'NONE',  ( 23.00000000000000355, 95.72040586695536035, -2.500000000000000000 ) ) ;
#5398 = FACE_OUTER_BOUND ( 'NONE', #2681, .T. ) ;
#5399 = CARTESIAN_POINT ( 'NONE',  ( 14.49291338582666633, 118.0000000000000711, 5.147480314961017100 ) ) ;
#5400 = VERTEX_POINT ( 'NONE', #5655 ) ;
#5401 = CARTESIAN_POINT ( 'NONE',  ( 326.6999999999999886, -2.000000000000001332, -2.500000000000000000 ) ) ;
#5402 = DIRECTION ( 'NONE',  ( 0.000000000000000000, 0.000000000000000000, -1.000000000000000000 ) ) ;
#5403 = EDGE_CURVE ( 'NONE', #2475, #6350, #4725, .T. ) ;
#5404 = EDGE_CURVE ( 'NONE', #3613, #4729, #332, .T. ) ;
#5405 = DIRECTION ( 'NONE',  ( 0.000000000000000000, 1.000000000000000000, 0.000000000000000000 ) ) ;
#5406 = DIRECTION ( 'NONE',  ( -1.000000000000000000, -1.283000413665435261E-16, -0.000000000000000000 ) ) ;
#5407 = FACE_OUTER_BOUND ( 'NONE', #2047, .T. ) ;
#5408 = DIRECTION ( 'NONE',  ( 0.000000000000000000, -0.7071067811865422437, 0.7071067811865526798 ) ) ;
#5409 = DIRECTION ( 'NONE',  ( 0.000000000000000000, 0.000000000000000000, -1.000000000000000000 ) ) ;
#5410 = VERTEX_POINT ( 'NONE', #4221 ) ;
#5411 = CARTESIAN_POINT ( 'NONE',  ( 324.5000000000000000, 117.6999999999999886, -8.699999999999931788 ) ) ;
#5412 = CARTESIAN_POINT ( 'NONE',  ( 22.64083926400647684, 96.31342474941274645, -3.845615162119635055 ) ) ;
#5413 = ORIENTED_EDGE ( 'NONE', *, *, #1040, .T. ) ;
#5414 = AXIS2_PLACEMENT_3D ( 'NONE', #5802, #1220, #6001 ) ;
#5415 = CYLINDRICAL_SURFACE ( 'NONE', #6218, 1.749999999999994671 ) ;
#5416 = ORIENTED_EDGE ( 'NONE', *, *, #2071, .F. ) ;
#5417 = ADVANCED_FACE ( 'NONE', ( #5190 ), #3748, .F. ) ;
#5418 = ORIENTED_EDGE ( 'NONE', *, *, #3550, .F. ) ;
#5419 = VECTOR ( 'NONE', #916, 1000.000000000000227 ) ;
#5420 = DIRECTION ( 'NONE',  ( -1.000000000000000000, 0.000000000000000000, 0.000000000000000000 ) ) ;
#5421 = CARTESIAN_POINT ( 'NONE',  ( -4.500000000000055067, 0.000000000000000000, -2.500000000000000000 ) ) ;
#5422 = CARTESIAN_POINT ( 'NONE',  ( -1.617924704911777090, 96.50797264960591804, -4.308747757692055202 ) ) ;
#5423 = CARTESIAN_POINT ( 'NONE',  ( -1.000000000000000000, 115.1000000000000085, -1.000000000000000000 ) ) ;
#5424 = AXIS2_PLACEMENT_3D ( 'NONE', #3375, #6536, #5394 ) ;
#5425 = CARTESIAN_POINT ( 'NONE',  ( -1.999999999999985345, 117.7000000000000028, -8.699999999999931788 ) ) ;
#5426 = ORIENTED_EDGE ( 'NONE', *, *, #6514, .F. ) ;
#5427 = DIRECTION ( 'NONE',  ( 0.000000000000000000, -0.7071067811865401342, -0.7071067811865549002 ) ) ;
#5428 = VECTOR ( 'NONE', #3067, 1000.000000000000000 ) ;
#5429 = PLANE ( 'NONE',  #4242 ) ;
#5430 = CARTESIAN_POINT ( 'NONE',  ( 53.49291338582637678, 60.39291438582644389, -1.000000000000000000 ) ) ;
#5431 = LINE ( 'NONE', #319, #2531 ) ;
#5432 = CARTESIAN_POINT ( 'NONE',  ( 297.5000000000000000, 95.36678485964283425, -39.80080654514615901 ) ) ;
#5433 = ORIENTED_EDGE ( 'NONE', *, *, #2622, .T. ) ;
#5434 = EDGE_CURVE ( 'NONE', #1422, #3663, #4660, .T. ) ;
#5435 = ORIENTED_EDGE ( 'NONE', *, *, #6105, .T. ) ;
#5436 = CARTESIAN_POINT ( 'NONE',  ( 299.7088559571171231, 97.41958905451498651, -7.503313761167570206 ) ) ;
#5437 = ORIENTED_EDGE ( 'NONE', *, *, #2221, .T. ) ;
#5438 = PLANE ( 'NONE',  #5274 ) ;
#5439 = DIRECTION ( 'NONE',  ( -9.414747600456603028E-17, 0.9986107771491159468, -0.05269265377297461389 ) ) ;
#5440 = CARTESIAN_POINT ( 'NONE',  ( 212.3466880685409990, -0.9999999999999740208, 6.299999999999999822 ) ) ;
#5441 = CARTESIAN_POINT ( 'NONE',  ( 47.49291338582636968, 53.59291438582643252, -1.000000000000000000 ) ) ;
#5442 = ADVANCED_FACE ( 'NONE', ( #6263 ), #2104, .F. ) ;
#5443 = CARTESIAN_POINT ( 'NONE',  ( 47.49291338582636968, 56.99291438582643821, -2.500000000000000000 ) ) ;
#5444 = VERTEX_POINT ( 'NONE', #6296 ) ;
#5445 = CARTESIAN_POINT ( 'NONE',  ( 323.4000000000000341, 56.75000000000000000, 6.299999999999999822 ) ) ;
#5446 = PLANE ( 'NONE',  #5891 ) ;
#5447 = VERTEX_POINT ( 'NONE', #681 ) ;
#5448 = DIRECTION ( 'NONE',  ( -0.000000000000000000, 2.891205793294675861E-16, -1.000000000000000000 ) ) ;
#5449 = ORIENTED_EDGE ( 'NONE', *, *, #4816, .T. ) ;
#5450 = EDGE_LOOP ( 'NONE', ( #3966, #2953, #5929, #4278 ) ) ;
#5451 = FACE_OUTER_BOUND ( 'NONE', #6479, .T. ) ;
#5452 = CARTESIAN_POINT ( 'NONE',  ( -1.999999999999993561, 56.75000000000002132, -1.999999999999999556 ) ) ;
#5453 = FACE_OUTER_BOUND ( 'NONE', #4214, .T. ) ;
#5454 = CARTESIAN_POINT ( 'NONE',  ( 216.5000000000000284, -1.999999999999988010, 6.299999999999999822 ) ) ;
#5455 = CARTESIAN_POINT ( 'NONE',  ( 214.3000000000000114, -1.999999999999988010, -2.500000000000003553 ) ) ;
#5456 = EDGE_LOOP ( 'NONE', ( #2518, #6321, #5418, #3342 ) ) ;
#5457 = DIRECTION ( 'NONE',  ( 0.000000000000000000, 0.000000000000000000, 1.000000000000000000 ) ) ;
#5458 = VECTOR ( 'NONE', #4997, 1000.000000000000000 ) ;
#5459 = ADVANCED_FACE ( 'NONE', ( #4759 ), #183, .F. ) ;
#5460 = DIRECTION ( 'NONE',  ( 1.283000413665435261E-16, -1.000000000000000000, -0.000000000000000000 ) ) ;
#5461 = AXIS2_PLACEMENT_3D ( 'NONE', #2140, #6235, #619 ) ;
#5462 = DIRECTION ( 'NONE',  ( -0.000000000000000000, 0.000000000000000000, 1.000000000000000000 ) ) ;
#5463 = FACE_OUTER_BOUND ( 'NONE', #2091, .T. ) ;
#5464 = AXIS2_PLACEMENT_3D ( 'NONE', #2324, #2356, #433 ) ;
#5465 = CARTESIAN_POINT ( 'NONE',  ( 324.5000000000000000, 56.75000000000000000, -1.999999999999999556 ) ) ;
#5466 = VERTEX_POINT ( 'NONE', #6199 ) ;
#5467 = ORIENTED_EDGE ( 'NONE', *, *, #2901, .T. ) ;
#5468 = CARTESIAN_POINT ( 'NONE',  ( 300.1270962470067047, 97.93637582918121609, -7.590103278447529078 ) ) ;
#5469 = CIRCLE ( 'NONE', #562, 2.200000000000007283 ) ;
#5470 = AXIS2_PLACEMENT_3D ( 'NONE', #4899, #4362, #252 ) ;
#5471 = ORIENTED_EDGE ( 'NONE', *, *, #3835, .F. ) ;
#5472 = CONICAL_SURFACE ( 'NONE', #5578, 2.199999999999993516, 0.7853981633974445042 ) ;
#5473 = CARTESIAN_POINT ( 'NONE',  ( 106.0000000000000000, -1.999999999999974021, -1.999999999999999556 ) ) ;
#5474 = CARTESIAN_POINT ( 'NONE',  ( 299.5000000000000000, 94.80613420518679391, -4.750000000000002665 ) ) ;
#5475 = DIRECTION ( 'NONE',  ( 0.000000000000000000, 0.000000000000000000, 1.000000000000000000 ) ) ;
#5476 = DIRECTION ( 'NONE',  ( 0.000000000000000000, 0.000000000000000000, 1.000000000000000000 ) ) ;
#5477 = ORIENTED_EDGE ( 'NONE', *, *, #1138, .F. ) ;
#5478 = EDGE_CURVE ( 'NONE', #5360, #5466, #15, .T. ) ;
#5479 = CIRCLE ( 'NONE', #766, 3.000000000000002665 ) ;
#5480 = ORIENTED_EDGE ( 'NONE', *, *, #4083, .T. ) ;
#5481 = FACE_OUTER_BOUND ( 'NONE', #2299, .T. ) ;
#5482 = EDGE_LOOP ( 'NONE', ( #1986, #3505, #4160, #3686 ) ) ;
#5483 = CARTESIAN_POINT ( 'NONE',  ( 216.5000000000000568, 115.5000000000000000, -8.699999999999935341 ) ) ;
#5484 = ORIENTED_EDGE ( 'NONE', *, *, #2768, .F. ) ;
#5485 = EDGE_CURVE ( 'NONE', #4122, #4900, #3744, .T. ) ;
#5486 = EDGE_CURVE ( 'NONE', #1770, #3539, #77, .T. ) ;
#5487 = ORIENTED_EDGE ( 'NONE', *, *, #4412, .F. ) ;
#5488 = EDGE_CURVE ( 'NONE', #128, #2475, #2645, .T. ) ;
#5489 = VECTOR ( 'NONE', #4947, 1000.000000000000000 ) ;
#5490 = ADVANCED_FACE ( 'NONE', ( #2835 ), #6392, .F. ) ;
#5491 = CYLINDRICAL_SURFACE ( 'NONE', #2641, 1.099999999999989875 ) ;
#5492 = DIRECTION ( 'NONE',  ( -0.000000000000000000, 0.000000000000000000, 1.000000000000000000 ) ) ;
#5493 = LINE ( 'NONE', #6597, #4398 ) ;
#5494 = CARTESIAN_POINT ( 'NONE',  ( 293.5000000000000000, 95.36678485964283425, -6.200000000000000178 ) ) ;
#5495 = CIRCLE ( 'NONE', #1431, 4.000000000000000000 ) ;
#5496 = CARTESIAN_POINT ( 'NONE',  ( 327.0000000000000568, 0.000000000000000000, -2.500000000000000000 ) ) ;
#5497 = ORIENTED_EDGE ( 'NONE', *, *, #671, .T. ) ;
#5498 = VECTOR ( 'NONE', #1524, 1000.000000000000227 ) ;
#5499 = LINE ( 'NONE', #2446, #6077 ) ;
#5500 = DIRECTION ( 'NONE',  ( 1.000000000000000000, 0.000000000000000000, 0.000000000000000000 ) ) ;
#5501 = CARTESIAN_POINT ( 'NONE',  ( -1.888310619085105779, 97.13385373800858247, -7.291751753424548177 ) ) ;
#5502 = VECTOR ( 'NONE', #2182, 1000.000000000000000 ) ;
#5503 = CARTESIAN_POINT ( 'NONE',  ( 327.5000000000000000, 112.5131823200333230, -8.200000000000043698 ) ) ;
#5504 = CARTESIAN_POINT ( 'NONE',  ( 299.5229275869853609, 95.30014378295743427, -3.063027684403113682 ) ) ;
#5505 = ORIENTED_EDGE ( 'NONE', *, *, #3520, .T. ) ;
#5506 = ORIENTED_EDGE ( 'NONE', *, *, #4271, .F. ) ;
#5507 = CARTESIAN_POINT ( 'NONE',  ( 299.5098940779742520, 96.75084202996600879, -7.391017001264704511 ) ) ;
#5508 = VERTEX_POINT ( 'NONE', #1246 ) ;
#5509 = CARTESIAN_POINT ( 'NONE',  ( 324.5000000000000000, -2.000000000000001776, 6.299999999999999822 ) ) ;
#5510 = PLANE ( 'NONE',  #4361 ) ;
#5511 = CARTESIAN_POINT ( 'NONE',  ( 299.5000000000000000, 94.80613420518679391, -4.750000000000002665 ) ) ;
#5512 = LINE ( 'NONE', #4448, #3428 ) ;
#5513 = AXIS2_PLACEMENT_3D ( 'NONE', #2463, #2557, #4604 ) ;
#5514 = ORIENTED_EDGE ( 'NONE', *, *, #3610, .T. ) ;
#5515 = ORIENTED_EDGE ( 'NONE', *, *, #1036, .F. ) ;
#5516 = CARTESIAN_POINT ( 'NONE',  ( 0.1999999999999987899, -1.999999999999960476, -2.500000000000003553 ) ) ;
#5517 = ADVANCED_FACE ( 'NONE', ( #4888, #5453 ), #846, .T. ) ;
#5518 = DIRECTION ( 'NONE',  ( -0.000000000000000000, -0.000000000000000000, -1.000000000000000000 ) ) ;
#5519 = ORIENTED_EDGE ( 'NONE', *, *, #5686, .F. ) ;
#5520 = ORIENTED_EDGE ( 'NONE', *, *, #4204, .T. ) ;
#5521 = CARTESIAN_POINT ( 'NONE',  ( -1.999999999999984901, 113.3000000000000114, -8.699999999999935341 ) ) ;
#5522 = CARTESIAN_POINT ( 'NONE',  ( 324.5000000000000000, -4.999999999999960032, -1.000000000000000000 ) ) ;
#5523 = DIRECTION ( 'NONE',  ( -1.000000000000000000, 0.000000000000000000, 0.000000000000000000 ) ) ;
#5524 = EDGE_CURVE ( 'NONE', #2732, #6549, #2339, .T. ) ;
#5525 = CARTESIAN_POINT ( 'NONE',  ( 5.992913385826682315, -5.001000000000047407, 1.647480314961017767 ) ) ;
#5526 = VERTEX_POINT ( 'NONE', #878 ) ;
#5527 = ADVANCED_FACE ( 'NONE', ( #4387 ), #1074, .F. ) ;
#5528 = CARTESIAN_POINT ( 'NONE',  ( 299.5000000000000000, 94.80613420518679391, -4.750000000000002665 ) ) ;
#5529 = ADVANCED_FACE ( 'NONE', ( #745 ), #1933, .F. ) ;
#5530 = EDGE_CURVE ( 'NONE', #5648, #3871, #3339, .T. ) ;
#5531 = ADVANCED_FACE ( 'NONE', ( #1808 ), #1501, .F. ) ;
#5532 = CIRCLE ( 'NONE', #2635, 4.000000000000003553 ) ;
#5533 = DIRECTION ( 'NONE',  ( 1.283000413665435261E-16, -1.000000000000000000, -0.000000000000000000 ) ) ;
#5534 = CARTESIAN_POINT ( 'NONE',  ( -1.996840826513678779, 96.58280322987613431, -7.151761074669949814 ) ) ;
#5535 = CARTESIAN_POINT ( 'NONE',  ( 299.5000000000000000, 83.49999999999995737, -2.500000000000002220 ) ) ;
#5536 = DIRECTION ( 'NONE',  ( 0.000000000000000000, 1.000000000000000000, 0.000000000000000000 ) ) ;
#5537 = ORIENTED_EDGE ( 'NONE', *, *, #2455, .F. ) ;
#5538 = VECTOR ( 'NONE', #4906, 1000.000000000000000 ) ;
#5539 = VERTEX_POINT ( 'NONE', #3883 ) ;
#5540 = CARTESIAN_POINT ( 'NONE',  ( -2.586253027056329756, 97.73649684101138746, -7.920989620546983190 ) ) ;
#5541 = AXIS2_PLACEMENT_3D ( 'NONE', #4149, #3048, #1605 ) ;
#5542 = ORIENTED_EDGE ( 'NONE', *, *, #5715, .F. ) ;
#5543 = DIRECTION ( 'NONE',  ( -0.000000000000000000, 2.891205793294675861E-16, -1.000000000000000000 ) ) ;
#5544 = CARTESIAN_POINT ( 'NONE',  ( 323.5000000000000000, -0.9999999999999603650, 6.299999999999999822 ) ) ;
#5545 = DIRECTION ( 'NONE',  ( -0.000000000000000000, -0.000000000000000000, -1.000000000000000000 ) ) ;
#5546 = CARTESIAN_POINT ( 'NONE',  ( -1.999999999999985345, 117.7000000000000028, -8.199999999999935341 ) ) ;
#5547 = EDGE_LOOP ( 'NONE', ( #2897, #3776, #5788, #1673, #535 ) ) ;
#5548 = EDGE_LOOP ( 'NONE', ( #3334, #4227, #1239, #1139 ) ) ;
#5549 = CARTESIAN_POINT ( 'NONE',  ( 324.3493005681211230, 97.29715225088911268, -7.482752569626112127 ) ) ;
#5550 = DIRECTION ( 'NONE',  ( -9.414747600456601795E-17, -0.9986107771491159468, 0.05269265377297461389 ) ) ;
#5551 = ORIENTED_EDGE ( 'NONE', *, *, #2944, .T. ) ;
#5552 = ADVANCED_FACE ( 'NONE', ( #213 ), #4392, .F. ) ;
#5553 = ORIENTED_EDGE ( 'NONE', *, *, #2121, .T. ) ;
#5554 = SURFACE_STYLE_FILL_AREA ( #1473 ) ;
#5555 = DIRECTION ( 'NONE',  ( 1.000000000000000000, 0.000000000000000000, 0.000000000000000000 ) ) ;
#5556 = CARTESIAN_POINT ( 'NONE',  ( 47.49291338582636968, 60.39291438582644389, 6.301000000000110290 ) ) ;
#5557 = DIRECTION ( 'NONE',  ( 2.725784001906749913E-32, 0.000000000000000000, 1.000000000000000000 ) ) ;
#5558 = EDGE_LOOP ( 'NONE', ( #2872, #5078, #1242, #3458, #2573, #4471, #684, #3738, #5519, #1073, #988, #5377, #3947, #1868, #921, #2384, #4558, #4218, #245, #4731, #361, #1337 ) ) ;
#5559 = DIRECTION ( 'NONE',  ( -0.000000000000000000, -0.000000000000000000, -1.000000000000000000 ) ) ;
#5560 = EDGE_CURVE ( 'NONE', #2761, #823, #5347, .T. ) ;
#5561 = CARTESIAN_POINT ( 'NONE',  ( 319.5000000000000000, 99.36678485964284846, -39.80080654514615901 ) ) ;
#5562 = FACE_OUTER_BOUND ( 'NONE', #1403, .T. ) ;
#5563 = PLANE ( 'NONE',  #1533 ) ;
#5564 = DIRECTION ( 'NONE',  ( 0.000000000000000000, 0.000000000000000000, 1.000000000000000000 ) ) ;
#5565 = EDGE_LOOP ( 'NONE', ( #6477, #5437, #4536, #5099, #3437, #5584, #5625, #6316 ) ) ;
#5566 = AXIS2_PLACEMENT_3D ( 'NONE', #3116, #1706, #2074 ) ;
#5567 = EDGE_LOOP ( 'NONE', ( #6106, #5103, #2598, #5758 ) ) ;
#5568 = DIRECTION ( 'NONE',  ( 0.000000000000000000, -0.000000000000000000, -1.000000000000000000 ) ) ;
#5569 = ORIENTED_EDGE ( 'NONE', *, *, #2633, .F. ) ;
#5570 = AXIS2_PLACEMENT_3D ( 'NONE', #815, #244, #4821 ) ;
#5571 = AXIS2_PLACEMENT_3D ( 'NONE', #6522, #3425, #5476 ) ;
#5572 = CARTESIAN_POINT ( 'NONE',  ( 218.0974276659458155, 113.5769230769231228, 6.299999999999999822 ) ) ;
#5573 = CARTESIAN_POINT ( 'NONE',  ( 53.49291338582637678, 53.59291438582643252, -1.999999999999980904 ) ) ;
#5574 = DIRECTION ( 'NONE',  ( 4.361254403050800956E-32, 0.000000000000000000, 1.000000000000000000 ) ) ;
#5575 = DIRECTION ( 'NONE',  ( -0.000000000000000000, -0.000000000000000000, -1.000000000000000000 ) ) ;
#5576 = AXIS2_PLACEMENT_3D ( 'NONE', #4220, #1647, #3617 ) ;
#5577 = EDGE_LOOP ( 'NONE', ( #1243, #1117, #1639, #3743 ) ) ;
#5578 = AXIS2_PLACEMENT_3D ( 'NONE', #1972, #1999, #4042 ) ;
#5579 = EDGE_CURVE ( 'NONE', #1941, #3120, #5387, .T. ) ;
#5580 = ORIENTED_EDGE ( 'NONE', *, *, #5040, .F. ) ;
#5581 = DIRECTION ( 'NONE',  ( -0.000000000000000000, -0.000000000000000000, -1.000000000000000000 ) ) ;
#5582 = CARTESIAN_POINT ( 'NONE',  ( 323.5185658549220307, 98.62773462702513427, -7.968016635638775824 ) ) ;
#5583 = ORIENTED_EDGE ( 'NONE', *, *, #2934, .F. ) ;
#5584 = ORIENTED_EDGE ( 'NONE', *, *, #1575, .T. ) ;
#5585 = DIRECTION ( 'NONE',  ( 0.7071067811865395791, 0.000000000000000000, -0.7071067811865554553 ) ) ;
#5586 = DIRECTION ( 'NONE',  ( -1.000000000000000000, 0.000000000000000000, 0.000000000000000000 ) ) ;
#5587 = CARTESIAN_POINT ( 'NONE',  ( 220.6533119314589726, 114.5000000000000284, 6.299999999999999822 ) ) ;
#5588 = ORIENTED_EDGE ( 'NONE', *, *, #5878, .T. ) ;
#5589 = LINE ( 'NONE', #2638, #1476 ) ;
#5590 = ORIENTED_EDGE ( 'NONE', *, *, #3311, .F. ) ;
#5591 = AXIS2_PLACEMENT_3D ( 'NONE', #5454, #6532, #5523 ) ;
#5592 = EDGE_CURVE ( 'NONE', #1310, #5178, #4737, .T. ) ;
#5593 = DIRECTION ( 'NONE',  ( -0.000000000000000000, -0.000000000000000000, -1.000000000000000000 ) ) ;
#5594 = EDGE_CURVE ( 'NONE', #4615, #1169, #2303, .T. ) ;
#5595 = CARTESIAN_POINT ( 'NONE',  ( -1.894138150545420674, 97.11688832085354761, -7.287440382417035067 ) ) ;
#5596 = LINE ( 'NONE', #982, #5076 ) ;
#5597 = CYLINDRICAL_SURFACE ( 'NONE', #1085, 2.199999999999993516 ) ;
#5598 = ORIENTED_EDGE ( 'NONE', *, *, #1009, .T. ) ;
#5599 = EDGE_CURVE ( 'NONE', #3574, #6288, #5881, .T. ) ;
#5600 = VECTOR ( 'NONE', #1596, 1000.000000000000000 ) ;
#5601 = VERTEX_POINT ( 'NONE', #1006 ) ;
#5602 = CARTESIAN_POINT ( 'NONE',  ( -1.999999999999985345, 115.5000000000000000, -7.099999999999941025 ) ) ;
#5603 = ADVANCED_FACE ( 'NONE', ( #477 ), #3315, .F. ) ;
#5604 = ORIENTED_EDGE ( 'NONE', *, *, #5815, .F. ) ;
#5605 = CIRCLE ( 'NONE', #1116, 2.200000000000007283 ) ;
#5606 = CARTESIAN_POINT ( 'NONE',  ( -1.000000000000000000, 60.90331193145905075, -1.000000000000000000 ) ) ;
#5607 = DIRECTION ( 'NONE',  ( -1.000000000000000000, 0.000000000000000000, 0.000000000000000000 ) ) ;
#5608 = CARTESIAN_POINT ( 'NONE',  ( 352.4716436477942807, 83.52785265049415386, -7.171256905813307547 ) ) ;
#5609 = CARTESIAN_POINT ( 'NONE',  ( 11.73863710018474649, 96.38160116615864581, -2.500000000000002220 ) ) ;
#5610 = ORIENTED_EDGE ( 'NONE', *, *, #6275, .T. ) ;
#5611 = EDGE_CURVE ( 'NONE', #572, #6494, #3477, .T. ) ;
#5612 = AXIS2_PLACEMENT_3D ( 'NONE', #1057, #4128, #1493 ) ;
#5613 = EDGE_CURVE ( 'NONE', #3652, #440, #5036, .T. ) ;
#5614 = ORIENTED_EDGE ( 'NONE', *, *, #285, .T. ) ;
#5615 = CARTESIAN_POINT ( 'NONE',  ( 323.5294814332644933, 98.14513350646733159, -7.625161342560234701 ) ) ;
#5616 = CARTESIAN_POINT ( 'NONE',  ( -1.978263474862296256, 98.51405366683741249, -7.962018150930989080 ) ) ;
#5617 = CIRCLE ( 'NONE', #5513, 4.000000000000003553 ) ;
#5618 = DIRECTION ( 'NONE',  ( 0.000000000000000000, 0.7071067811865421326, -0.7071067811865530128 ) ) ;
#5619 = ORIENTED_EDGE ( 'NONE', *, *, #4333, .F. ) ;
#5620 = EDGE_LOOP ( 'NONE', ( #1817, #5362, #4355, #3695, #2928, #3964 ) ) ;
#5621 = DIRECTION ( 'NONE',  ( -0.7071067811865416886, 0.000000000000000000, 0.7071067811865533459 ) ) ;
#5622 = CARTESIAN_POINT ( 'NONE',  ( 324.5000000000000000, 115.5000000000000426, -8.200000000000043698 ) ) ;
#5623 = EDGE_LOOP ( 'NONE', ( #4590, #1039, #2438, #1165, #3578, #1985 ) ) ;
#5624 = DIRECTION ( 'NONE',  ( -1.000000000000000000, 0.000000000000000000, 0.000000000000000000 ) ) ;
#5625 = ORIENTED_EDGE ( 'NONE', *, *, #5898, .T. ) ;
#5626 = DIRECTION ( 'NONE',  ( -1.000000000000000000, 0.000000000000000000, 0.000000000000000000 ) ) ;
#5627 = DIRECTION ( 'NONE',  ( -0.000000000000000000, 2.891205793294675861E-16, -1.000000000000000000 ) ) ;
#5628 = DIRECTION ( 'NONE',  ( 1.000000000000000000, 1.222859769274868068E-16, 0.000000000000000000 ) ) ;
#5629 = CARTESIAN_POINT ( 'NONE',  ( 299.5238889026975926, 96.27155470338148291, -5.720388460257551877 ) ) ;
#5630 = ORIENTED_EDGE ( 'NONE', *, *, #1710, .T. ) ;
#5631 = ORIENTED_EDGE ( 'NONE', *, *, #4339, .T. ) ;
#5632 = CARTESIAN_POINT ( 'NONE',  ( 324.5000000000000000, 117.6999999999999886, -8.199999999999935341 ) ) ;
#5633 = AXIS2_PLACEMENT_3D ( 'NONE', #1983, #853, #4469 ) ;
#5634 = ORIENTED_EDGE ( 'NONE', *, *, #3900, .F. ) ;
#5635 = CARTESIAN_POINT ( 'NONE',  ( -1.999999999999985345, 115.5000000000000000, -7.099999999999941025 ) ) ;
#5636 = CARTESIAN_POINT ( 'NONE',  ( 21.84028797538320532, 98.18178941805756210, -7.557960472665748775 ) ) ;
#5637 = EDGE_CURVE ( 'NONE', #4716, #128, #2004, .T. ) ;
#5638 = AXIS2_PLACEMENT_3D ( 'NONE', #4195, #6239, #189 ) ;
#5639 = LINE ( 'NONE', #560, #701 ) ;
#5640 = DIRECTION ( 'NONE',  ( 0.000000000000000000, 0.000000000000000000, -1.000000000000000000 ) ) ;
#5641 = CIRCLE ( 'NONE', #1157, 3.400000000000007017 ) ;
#5642 = ORIENTED_EDGE ( 'NONE', *, *, #2161, .T. ) ;
#5643 = CARTESIAN_POINT ( 'NONE',  ( 324.0440027276093815, 97.77454736109375233, -7.562928831455134393 ) ) ;
#5644 = FACE_OUTER_BOUND ( 'NONE', #5558, .T. ) ;
#5645 = AXIS2_PLACEMENT_3D ( 'NONE', #824, #794, #5839 ) ;
#5646 = CARTESIAN_POINT ( 'NONE',  ( -0.9000000000000019096, -1.999999999999960920, -0.9000000000000010214 ) ) ;
#5647 = ORIENTED_EDGE ( 'NONE', *, *, #1763, .F. ) ;
#5648 = VERTEX_POINT ( 'NONE', #5993 ) ;
#5649 = CARTESIAN_POINT ( 'NONE',  ( 44.09291338582636399, 56.99291438582643821, -1.999999999999980904 ) ) ;
#5650 = ORIENTED_EDGE ( 'NONE', *, *, #3348, .F. ) ;
#5651 = CARTESIAN_POINT ( 'NONE',  ( 0.1999999999999966249, -1.999999999999960476, -1.999999999999999556 ) ) ;
#5652 = ORIENTED_EDGE ( 'NONE', *, *, #588, .T. ) ;
#5653 = DIRECTION ( 'NONE',  ( 0.000000000000000000, 1.000000000000000000, 0.000000000000000000 ) ) ;
#5654 = DIRECTION ( 'NONE',  ( -1.000000000000000000, 0.000000000000000000, 0.000000000000000000 ) ) ;
#5655 = CARTESIAN_POINT ( 'NONE',  ( 323.5000000000000000, 3.000000000000039080, 6.299999999999999822 ) ) ;
#5656 = PLANE ( 'NONE',  #1654 ) ;
#5657 = DIRECTION ( 'NONE',  ( -0.000000000000000000, -0.000000000000000000, -1.000000000000000000 ) ) ;
#5658 = ORIENTED_EDGE ( 'NONE', *, *, #3348, .T. ) ;
#5659 = EDGE_LOOP ( 'NONE', ( #3773, #640, #5413, #1672 ) ) ;
#5660 = CARTESIAN_POINT ( 'NONE',  ( -0.6963465748024676438, 98.21536254514907682, -7.566488318431770388 ) ) ;
#5661 = ORIENTED_EDGE ( 'NONE', *, *, #568, .T. ) ;
#5662 = DIRECTION ( 'NONE',  ( -1.000000000000000000, -1.283000413665435261E-16, 1.668003342285390565E-16 ) ) ;
#5663 = LINE ( 'NONE', #6615, #3376 ) ;
#5664 = AXIS2_PLACEMENT_3D ( 'NONE', #6425, #2869, #1840 ) ;
#5665 = CARTESIAN_POINT ( 'NONE',  ( -4.500000000000059508, 112.5000000000000000, -8.699999999999997513 ) ) ;
#5666 = FACE_BOUND ( 'NONE', #81, .T. ) ;
#5667 = CIRCLE ( 'NONE', #3967, 1.099999999999989875 ) ;
#5668 = ORIENTED_EDGE ( 'NONE', *, *, #3922, .F. ) ;
#5669 = CARTESIAN_POINT ( 'NONE',  ( 323.6185688638307738, 98.10330806575122153, -7.618138843823402340 ) ) ;
#5670 = FACE_OUTER_BOUND ( 'NONE', #5275, .T. ) ;
#5671 = AXIS2_PLACEMENT_3D ( 'NONE', #1582, #2106, #4157 ) ;
#5672 = CIRCLE ( 'NONE', #351, 3.000000000000002665 ) ;
#5673 = EDGE_CURVE ( 'NONE', #944, #460, #911, .T. ) ;
#5674 = CARTESIAN_POINT ( 'NONE',  ( 324.8978524892601740, 97.22632554594135001, -7.894069943700738889 ) ) ;
#5675 = ORIENTED_EDGE ( 'NONE', *, *, #4749, .T. ) ;
#5676 = VECTOR ( 'NONE', #1598, 1000.000000000000000 ) ;
#5677 = ORIENTED_EDGE ( 'NONE', *, *, #2211, .T. ) ;
#5678 = DIRECTION ( 'NONE',  ( -0.000000000000000000, -0.000000000000000000, -1.000000000000000000 ) ) ;
#5679 = CARTESIAN_POINT ( 'NONE',  ( 216.5000000000000568, 114.3999999999999915, -7.099999999999941025 ) ) ;
#5680 = ORIENTED_EDGE ( 'NONE', *, *, #1887, .F. ) ;
#5681 = EDGE_CURVE ( 'NONE', #4918, #3101, #6419, .T. ) ;
#5682 = DIRECTION ( 'NONE',  ( -1.000000000000000000, 0.000000000000000000, 0.000000000000000000 ) ) ;
#5683 = ORIENTED_EDGE ( 'NONE', *, *, #2404, .T. ) ;
#5684 = EDGE_CURVE ( 'NONE', #3821, #5731, #663, .T. ) ;
#5685 = EDGE_CURVE ( 'NONE', #672, #3663, #2142, .T. ) ;
#5686 = EDGE_CURVE ( 'NONE', #16, #572, #2939, .T. ) ;
#5687 = ORIENTED_EDGE ( 'NONE', *, *, #3472, .T. ) ;
#5688 = AXIS2_PLACEMENT_3D ( 'NONE', #609, #4618, #2601 ) ;
#5689 = DIRECTION ( 'NONE',  ( -0.000000000000000000, 2.891205793294675861E-16, -1.000000000000000000 ) ) ;
#5690 = FACE_OUTER_BOUND ( 'NONE', #1160, .T. ) ;
#5691 = DIRECTION ( 'NONE',  ( 3.224512890673880615E-17, 0.3420201433256714885, -0.9396926207859074287 ) ) ;
#5692 = CARTESIAN_POINT ( 'NONE',  ( -5.000000000000000000, 94.80613420518679391, -6.500000000000004441 ) ) ;
#5693 = LINE ( 'NONE', #1177, #2678 ) ;
#5694 = ORIENTED_EDGE ( 'NONE', *, *, #5486, .T. ) ;
#5695 = ORIENTED_EDGE ( 'NONE', *, *, #285, .F. ) ;
#5696 = FACE_OUTER_BOUND ( 'NONE', #5857, .T. ) ;
#5697 = EDGE_LOOP ( 'NONE', ( #6079, #139, #1432, #5471 ) ) ;
#5698 = CARTESIAN_POINT ( 'NONE',  ( 299.5000000000000000, 96.55345447274432047, -7.357869679547386355 ) ) ;
#5699 = CIRCLE ( 'NONE', #690, 1.099999999999997646 ) ;
#5700 = DIRECTION ( 'NONE',  ( 0.5773502691896172934, 0.5773502691896332806, 0.5773502691896267303 ) ) ;
#5701 = CARTESIAN_POINT ( 'NONE',  ( 220.6533119314590294, 110.5000000000000284, -6.200000000000000178 ) ) ;
#5702 = CARTESIAN_POINT ( 'NONE',  ( 299.5031591266018722, 96.66461184441010346, -7.376530488045044187 ) ) ;
#5703 = VECTOR ( 'NONE', #5326, 1000.000000000000000 ) ;
#5704 = EDGE_CURVE ( 'NONE', #2943, #1345, #4, .T. ) ;
#5705 = AXIS2_PLACEMENT_3D ( 'NONE', #1749, #1154, #3187 ) ;
#5706 = ORIENTED_EDGE ( 'NONE', *, *, #2729, .T. ) ;
#5707 = DIRECTION ( 'NONE',  ( -1.252131230780251545E-16, 1.000000000000000000, 0.000000000000000000 ) ) ;
#5708 = DIRECTION ( 'NONE',  ( -1.000000000000000000, 0.000000000000000000, 0.000000000000000000 ) ) ;
#5709 = DIRECTION ( 'NONE',  ( 0.000000000000000000, 0.000000000000000000, -1.000000000000000000 ) ) ;
#5710 = B_SPLINE_CURVE_WITH_KNOTS ( 'NONE', 3,
 ( #3485, #4023, #5504, #13, #6102, #2517, #3586, #4533, #2046, #5000, #4563, #3452, #3521, #549, #457, #5629, #920, #2451 ),
 .UNSPECIFIED., .F., .F.,
 ( 4, 2, 2, 2, 2, 2, 2, 2, 4 ),
 ( 0.000000000000000000, 0.0005011292283374530095, 0.001002258456674906019, 0.001503387685012359028, 0.002004516913349812038, 0.002505646141687265047, 0.003006775370024718057, 0.003507904598362171066, 0.004009033826699624076 ),
 .UNSPECIFIED. ) ;
#5711 = CARTESIAN_POINT ( 'NONE',  ( 23.90399376636074535, 96.60034104437983160, -7.861039272128974353 ) ) ;
#5712 = ORIENTED_EDGE ( 'NONE', *, *, #2331, .F. ) ;
#5713 = ORIENTED_EDGE ( 'NONE', *, *, #2208, .F. ) ;
#5714 = CIRCLE ( 'NONE', #2932, 2.200000000000007283 ) ;
#5715 = EDGE_CURVE ( 'NONE', #1191, #3350, #228, .T. ) ;
#5716 = CARTESIAN_POINT ( 'NONE',  ( 324.5000000000000000, 116.5999999999999943, -8.699999999999931788 ) ) ;
#5717 = EDGE_LOOP ( 'NONE', ( #108, #3812, #3555, #1413, #4004, #4747 ) ) ;
#5718 = FACE_OUTER_BOUND ( 'NONE', #3615, .T. ) ;
#5719 = ORIENTED_EDGE ( 'NONE', *, *, #6004, .F. ) ;
#5720 = ORIENTED_EDGE ( 'NONE', *, *, #1929, .F. ) ;
#5721 = CARTESIAN_POINT ( 'NONE',  ( 22.12331178786554986, 98.95425179352578482, -7.985245626551995990 ) ) ;
#5722 = CARTESIAN_POINT ( 'NONE',  ( 23.00000000000000711, 96.05168500005940757, -5.979269383573917018 ) ) ;
#5723 = CARTESIAN_POINT ( 'NONE',  ( -1.431082561437639677, 97.84713192095482270, -7.472940725344705548 ) ) ;
#5724 = DIRECTION ( 'NONE',  ( -0.000000000000000000, -0.000000000000000000, -1.000000000000000000 ) ) ;
#5725 = CARTESIAN_POINT ( 'NONE',  ( 214.3000000000000114, -1.999999999999988010, -1.999999999999999556 ) ) ;
#5726 = ORIENTED_EDGE ( 'NONE', *, *, #2344, .F. ) ;
#5727 = EDGE_CURVE ( 'NONE', #3277, #3145, #5493, .T. ) ;
#5728 = EDGE_CURVE ( 'NONE', #1722, #4765, #3511, .T. ) ;
#5729 = EDGE_CURVE ( 'NONE', #936, #6364, #4556, .T. ) ;
#5730 = EDGE_LOOP ( 'NONE', ( #80, #1712, #2965, #1429 ) ) ;
#5731 = VERTEX_POINT ( 'NONE', #6029 ) ;
#5732 = DIRECTION ( 'NONE',  ( 0.000000000000000000, -1.000000000000000000, 0.000000000000000000 ) ) ;
#5733 = FACE_OUTER_BOUND ( 'NONE', #3454, .T. ) ;
#5734 = CARTESIAN_POINT ( 'NONE',  ( 2.999999999999998224, 99.36678485964284846, -1.000000000000000000 ) ) ;
#5735 = CARTESIAN_POINT ( 'NONE',  ( 53.49291338582637678, 53.59291438582643252, 6.301000000000110290 ) ) ;
#5736 = VECTOR ( 'NONE', #3562, 1000.000000000000000 ) ;
#5737 = ORIENTED_EDGE ( 'NONE', *, *, #2404, .F. ) ;
#5738 = VECTOR ( 'NONE', #5332, 1000.000000000000000 ) ;
#5739 = FACE_OUTER_BOUND ( 'NONE', #3588, .T. ) ;
#5740 = DIRECTION ( 'NONE',  ( 0.000000000000000000, -0.05269265377297462083, -0.9986107771491160578 ) ) ;
#5741 = DIRECTION ( 'NONE',  ( 0.000000000000000000, -1.000000000000000000, 2.891205793294675861E-16 ) ) ;
#5742 = CIRCLE ( 'NONE', #5852, 1.750000000000001554 ) ;
#5743 = LINE ( 'NONE', #135, #1318 ) ;
#5744 = EDGE_LOOP ( 'NONE', ( #2794, #985, #3851, #489 ) ) ;
#5745 = B_SPLINE_CURVE_WITH_KNOTS ( 'NONE', 3,
 ( #3546, #6568, #2410, #4992 ),
 .UNSPECIFIED., .F., .F.,
 ( 4, 4 ),
 ( 0.000000000000000000, 1.000000000000000000 ),
 .UNSPECIFIED. ) ;
#5746 = ORIENTED_EDGE ( 'NONE', *, *, #3805, .T. ) ;
#5747 = B_SPLINE_CURVE_WITH_KNOTS ( 'NONE', 3,
 ( #11, #1484, #6099, #5534, #4561, #6132, #516, #5028, #2486, #3082, #4054, #1950, #454, #3959, #1513, #6000, #2449, #1014, #1047, #3450, #6573, #5595, #3051, #5501, #5096, #2548, #918, #2950, #4495, #6037, #1612, #3721, #147, #1580, #649, #3689, #2137, #4189, #2172, #5723, #5792, #1112, #1677, #1143, #713, #6233, #3618, #2674, #1209, #6163 ),
 .UNSPECIFIED., .F., .F.,
 ( 4, 2, 1, 1, 2, 2, 2, 1, 2, 2, 2, 1, 1, 2, 2, 2, 1, 2, 2, 2, 2, 2, 2, 2, 2, 2, 2, 4 ),
 ( 0.000000000000000000, 0.03124999999988863075, 0.04687499999984002380, 0.05468749999982421006, 0.05859374999981630666, 0.06249999999980840326, 0.09374999999975781872, 0.1093749999997324918, 0.1171874999997197103, 0.1249999999997069289, 0.1874999999996052880, 0.2187499999995544120, 0.2343749999995362876, 0.2421874999995346223, 0.2499999999995329847, 0.3124999999995446420, 0.3437499999995439759, 0.3593749999995504707, 0.3749999999995569655, 0.4374999999995823341, 0.4687499999995949906, 0.4999999999996076472, 0.5624999999996446176, 0.5937499999996685984, 0.6249999999996924682, 0.6874999999997402078, 0.7499999999997879474, 1.000000000000000000 ),
 .UNSPECIFIED. ) ;
#5748 = DIRECTION ( 'NONE',  ( 0.000000000000000000, 0.000000000000000000, 1.000000000000000000 ) ) ;
#5749 = VERTEX_POINT ( 'NONE', #6094 ) ;
#5750 = DIRECTION ( 'NONE',  ( 0.000000000000000000, 1.000000000000000000, 0.000000000000000000 ) ) ;
#5751 = ORIENTED_EDGE ( 'NONE', *, *, #4816, .F. ) ;
#5752 = ORIENTED_EDGE ( 'NONE', *, *, #1932, .F. ) ;
#5753 = CARTESIAN_POINT ( 'NONE',  ( 22.49123973771777329, 97.79293456998573220, -7.459178610682096533 ) ) ;
#5754 = CARTESIAN_POINT ( 'NONE',  ( 324.5000000000000000, 56.75000000000000000, -1.999999999999999556 ) ) ;
#5755 = DIRECTION ( 'NONE',  ( -0.000000000000000000, -0.000000000000000000, 1.000000000000000000 ) ) ;
#5756 = LINE ( 'NONE', #4252, #700 ) ;
#5757 = DIRECTION ( 'NONE',  ( -0.000000000000000000, -0.000000000000000000, -1.000000000000000000 ) ) ;
#5758 = ORIENTED_EDGE ( 'NONE', *, *, #5037, .T. ) ;
#5759 = EDGE_CURVE ( 'NONE', #3539, #5444, #1719, .T. ) ;
#5760 = CARTESIAN_POINT ( 'NONE',  ( 324.6666666666666856, 96.54467236378219752, -7.524304809072191347 ) ) ;
#5761 = EDGE_LOOP ( 'NONE', ( #3653, #925, #1935, #1080 ) ) ;
#5762 = DIRECTION ( 'NONE',  ( 0.000000000000000000, 0.000000000000000000, 1.000000000000000000 ) ) ;
#5763 = CYLINDRICAL_SURFACE ( 'NONE', #3679, 1.499999999999997113 ) ;
#5764 = DIRECTION ( 'NONE',  ( -1.000000000000000000, 0.000000000000000000, 0.000000000000000000 ) ) ;
#5765 = DIRECTION ( 'NONE',  ( -1.000000000000000000, 0.000000000000000000, 0.000000000000000000 ) ) ;
#5766 = ADVANCED_FACE ( 'NONE', ( #4489 ), #2358, .F. ) ;
#5767 = PLANE ( 'NONE',  #2407 ) ;
#5768 = EDGE_CURVE ( 'NONE', #402, #6190, #940, .T. ) ;
#5769 = ADVANCED_FACE ( 'NONE', ( #1943 ), #4270, .T. ) ;
#5770 = EDGE_CURVE ( 'NONE', #2223, #1345, #4267, .T. ) ;
#5771 = ORIENTED_EDGE ( 'NONE', *, *, #1931, .T. ) ;
#5772 = CARTESIAN_POINT ( 'NONE',  ( 324.4903082824982903, 96.74667073946336870, -7.390315975486312361 ) ) ;
#5773 = DIRECTION ( 'NONE',  ( 1.000000000000000000, -1.508455196501570936E-16, -4.361254403050800956E-32 ) ) ;
#5774 = CARTESIAN_POINT ( 'NONE',  ( 53.49291338582637678, 60.39291438582644389, -1.999999999999980904 ) ) ;
#5775 = AXIS2_PLACEMENT_3D ( 'NONE', #2515, #4085, #2042 ) ;
#5776 = EDGE_CURVE ( 'NONE', #664, #1774, #3262, .T. ) ;
#5777 = CYLINDRICAL_SURFACE ( 'NONE', #4297, 1.100000000000003642 ) ;
#5778 = ORIENTED_EDGE ( 'NONE', *, *, #3844, .F. ) ;
#5779 = ORIENTED_EDGE ( 'NONE', *, *, #2831, .T. ) ;
#5780 = CIRCLE ( 'NONE', #338, 2.199999999999993516 ) ;
#5781 = VECTOR ( 'NONE', #6249, 1000.000000000000000 ) ;
#5782 = DIRECTION ( 'NONE',  ( -0.000000000000000000, 2.891205793294675861E-16, -1.000000000000000000 ) ) ;
#5783 = VERTEX_POINT ( 'NONE', #6283 ) ;
#5784 = VECTOR ( 'NONE', #616, 1000.000000000000000 ) ;
#5785 = AXIS2_PLACEMENT_3D ( 'NONE', #1255, #5367, #6437 ) ;
#5786 = CARTESIAN_POINT ( 'NONE',  ( 325.0000088330524477, 96.66936140006195899, -7.864681197279862701 ) ) ;
#5787 = CIRCLE ( 'NONE', #2895, 2.200000000000007283 ) ;
#5788 = ORIENTED_EDGE ( 'NONE', *, *, #3401, .F. ) ;
#5789 = ORIENTED_EDGE ( 'NONE', *, *, #3844, .T. ) ;
#5790 = CARTESIAN_POINT ( 'NONE',  ( 23.58625302705635107, 97.73649684101137325, -7.920989620546981413 ) ) ;
#5791 = PLANE ( 'NONE',  #4845 ) ;
#5792 = CARTESIAN_POINT ( 'NONE',  ( -1.411834548219131014, 97.86469292005418197, -7.477402666019632882 ) ) ;
#5793 = DIRECTION ( 'NONE',  ( 5.159220625078207627E-17, -0.3420201433256714885, 0.9396926207859074287 ) ) ;
#5794 = DIRECTION ( 'NONE',  ( 0.000000000000000000, 1.000000000000000000, 0.000000000000000000 ) ) ;
#5795 = ORIENTED_EDGE ( 'NONE', *, *, #4499, .T. ) ;
#5796 =( GEOMETRIC_REPRESENTATION_CONTEXT ( 3 ) GLOBAL_UNCERTAINTY_ASSIGNED_CONTEXT ( ( #763 ) ) GLOBAL_UNIT_ASSIGNED_CONTEXT ( ( #3870, #5343, #801 ) ) REPRESENTATION_CONTEXT ( 'NONE', 'WORKASPACE' ) );
#5797 = CARTESIAN_POINT ( 'NONE',  ( -5.000000000000000000, 83.49999999999995737, -1.000000000000000000 ) ) ;
#5798 = AXIS2_PLACEMENT_3D ( 'NONE', #6502, #1477, #6032 ) ;
#5799 = VERTEX_POINT ( 'NONE', #5774 ) ;
#5800 = LINE ( 'NONE', #786, #1468 ) ;
#5801 = CARTESIAN_POINT ( 'NONE',  ( -1.999999999999997780, 94.80613420518679391, -4.750000000000002665 ) ) ;
#5802 = CARTESIAN_POINT ( 'NONE',  ( 216.5000000000000284, -1.999999999999988010, -1.999999999999999556 ) ) ;
#5803 = DIRECTION ( 'NONE',  ( 0.000000000000000000, 1.000000000000000000, 0.000000000000000000 ) ) ;
#5804 = EDGE_CURVE ( 'NONE', #716, #6108, #4335, .T. ) ;
#5805 = CARTESIAN_POINT ( 'NONE',  ( 26.00000000000000000, 94.80613420518679391, -6.499999999999990230 ) ) ;
#5806 = CIRCLE ( 'NONE', #2918, 2.199999999999979750 ) ;
#5807 = ORIENTED_EDGE ( 'NONE', *, *, #2494, .F. ) ;
#5808 = CARTESIAN_POINT ( 'NONE',  ( 324.4794892102406152, 96.83503061702833747, -7.405153018953022581 ) ) ;
#5809 = CARTESIAN_POINT ( 'NONE',  ( 23.00000000000000711, 94.80613420518679391, -3.000000000000007994 ) ) ;
#5810 = EDGE_CURVE ( 'NONE', #1941, #703, #3833, .T. ) ;
#5811 = CARTESIAN_POINT ( 'NONE',  ( 293.5000000000000000, 88.49999999999997158, -1.000000000000000888 ) ) ;
#5812 = CARTESIAN_POINT ( 'NONE',  ( 299.2023343592150582, 97.48876096389388124, -7.907917599796955521 ) ) ;
#5813 = ADVANCED_FACE ( 'NONE', ( #2691 ), #3228, .F. ) ;
#5814 = AXIS2_PLACEMENT_3D ( 'NONE', #4548, #5581, #6054 ) ;
#5815 = EDGE_CURVE ( 'NONE', #6122, #4025, #5667, .T. ) ;
#5816 = SHAPE_DEFINITION_REPRESENTATION ( #4385, #316 ) ;
#5817 = ORIENTED_EDGE ( 'NONE', *, *, #655, .F. ) ;
#5818 = VERTEX_POINT ( 'NONE', #5308 ) ;
#5819 = VECTOR ( 'NONE', #324, 1000.000000000000000 ) ;
#5820 = CARTESIAN_POINT ( 'NONE',  ( 11.73863710018474649, 96.38160116615864581, -2.500000000000002220 ) ) ;
#5821 = ORIENTED_EDGE ( 'NONE', *, *, #4393, .F. ) ;
#5822 = CARTESIAN_POINT ( 'NONE',  ( -0.5000000000000002220, 98.22670040036237538, -7.569368482627729655 ) ) ;
#5823 = VERTEX_POINT ( 'NONE', #732 ) ;
#5824 = AXIS2_PLACEMENT_3D ( 'NONE', #3261, #3074, #5121 ) ;
#5825 = ORIENTED_EDGE ( 'NONE', *, *, #1365, .T. ) ;
#5826 = CARTESIAN_POINT ( 'NONE',  ( 23.78120269963328681, 97.26976988718688233, -7.896362325962198447 ) ) ;
#5827 = CARTESIAN_POINT ( 'NONE',  ( -1.999999999999997780, 94.80613420518679391, -3.000000000000007994 ) ) ;
#5828 = CARTESIAN_POINT ( 'NONE',  ( -1.905785059434403683, 96.42566098323142398, -5.432820632030463948 ) ) ;
#5829 = CARTESIAN_POINT ( 'NONE',  ( 327.5000000000000000, 83.49999999999995737, -1.000000000000000000 ) ) ;
#5830 = DIRECTION ( 'NONE',  ( -0.000000000000000000, -0.000000000000000000, -1.000000000000000000 ) ) ;
#5831 = ORIENTED_EDGE ( 'NONE', *, *, #6563, .F. ) ;
#5832 = AXIS2_PLACEMENT_3D ( 'NONE', #6583, #993, #465 ) ;
#5833 = CARTESIAN_POINT ( 'NONE',  ( 212.3466880685410558, 3.000000000000026201, 6.299999999999999822 ) ) ;
#5834 = LINE ( 'NONE', #2148, #4674 ) ;
#5835 = ADVANCED_FACE ( 'NONE', ( #4806 ), #1760, .F. ) ;
#5836 = FACE_OUTER_BOUND ( 'NONE', #1666, .T. ) ;
#5837 = CARTESIAN_POINT ( 'NONE',  ( 22.59397556507549254, 97.67246721117518860, -7.428576726651711759 ) ) ;
#5838 = DIRECTION ( 'NONE',  ( 0.000000000000000000, 0.000000000000000000, 1.000000000000000000 ) ) ;
#5839 = DIRECTION ( 'NONE',  ( -1.000000000000000000, 0.000000000000000000, 0.000000000000000000 ) ) ;
#5840 = EDGE_CURVE ( 'NONE', #1774, #2000, #1163, .T. ) ;
#5841 = EDGE_CURVE ( 'NONE', #2865, #6527, #2855, .T. ) ;
#5842 = CYLINDRICAL_SURFACE ( 'NONE', #1643, 2.500000000000000888 ) ;
#5843 = CARTESIAN_POINT ( 'NONE',  ( 216.5000000000000568, 115.5000000000000000, -8.199999999999935341 ) ) ;
#5844 = VECTOR ( 'NONE', #2843, 1000.000000000000000 ) ;
#5845 = LINE ( 'NONE', #1264, #2078 ) ;
#5846 = CARTESIAN_POINT ( 'NONE',  ( -5.000000000000000000, -5.000000000000002665, -8.200000000000018829 ) ) ;
#5847 = EDGE_CURVE ( 'NONE', #675, #4224, #5998, .T. ) ;
#5848 = DIRECTION ( 'NONE',  ( 0.000000000000000000, 1.000000000000000000, 0.000000000000000000 ) ) ;
#5849 = AXIS2_PLACEMENT_3D ( 'NONE', #4434, #1949, #1449 ) ;
#5850 = CIRCLE ( 'NONE', #2536, 2.500000000000057732 ) ;
#5851 = ORIENTED_EDGE ( 'NONE', *, *, #611, .F. ) ;
#5852 = AXIS2_PLACEMENT_3D ( 'NONE', #225, #5773, #1332 ) ;
#5853 = CARTESIAN_POINT ( 'NONE',  ( -5.000000000000000000, 118.5000000000000142, 6.299999999999999822 ) ) ;
#5854 = VERTEX_POINT ( 'NONE', #830 ) ;
#5855 = VECTOR ( 'NONE', #1542, 1000.000000000000000 ) ;
#5856 = LINE ( 'NONE', #4783, #4938 ) ;
#5857 = EDGE_LOOP ( 'NONE', ( #4043, #1407, #3085, #5166 ) ) ;
#5858 = ORIENTED_EDGE ( 'NONE', *, *, #4903, .T. ) ;
#5859 = CIRCLE ( 'NONE', #2100, 2.199999999999993516 ) ;
#5860 = CARTESIAN_POINT ( 'NONE',  ( 324.5000000000000000, -2.000000000000001776, -2.500000000000003553 ) ) ;
#5861 = CARTESIAN_POINT ( 'NONE',  ( 0.5000000000000073275, 56.75000000000000000, 6.299999999999999822 ) ) ;
#5862 = CARTESIAN_POINT ( 'NONE',  ( -1.640839264006463738, 96.54211311893472214, -4.473931293473182969 ) ) ;
#5863 = CARTESIAN_POINT ( 'NONE',  ( 216.5000000000000284, -1.999999999999988010, -2.500000000000000000 ) ) ;
#5864 = LINE ( 'NONE', #4923, #1506 ) ;
#5865 = ORIENTED_EDGE ( 'NONE', *, *, #4132, .T. ) ;
#5866 = VERTEX_POINT ( 'NONE', #2430 ) ;
#5867 = ADVANCED_FACE ( 'NONE', ( #5011 ), #1962, .F. ) ;
#5868 = LINE ( 'NONE', #1252, #5738 ) ;
#5869 = CARTESIAN_POINT ( 'NONE',  ( 0.000000000000000000, 0.000000000000000000, -6.200000000000000178 ) ) ;
#5870 = CARTESIAN_POINT ( 'NONE',  ( 22.52467615380582089, 97.75267222789864263, -7.448948615986536126 ) ) ;
#5871 = LINE ( 'NONE', #2312, #3758 ) ;
#5872 = DIRECTION ( 'NONE',  ( -0.000000000000000000, -0.000000000000000000, 1.000000000000000000 ) ) ;
#5873 = DIRECTION ( 'NONE',  ( 0.000000000000000000, 0.000000000000000000, 1.000000000000000000 ) ) ;
#5874 = DIRECTION ( 'NONE',  ( 0.000000000000000000, 1.000000000000000000, 0.000000000000000000 ) ) ;
#5875 = CYLINDRICAL_SURFACE ( 'NONE', #61, 2.199999999999993516 ) ;
#5876 = CARTESIAN_POINT ( 'NONE',  ( 300.0850148557237276, 97.90528434930156720, -7.584883870634333114 ) ) ;
#5877 = ORIENTED_EDGE ( 'NONE', *, *, #403, .F. ) ;
#5878 = EDGE_CURVE ( 'NONE', #6122, #5046, #5512, .T. ) ;
#5879 = DIRECTION ( 'NONE',  ( 0.000000000000000000, 0.000000000000000000, 1.000000000000000000 ) ) ;
#5880 = ADVANCED_FACE ( 'NONE', ( #2887 ), #4410, .T. ) ;
#5881 = CIRCLE ( 'NONE', #2997, 4.000000000000000000 ) ;
#5882 = CARTESIAN_POINT ( 'NONE',  ( -2.903983146785582559, 96.42931646431688364, -7.852014996415015879 ) ) ;
#5883 = ORIENTED_EDGE ( 'NONE', *, *, #895, .T. ) ;
#5884 = DIRECTION ( 'NONE',  ( -0.000000000000000000, -0.000000000000000000, -1.000000000000000000 ) ) ;
#5885 = ORIENTED_EDGE ( 'NONE', *, *, #4986, .T. ) ;
#5886 = ORIENTED_EDGE ( 'NONE', *, *, #1467, .T. ) ;
#5887 = DIRECTION ( 'NONE',  ( -0.000000000000000000, 2.891205793294675861E-16, -1.000000000000000000 ) ) ;
#5888 = CARTESIAN_POINT ( 'NONE',  ( 296.5000000000000000, 94.80613420518679391, -6.499999999999990230 ) ) ;
#5889 = DIRECTION ( 'NONE',  ( -1.000000000000000000, 0.000000000000000000, 0.000000000000000000 ) ) ;
#5890 = CARTESIAN_POINT ( 'NONE',  ( 324.1408392640065017, 96.31342474941274645, -3.845615162119635055 ) ) ;
#5891 = AXIS2_PLACEMENT_3D ( 'NONE', #4948, #1902, #3944 ) ;
#5892 = DIRECTION ( 'NONE',  ( -0.000000000000000000, 2.891205793294675861E-16, -1.000000000000000000 ) ) ;
#5893 = ORIENTED_EDGE ( 'NONE', *, *, #3727, .F. ) ;
#5894 = CIRCLE ( 'NONE', #5461, 2.199999999999979750 ) ;
#5895 = VECTOR ( 'NONE', #5518, 1000.000000000000000 ) ;
#5896 = EDGE_CURVE ( 'NONE', #3991, #1287, #6444, .T. ) ;
#5897 = DIRECTION ( 'NONE',  ( 1.000000000000000000, -0.000000000000000000, -0.000000000000000000 ) ) ;
#5898 = EDGE_CURVE ( 'NONE', #734, #1310, #2679, .T. ) ;
#5899 = CARTESIAN_POINT ( 'NONE',  ( -0.9999999999999985567, 103.3667848596428485, -6.199999999999997513 ) ) ;
#5900 = DIRECTION ( 'NONE',  ( 0.000000000000000000, 0.000000000000000000, -1.000000000000000000 ) ) ;
#5901 = CARTESIAN_POINT ( 'NONE',  ( 324.5000000000000000, 94.80613420518679391, -6.499999999999997335 ) ) ;
#5902 = CARTESIAN_POINT ( 'NONE',  ( -1.000000000000000000, -1.000000000000000000, 6.299999999999999822 ) ) ;
#5903 = VERTEX_POINT ( 'NONE', #327 ) ;
#5904 = CARTESIAN_POINT ( 'NONE',  ( 299.0000000000000568, 83.00000000000000000, -6.643404255319152796 ) ) ;
#5905 = CARTESIAN_POINT ( 'NONE',  ( 299.6058617314226922, 97.18087050640384916, -7.463230859405525663 ) ) ;
#5906 = CONICAL_SURFACE ( 'NONE', #5688, 2.200000000000007283, 0.7853981633974569387 ) ;
#5907 = DIRECTION ( 'NONE',  ( -0.000000000000000000, -0.000000000000000000, -1.000000000000000000 ) ) ;
#5908 = CARTESIAN_POINT ( 'NONE',  ( -2.601021056151175959, 97.74156155119518985, -7.921256864829020472 ) ) ;
#5909 = CARTESIAN_POINT ( 'NONE',  ( 293.5000000000000000, 114.5000000000000426, -1.000000000000000888 ) ) ;
#5910 = PLANE ( 'NONE',  #126 ) ;
#5911 = ADVANCED_FACE ( 'NONE', ( #6484 ), #4481, .F. ) ;
#5912 = FACE_OUTER_BOUND ( 'NONE', #3328, .T. ) ;
#5913 = PRODUCT_CONTEXT ( 'NONE', #2727, 'mechanical' ) ;
#5914 = AXIS2_PLACEMENT_3D ( 'NONE', #2516, #6100, #1015 ) ;
#5915 = ORIENTED_EDGE ( 'NONE', *, *, #2762, .F. ) ;
#5916 = DIRECTION ( 'NONE',  ( 0.5570624845448951534, -0.5872313804254118974, -0.5872313804254108982 ) ) ;
#5917 = DIRECTION ( 'NONE',  ( -0.000000000000000000, -0.000000000000000000, -1.000000000000000000 ) ) ;
#5918 = EDGE_LOOP ( 'NONE', ( #203, #4244, #654, #5951 ) ) ;
#5919 = LINE ( 'NONE', #236, #4512 ) ;
#5920 = ORIENTED_EDGE ( 'NONE', *, *, #950, .T. ) ;
#5921 = CIRCLE ( 'NONE', #3570, 1.099999999999989875 ) ;
#5922 = VERTEX_POINT ( 'NONE', #1895 ) ;
#5923 = EDGE_CURVE ( 'NONE', #5204, #4695, #2926, .T. ) ;
#5924 = DIRECTION ( 'NONE',  ( 1.000000000000000000, 0.000000000000000000, 0.000000000000000000 ) ) ;
#5925 = DIRECTION ( 'NONE',  ( -0.000000000000000000, -0.000000000000000000, 1.000000000000000000 ) ) ;
#5926 = CARTESIAN_POINT ( 'NONE',  ( -1.977072413014708596, 95.30014378295742006, -3.063027684403108797 ) ) ;
#5927 = DIRECTION ( 'NONE',  ( 0.000000000000000000, 0.000000000000000000, 1.000000000000000000 ) ) ;
#5928 = CYLINDRICAL_SURFACE ( 'NONE', #2473, 3.400000000000007017 ) ;
#5929 = ORIENTED_EDGE ( 'NONE', *, *, #6141, .F. ) ;
#5930 = AXIS2_PLACEMENT_3D ( 'NONE', #3884, #4957, #3478 ) ;
#5931 =( GEOMETRIC_REPRESENTATION_CONTEXT ( 3 ) GLOBAL_UNCERTAINTY_ASSIGNED_CONTEXT ( ( #4371 ) ) GLOBAL_UNIT_ASSIGNED_CONTEXT ( ( #761, #2789, #3137 ) ) REPRESENTATION_CONTEXT ( 'NONE', 'WORKASPACE' ) );
#5932 = DIRECTION ( 'NONE',  ( 1.000000000000000000, 0.000000000000000000, 0.000000000000000000 ) ) ;
#5933 = DIRECTION ( 'NONE',  ( -0.000000000000000000, -0.000000000000000000, -1.000000000000000000 ) ) ;
#5934 = AXIS2_PLACEMENT_3D ( 'NONE', #6616, #432, #3563 ) ;
#5935 = DIRECTION ( 'NONE',  ( -1.000000000000000000, 0.000000000000000000, 0.000000000000000000 ) ) ;
#5936 = CARTESIAN_POINT ( 'NONE',  ( 33.00000000000000000, 84.49999999999995737, -1.000000000000000888 ) ) ;
#5937 = CARTESIAN_POINT ( 'NONE',  ( 0.1999999999999979294, -1.999999999999960476, -2.500000000000000000 ) ) ;
#5938 = ORIENTED_EDGE ( 'NONE', *, *, #4300, .T. ) ;
#5939 = EDGE_CURVE ( 'NONE', #28, #4008, #5946, .T. ) ;
#5940 = ORIENTED_EDGE ( 'NONE', *, *, #3089, .F. ) ;
#5941 = CARTESIAN_POINT ( 'NONE',  ( 107.5974276659457729, 113.5769230769231086, -8.701999999999998181 ) ) ;
#5942 = ORIENTED_EDGE ( 'NONE', *, *, #5289, .T. ) ;
#5943 = FACE_OUTER_BOUND ( 'NONE', #216, .T. ) ;
#5944 = DIRECTION ( 'NONE',  ( 0.000000000000000000, 1.000000000000000000, 0.000000000000000000 ) ) ;
#5945 = LINE ( 'NONE', #2960, #2612 ) ;
#5946 = LINE ( 'NONE', #3391, #3109 ) ;
#5947 = CARTESIAN_POINT ( 'NONE',  ( 7.492913385826666328, 118.0000000000000711, -1.852519685038982900 ) ) ;
#5948 = ORIENTED_EDGE ( 'NONE', *, *, #621, .T. ) ;
#5949 = DIRECTION ( 'NONE',  ( -0.000000000000000000, 2.891205793294675861E-16, -1.000000000000000000 ) ) ;
#5950 = CARTESIAN_POINT ( 'NONE',  ( 22.61814409993646890, 96.50861245821873524, -4.311222801187239995 ) ) ;
#5951 = ORIENTED_EDGE ( 'NONE', *, *, #5024, .T. ) ;
#5952 = AXIS2_PLACEMENT_3D ( 'NONE', #391, #6574, #1452 ) ;
#5953 = CARTESIAN_POINT ( 'NONE',  ( 324.5067741411284601, 97.96112245999547952, -7.932842206399765672 ) ) ;
#5954 = EDGE_CURVE ( 'NONE', #5749, #4577, #3102, .T. ) ;
#5955 = ORIENTED_EDGE ( 'NONE', *, *, #6623, .T. ) ;
#5956 = EDGE_LOOP ( 'NONE', ( #2930, #749, #2051, #741 ) ) ;
#5957 = AXIS2_PLACEMENT_3D ( 'NONE', #6398, #5460, #4962 ) ;
#5958 = CARTESIAN_POINT ( 'NONE',  ( 104.8999999999999915, -1.999999999999974021, -0.9000000000000010214 ) ) ;
#5959 = DIRECTION ( 'NONE',  ( -3.224512890673880615E-17, 0.3420201433256715440, -0.9396926207859075397 ) ) ;
#5960 = CARTESIAN_POINT ( 'NONE',  ( -1.905951608346978299, 95.60780069131028824, -3.185630509903162544 ) ) ;
#5961 = FACE_OUTER_BOUND ( 'NONE', #6309, .T. ) ;
#5962 = DIRECTION ( 'NONE',  ( -0.000000000000000000, 2.891205793294675861E-16, -1.000000000000000000 ) ) ;
#5963 = VERTEX_POINT ( 'NONE', #5441 ) ;
#5964 = DIRECTION ( 'NONE',  ( 0.000000000000000000, 0.000000000000000000, 1.000000000000000000 ) ) ;
#5965 = AXIS2_PLACEMENT_3D ( 'NONE', #3846, #4460, #1806 ) ;
#5966 = DIRECTION ( 'NONE',  ( -0.000000000000000000, 0.000000000000000000, 1.000000000000000000 ) ) ;
#5967 = DIRECTION ( 'NONE',  ( -1.000000000000000000, 0.000000000000000000, 0.000000000000000000 ) ) ;
#5968 = CARTESIAN_POINT ( 'NONE',  ( 324.5000000000000000, 80.99449987500624104, -6.536886543326285270 ) ) ;
#5969 = DIRECTION ( 'NONE',  ( 0.000000000000000000, 0.3420201433256714885, -0.9396926207859074287 ) ) ;
#5970 = EDGE_CURVE ( 'NONE', #2910, #2744, #3939, .T. ) ;
#5971 = EDGE_LOOP ( 'NONE', ( #4144, #2996 ) ) ;
#5972 = ORIENTED_EDGE ( 'NONE', *, *, #2657, .F. ) ;
#5973 = CARTESIAN_POINT ( 'NONE',  ( 299.6341109922641976, 97.25862467868216754, -7.476289931252654952 ) ) ;
#5974 = ORIENTED_EDGE ( 'NONE', *, *, #2760, .T. ) ;
#5975 = DIRECTION ( 'NONE',  ( 0.000000000000000000, 0.7071067811865392461, 0.7071067811865557884 ) ) ;
#5976 = CARTESIAN_POINT ( 'NONE',  ( 8.392913385826680894, -5.001000000000047407, 1.647480314961017767 ) ) ;
#5977 = LINE ( 'NONE', #1927, #2181 ) ;
#5978 = DIRECTION ( 'NONE',  ( 0.7071067811865573427, 0.7071067811865376918, 0.000000000000000000 ) ) ;
#5979 = ADVANCED_FACE ( 'NONE', ( #2961 ), #4942, .F. ) ;
#5980 = ORIENTED_EDGE ( 'NONE', *, *, #3223, .T. ) ;
#5981 = ADVANCED_FACE ( 'NONE', ( #2390 ), #5910, .F. ) ;
#5982 = ADVANCED_FACE ( 'NONE', ( #1398 ), #1616, .F. ) ;
#5983 = VERTEX_POINT ( 'NONE', #3464 ) ;
#5984 = CARTESIAN_POINT ( 'NONE',  ( 324.5000000000000000, 56.75000000000000000, -2.500000000000000000 ) ) ;
#5985 = ORIENTED_EDGE ( 'NONE', *, *, #4648, .T. ) ;
#5986 = EDGE_CURVE ( 'NONE', #2879, #6549, #401, .T. ) ;
#5987 = CARTESIAN_POINT ( 'NONE',  ( 23.90398314678561675, 96.42931646431682680, -7.852014996415012327 ) ) ;
#5988 = ORIENTED_EDGE ( 'NONE', *, *, #1934, .T. ) ;
#5989 = ORIENTED_EDGE ( 'NONE', *, *, #4255, .T. ) ;
#5990 = AXIS2_PLACEMENT_3D ( 'NONE', #5869, #5462, #2842 ) ;
#5991 = FACE_OUTER_BOUND ( 'NONE', #4314, .T. ) ;
#5992 = CARTESIAN_POINT ( 'NONE',  ( -3.451441819442670589, 112.4723551409802411, -9.748558180557395758 ) ) ;
#5993 = CARTESIAN_POINT ( 'NONE',  ( 327.0000000000000568, 83.00000000000000000, -6.643404255319152796 ) ) ;
#5994 = CARTESIAN_POINT ( 'NONE',  ( 324.1181440999365009, 96.50861245821872103, -4.311222801187235554 ) ) ;
#5995 = FACE_OUTER_BOUND ( 'NONE', #5548, .T. ) ;
#5996 = ORIENTED_EDGE ( 'NONE', *, *, #1480, .T. ) ;
#5997 = CARTESIAN_POINT ( 'NONE',  ( 101.8466880685409990, 3.000000000000011990, 6.299999999999999822 ) ) ;
#5998 = CIRCLE ( 'NONE', #6210, 3.000000000000000000 ) ;
#5999 = PLANE ( 'NONE',  #2746 ) ;
#6000 = CARTESIAN_POINT ( 'NONE',  ( -1.972503878146932399, 96.80313358133778934, -7.207738672937576752 ) ) ;
#6001 = DIRECTION ( 'NONE',  ( -1.000000000000000000, 0.000000000000000000, 0.000000000000000000 ) ) ;
#6002 = AXIS2_PLACEMENT_3D ( 'NONE', #4001, #1860, #899 ) ;
#6003 = DIRECTION ( 'NONE',  ( 1.000000000000000000, 0.000000000000000000, 0.000000000000000000 ) ) ;
#6004 = EDGE_CURVE ( 'NONE', #4545, #834, #977, .T. ) ;
#6005 = ORIENTED_EDGE ( 'NONE', *, *, #4168, .T. ) ;
#6006 = ORIENTED_EDGE ( 'NONE', *, *, #83, .T. ) ;
#6007 = LINE ( 'NONE', #396, #1729 ) ;
#6008 = CIRCLE ( 'NONE', #5470, 4.000000000000000000 ) ;
#6009 = ORIENTED_EDGE ( 'NONE', *, *, #4809, .F. ) ;
#6010 = AXIS2_PLACEMENT_3D ( 'NONE', #5602, #2614, #987 ) ;
#6011 = CARTESIAN_POINT ( 'NONE',  ( 299.5000000000000000, 83.49999999999995737, 31.47057550292607786 ) ) ;
#6012 = CARTESIAN_POINT ( 'NONE',  ( -4.199999999999992184, 56.75000000000002132, -1.999999999999999556 ) ) ;
#6013 = EDGE_CURVE ( 'NONE', #1685, #4284, #3596, .T. ) ;
#6014 = DIRECTION ( 'NONE',  ( 0.000000000000000000, 1.000000000000000000, 0.000000000000000000 ) ) ;
#6015 = DIRECTION ( 'NONE',  ( -1.000000000000000000, 9.427844978134817735E-17, 2.725784001906749913E-32 ) ) ;
#6016 = ORIENTED_EDGE ( 'NONE', *, *, #2507, .F. ) ;
#6017 = AXIS2_PLACEMENT_3D ( 'NONE', #4557, #2942, #5557 ) ;
#6018 = ADVANCED_FACE ( 'NONE', ( #3530, #5666 ), #5074, .T. ) ;
#6019 = ORIENTED_EDGE ( 'NONE', *, *, #2113, .T. ) ;
#6020 = DIRECTION ( 'NONE',  ( -1.000000000000000000, 0.000000000000000000, 0.000000000000000000 ) ) ;
#6021 = EDGE_CURVE ( 'NONE', #3200, #1084, #2558, .T. ) ;
#6022 = ADVANCED_FACE ( 'NONE', ( #91 ), #2589, .F. ) ;
#6023 = ADVANCED_FACE ( 'NONE', ( #1058 ), #6584, .F. ) ;
#6024 = ADVANCED_FACE ( 'NONE', ( #4573 ), #1091, .F. ) ;
#6025 = FACE_OUTER_BOUND ( 'NONE', #4847, .T. ) ;
#6026 = ORIENTED_EDGE ( 'NONE', *, *, #4880, .T. ) ;
#6027 = EDGE_LOOP ( 'NONE', ( #5319, #5985 ) ) ;
#6028 = CARTESIAN_POINT ( 'NONE',  ( 107.0999999999999943, -1.999999999999974021, 6.299999999999999822 ) ) ;
#6029 = CARTESIAN_POINT ( 'NONE',  ( 104.4025723340541987, 113.5769230769231086, 6.299999999999999822 ) ) ;
#6030 = DIRECTION ( 'NONE',  ( -0.000000000000000000, -1.000000000000000000, -0.000000000000000000 ) ) ;
#6031 = AXIS2_PLACEMENT_3D ( 'NONE', #2800, #4818, #4920 ) ;
#6032 = DIRECTION ( 'NONE',  ( -1.000000000000000000, 0.000000000000000000, 0.000000000000000000 ) ) ;
#6033 = EDGE_LOOP ( 'NONE', ( #3299, #930, #6503, #4985, #3143 ) ) ;
#6034 = CIRCLE ( 'NONE', #2713, 1.099999999999989875 ) ;
#6035 = LINE ( 'NONE', #1355, #4574 ) ;
#6036 = DIRECTION ( 'NONE',  ( -0.000000000000000000, -0.000000000000000000, 1.000000000000000000 ) ) ;
#6037 = CARTESIAN_POINT ( 'NONE',  ( -1.759950143293762537, 97.42234754641394545, -7.365037079896929129 ) ) ;
#6038 = AXIS2_PLACEMENT_3D ( 'NONE', #2876, #4928, #5935 ) ;
#6039 = CARTESIAN_POINT ( 'NONE',  ( 47.49291338582636968, 56.99291438582643821, 6.301000000000110290 ) ) ;
#6040 = PLANE ( 'NONE',  #1196 ) ;
#6041 = ORIENTED_EDGE ( 'NONE', *, *, #41, .F. ) ;
#6042 = ORIENTED_EDGE ( 'NONE', *, *, #5200, .T. ) ;
#6043 = CARTESIAN_POINT ( 'NONE',  ( 299.7811472448777295, 97.54612092654114974, -7.524569595896193341 ) ) ;
#6044 = ORIENTED_EDGE ( 'NONE', *, *, #4499, .F. ) ;
#6045 = ADVANCED_FACE ( 'NONE', ( #4544 ), #1462, .T. ) ;
#6046 = AXIS2_PLACEMENT_3D ( 'NONE', #4555, #1442, #5492 ) ;
#6047 = CARTESIAN_POINT ( 'NONE',  ( 23.90398314678561675, 96.73926122229697455, -7.868369528325454887 ) ) ;
#6048 = FACE_OUTER_BOUND ( 'NONE', #1595, .T. ) ;
#6049 = PLANE ( 'NONE',  #1871 ) ;
#6050 = DIRECTION ( 'NONE',  ( -1.000000000000000000, 0.000000000000000000, 0.000000000000000000 ) ) ;
#6051 = EDGE_CURVE ( 'NONE', #5731, #1600, #1197, .T. ) ;
#6052 = EDGE_LOOP ( 'NONE', ( #231, #4322, #6236, #5590 ) ) ;
#6053 = VERTEX_POINT ( 'NONE', #5546 ) ;
#6054 = DIRECTION ( 'NONE',  ( -1.000000000000000000, 0.000000000000000000, 0.000000000000000000 ) ) ;
#6055 = ADVANCED_FACE ( 'NONE', ( #6145 ), #962, .F. ) ;
#6056 = CARTESIAN_POINT ( 'NONE',  ( 324.3482492305950018, 97.30689417265628549, -7.484395588594367155 ) ) ;
#6057 = ORIENTED_EDGE ( 'NONE', *, *, #568, .F. ) ;
#6058 = VERTEX_POINT ( 'NONE', #5139 ) ;
#6059 = FILL_AREA_STYLE_COLOUR ( '', #2512 ) ;
#6060 = CARTESIAN_POINT ( 'NONE',  ( 23.00000000000000355, 82.48877974498451238, 31.28450654694644939 ) ) ;
#6061 = DIRECTION ( 'NONE',  ( 0.000000000000000000, 0.000000000000000000, 1.000000000000000000 ) ) ;
#6062 = VECTOR ( 'NONE', #1492, 1000.000000000000000 ) ;
#6063 = DIRECTION ( 'NONE',  ( 0.000000000000000000, -0.9986107771491159468, 0.05269265377297461389 ) ) ;
#6064 = ORIENTED_EDGE ( 'NONE', *, *, #5391, .T. ) ;
#6065 = CARTESIAN_POINT ( 'NONE',  ( 47.49291338582636968, 60.89291438582645100, -2.500000000000000000 ) ) ;
#6066 = VECTOR ( 'NONE', #3924, 1000.000000000000000 ) ;
#6067 = AXIS2_PLACEMENT_3D ( 'NONE', #4925, #5457, #5932 ) ;
#6068 = CYLINDRICAL_SURFACE ( 'NONE', #1256, 1.099999999999989875 ) ;
#6069 = DIRECTION ( 'NONE',  ( -1.000000000000000000, 0.000000000000000000, 0.000000000000000000 ) ) ;
#6070 = CARTESIAN_POINT ( 'NONE',  ( 13.59291338582666953, 115.1000000000000085, -0.7525196850389813674 ) ) ;
#6071 = CARTESIAN_POINT ( 'NONE',  ( 299.5000000000000000, 83.49999999999995737, -2.500000000000002220 ) ) ;
#6072 = VERTEX_POINT ( 'NONE', #466 ) ;
#6073 = CIRCLE ( 'NONE', #6179, 3.400000000000007017 ) ;
#6074 = EDGE_CURVE ( 'NONE', #104, #402, #3093, .T. ) ;
#6075 = ORIENTED_EDGE ( 'NONE', *, *, #2269, .F. ) ;
#6076 = CARTESIAN_POINT ( 'NONE',  ( -2.000006614347023870, 96.58292703692754344, -7.151799454040959070 ) ) ;
#6077 = VECTOR ( 'NONE', #3888, 1000.000000000000000 ) ;
#6078 = B_SPLINE_CURVE_WITH_KNOTS ( 'NONE', 3,
 ( #1867, #3808, #5314, #738, #3910, #2827, #3873, #234, #5950, #2295, #5412, #1769, #206, #3234, #266, #6352, #2230, #6415 ),
 .UNSPECIFIED., .F., .F.,
 ( 4, 2, 2, 2, 2, 2, 2, 2, 4 ),
 ( 0.000000000000000000, 0.0005011292283374524674, 0.001002258456674904935, 0.001503387685012357294, 0.002004516913349809869, 0.002505646141687262445, 0.003006775370024714587, 0.003507904598362167163, 0.004009033826699619739 ),
 .UNSPECIFIED. ) ;
#6079 = ORIENTED_EDGE ( 'NONE', *, *, #30, .T. ) ;
#6080 = DIRECTION ( 'NONE',  ( 1.000000000000000000, 0.000000000000000000, 0.000000000000000000 ) ) ;
#6081 = CARTESIAN_POINT ( 'NONE',  ( 352.4716436477942807, 83.52785265049415386, -7.171256905813307547 ) ) ;
#6082 = FACE_OUTER_BOUND ( 'NONE', #6291, .T. ) ;
#6083 = FACE_OUTER_BOUND ( 'NONE', #1827, .T. ) ;
#6084 = ORIENTED_EDGE ( 'NONE', *, *, #2123, .F. ) ;
#6085 = VECTOR ( 'NONE', #1204, 1000.000000000000000 ) ;
#6086 = EDGE_LOOP ( 'NONE', ( #2434, #1233, #5110, #2268 ) ) ;
#6087 = CARTESIAN_POINT ( 'NONE',  ( 324.4656887216178802, 96.91509886271424534, -7.418599418655215771 ) ) ;
#6088 = FACE_OUTER_BOUND ( 'NONE', #404, .T. ) ;
#6089 = ORIENTED_EDGE ( 'NONE', *, *, #1929, .T. ) ;
#6090 = EDGE_CURVE ( 'NONE', #2972, #622, #3434, .T. ) ;
#6091 = ORIENTED_EDGE ( 'NONE', *, *, #4204, .F. ) ;
#6092 = EDGE_CURVE ( 'NONE', #1651, #1517, #2086, .T. ) ;
#6093 = CARTESIAN_POINT ( 'NONE',  ( 0.5000000000000073275, 56.75000000000000000, -8.701999999999998181 ) ) ;
#6094 = CARTESIAN_POINT ( 'NONE',  ( 323.4000000000000341, -2.000000000000001776, 6.299999999999999822 ) ) ;
#6095 = LINE ( 'NONE', #5, #4509 ) ;
#6096 = VERTEX_POINT ( 'NONE', #5043 ) ;
#6097 = DIRECTION ( 'NONE',  ( -1.000000000000000000, 0.000000000000000000, 0.000000000000000000 ) ) ;
#6098 = CARTESIAN_POINT ( 'NONE',  ( 323.5000000000000000, 114.5000000000000000, -6.199999999999997513 ) ) ;
#6099 = CARTESIAN_POINT ( 'NONE',  ( -1.998947172080524748, 96.53970401882803287, -7.140811901862400113 ) ) ;
#6100 = DIRECTION ( 'NONE',  ( -0.000000000000000000, -0.000000000000000000, 1.000000000000000000 ) ) ;
#6101 = ADVANCED_FACE ( 'NONE', ( #6083 ), #1028, .F. ) ;
#6102 = CARTESIAN_POINT ( 'NONE',  ( 299.6409104684913132, 95.74781951739275598, -3.266076671428157496 ) ) ;
#6103 = ORIENTED_EDGE ( 'NONE', *, *, #3308, .T. ) ;
#6104 = AXIS2_PLACEMENT_3D ( 'NONE', #547, #3017, #485 ) ;
#6105 = EDGE_CURVE ( 'NONE', #5922, #1774, #2785, .T. ) ;
#6106 = ORIENTED_EDGE ( 'NONE', *, *, #4515, .T. ) ;
#6107 = CARTESIAN_POINT ( 'NONE',  ( -0.5981753191414839188, 98.22670815631614971, -7.569370452878735556 ) ) ;
#6108 = VERTEX_POINT ( 'NONE', #124 ) ;
#6109 = VECTOR ( 'NONE', #6003, 1000.000000000000000 ) ;
#6110 = VECTOR ( 'NONE', #637, 1000.000000000000000 ) ;
#6111 = DIRECTION ( 'NONE',  ( -0.000000000000000000, -0.000000000000000000, -1.000000000000000000 ) ) ;
#6112 = CARTESIAN_POINT ( 'NONE',  ( 7.492913385826667216, 118.0000000000000711, 5.147480314961017989 ) ) ;
#6113 = DIRECTION ( 'NONE',  ( -1.000000000000000000, 0.000000000000000000, 0.000000000000000000 ) ) ;
#6114 = DIRECTION ( 'NONE',  ( -1.252131230780251791E-16, 1.000000000000000000, -0.000000000000000000 ) ) ;
#6115 = AXIS2_PLACEMENT_3D ( 'NONE', #2655, #123, #5803 ) ;
#6116 = VERTEX_POINT ( 'NONE', #3667 ) ;
#6117 = AXIS2_PLACEMENT_3D ( 'NONE', #1772, #6386, #1274 ) ;
#6118 = ORIENTED_EDGE ( 'NONE', *, *, #4653, .F. ) ;
#6119 = CARTESIAN_POINT ( 'NONE',  ( 323.3877254771755361, 98.19680099791618488, -7.633835724756904639 ) ) ;
#6120 = CARTESIAN_POINT ( 'NONE',  ( -0.8153290554680320268, 99.02068512904293129, -7.988751045106942783 ) ) ;
#6121 = CARTESIAN_POINT ( 'NONE',  ( 327.0000000000000568, 115.5000000000000426, -8.699999999999997513 ) ) ;
#6122 = VERTEX_POINT ( 'NONE', #4167 ) ;
#6123 = ORIENTED_EDGE ( 'NONE', *, *, #2457, .F. ) ;
#6124 = DIRECTION ( 'NONE',  ( -1.252131230780251545E-16, 1.000000000000000000, -0.000000000000000000 ) ) ;
#6125 = PLANE ( 'NONE',  #6017 ) ;
#6126 = ORIENTED_EDGE ( 'NONE', *, *, #3487, .F. ) ;
#6127 = DIRECTION ( 'NONE',  ( -0.000000000000000000, -0.000000000000000000, 1.000000000000000000 ) ) ;
#6128 = ORIENTED_EDGE ( 'NONE', *, *, #543, .F. ) ;
#6129 = CIRCLE ( 'NONE', #5914, 4.000000000000003553 ) ;
#6130 = EDGE_CURVE ( 'NONE', #2891, #5783, #2252, .T. ) ;
#6131 = CARTESIAN_POINT ( 'NONE',  ( 299.0000000000000568, 96.52710814585785215, -7.857175068121859951 ) ) ;
#6132 = CARTESIAN_POINT ( 'NONE',  ( -1.994205054665897814, 96.62242784986953836, -7.161832313057566957 ) ) ;
#6133 = DIRECTION ( 'NONE',  ( 0.000000000000000000, -0.9986107771491159468, 0.05269265377297461389 ) ) ;
#6134 = CARTESIAN_POINT ( 'NONE',  ( 34.26136289981529615, 98.22670040036237538, -7.569368482627729655 ) ) ;
#6135 = EDGE_LOOP ( 'NONE', ( #6610, #5821, #5100, #614 ) ) ;
#6136 = AXIS2_PLACEMENT_3D ( 'NONE', #2819, #3461, #3901 ) ;
#6137 = ORIENTED_EDGE ( 'NONE', *, *, #3436, .T. ) ;
#6138 = CARTESIAN_POINT ( 'NONE',  ( -1.999999999999985345, 114.3999999999999915, -7.099999999999941025 ) ) ;
#6139 = EDGE_LOOP ( 'NONE', ( #5068, #412 ) ) ;
#6140 = AXIS2_PLACEMENT_3D ( 'NONE', #2522, #1025, #6080 ) ;
#6141 = EDGE_CURVE ( 'NONE', #2223, #4008, #6007, .T. ) ;
#6142 = CARTESIAN_POINT ( 'NONE',  ( 14.49291338582666633, 115.1000000000000085, 1.647480314961015324 ) ) ;
#6143 = DIRECTION ( 'NONE',  ( 1.000000000000000000, 0.000000000000000000, -0.000000000000000000 ) ) ;
#6144 = FACE_OUTER_BOUND ( 'NONE', #5918, .T. ) ;
#6145 = FACE_OUTER_BOUND ( 'NONE', #99, .T. ) ;
#6146 = AXIS2_PLACEMENT_3D ( 'NONE', #2207, #6332, #3722 ) ;
#6147 = CIRCLE ( 'NONE', #5824, 2.500000000000000888 ) ;
#6148 = VERTEX_POINT ( 'NONE', #1923 ) ;
#6149 = CARTESIAN_POINT ( 'NONE',  ( -5.000000000000000000, -2.000000000000000444, 6.299999999999999822 ) ) ;
#6150 = CARTESIAN_POINT ( 'NONE',  ( 104.8999999999999915, -1.999999999999974021, 6.299999999999999822 ) ) ;
#6151 = AXIS2_PLACEMENT_3D ( 'NONE', #661, #1625, #3255 ) ;
#6152 = CARTESIAN_POINT ( 'NONE',  ( 26.00000000000000000, 94.80613420518679391, -3.000000000000014655 ) ) ;
#6153 = ORIENTED_EDGE ( 'NONE', *, *, #1745, .F. ) ;
#6154 = VERTEX_POINT ( 'NONE', #3897 ) ;
#6155 = B_SPLINE_CURVE_WITH_KNOTS ( 'NONE', 1,
 ( #1033, #4068 ),
 .UNSPECIFIED., .F., .F.,
 ( 2, 2 ),
 ( 0.000000000000000000, 1.000000000000000000 ),
 .UNSPECIFIED. ) ;
#6156 = CARTESIAN_POINT ( 'NONE',  ( 3.992913385826666328, 115.1000000000000085, 1.647480314961016656 ) ) ;
#6157 = ORIENTED_EDGE ( 'NONE', *, *, #294, .T. ) ;
#6158 = EDGE_CURVE ( 'NONE', #3158, #1600, #2955, .T. ) ;
#6159 = DIRECTION ( 'NONE',  ( 0.000000000000000000, -0.9986107771491159468, 0.05269265377297461389 ) ) ;
#6160 = VERTEX_POINT ( 'NONE', #5370 ) ;
#6161 = DIRECTION ( 'NONE',  ( -0.000000000000000000, -0.000000000000000000, -1.000000000000000000 ) ) ;
#6162 = DIRECTION ( 'NONE',  ( -1.000000000000000000, 0.000000000000000000, 0.000000000000000000 ) ) ;
#6163 = CARTESIAN_POINT ( 'NONE',  ( -0.5000000000000002220, 98.22670040036237538, -7.569368482627729655 ) ) ;
#6164 = CARTESIAN_POINT ( 'NONE',  ( -0.07692307692307447098, 58.34742766594579422, -1.000000000000000000 ) ) ;
#6165 = FACE_OUTER_BOUND ( 'NONE', #2957, .T. ) ;
#6166 = ORIENTED_EDGE ( 'NONE', *, *, #2874, .F. ) ;
#6167 = VERTEX_POINT ( 'NONE', #795 ) ;
#6168 = CARTESIAN_POINT ( 'NONE',  ( 327.5000000000000000, -1.999999999999960476, -2.000000000000047073 ) ) ;
#6169 = CIRCLE ( 'NONE', #3923, 4.000000000000003553 ) ;
#6170 = ORIENTED_EDGE ( 'NONE', *, *, #5235, .T. ) ;
#6171 = AXIS2_PLACEMENT_3D ( 'NONE', #5833, #247, #2873 ) ;
#6172 = EDGE_CURVE ( 'NONE', #2342, #6300, #4824, .T. ) ;
#6173 = LINE ( 'NONE', #6047, #5498 ) ;
#6174 = CARTESIAN_POINT ( 'NONE',  ( 21.98168819006595243, 98.13453608802733186, -7.545951811754891381 ) ) ;
#6175 = AXIS2_PLACEMENT_3D ( 'NONE', #4593, #3654, #515 ) ;
#6176 = DIRECTION ( 'NONE',  ( 0.000000000000000000, 0.9986107771491159468, -0.05269265377297461389 ) ) ;
#6177 = DIRECTION ( 'NONE',  ( -1.000000000000000000, 0.000000000000000000, 0.000000000000000000 ) ) ;
#6178 = AXIS2_PLACEMENT_3D ( 'NONE', #4112, #3142, #6159 ) ;
#6179 = AXIS2_PLACEMENT_3D ( 'NONE', #6248, #4202, #5708 ) ;
#6180 = ORIENTED_EDGE ( 'NONE', *, *, #5776, .T. ) ;
#6181 = CARTESIAN_POINT ( 'NONE',  ( 324.0939750601208971, 97.71790616149721131, -7.553417740236694655 ) ) ;
#6182 = DIRECTION ( 'NONE',  ( -1.252131230780251545E-16, 1.000000000000000000, -0.000000000000000000 ) ) ;
#6183 = EDGE_CURVE ( 'NONE', #1436, #4008, #3007, .T. ) ;
#6184 = EDGE_CURVE ( 'NONE', #73, #4711, #4365, .T. ) ;
#6185 = ADVANCED_FACE ( 'NONE', ( #3862 ), #4902, .F. ) ;
#6186 = VECTOR ( 'NONE', #708, 1000.000000000000000 ) ;
#6187 = EDGE_CURVE ( 'NONE', #6072, #5252, #3056, .T. ) ;
#6188 = CARTESIAN_POINT ( 'NONE',  ( 23.00000000000000711, 94.80613420518679391, -4.750000000000002665 ) ) ;
#6189 = ORIENTED_EDGE ( 'NONE', *, *, #5768, .T. ) ;
#6190 = VERTEX_POINT ( 'NONE', #6168 ) ;
#6191 = LINE ( 'NONE', #4078, #2396 ) ;
#6192 = CARTESIAN_POINT ( 'NONE',  ( 23.00000000000000355, 83.73047434235311925, -2.500000000000002220 ) ) ;
#6193 = ORIENTED_EDGE ( 'NONE', *, *, #4727, .F. ) ;
#6194 = DIRECTION ( 'NONE',  ( 0.000000000000000000, 0.000000000000000000, -1.000000000000000000 ) ) ;
#6195 = ORIENTED_EDGE ( 'NONE', *, *, #2494, .T. ) ;
#6196 = VERTEX_POINT ( 'NONE', #17 ) ;
#6197 = CARTESIAN_POINT ( 'NONE',  ( -2.000000000000001776, -1.999999999999960920, -1.999999999999999556 ) ) ;
#6198 = DIRECTION ( 'NONE',  ( 0.000000000000000000, 1.000000000000000000, 0.000000000000000000 ) ) ;
#6199 = CARTESIAN_POINT ( 'NONE',  ( 322.3000000000000114, 56.75000000000000000, -2.500000000000003553 ) ) ;
#6200 = CARTESIAN_POINT ( 'NONE',  ( -3.099999999999999645, -1.999999999999960920, 6.299999999999999822 ) ) ;
#6201 = LINE ( 'NONE', #5359, #556 ) ;
#6202 = EDGE_LOOP ( 'NONE', ( #1307, #6334 ) ) ;
#6203 = ORIENTED_EDGE ( 'NONE', *, *, #3535, .T. ) ;
#6204 = CARTESIAN_POINT ( 'NONE',  ( 47.49291338582636968, 60.39291438582644389, 6.301000000000110290 ) ) ;
#6205 = ORIENTED_EDGE ( 'NONE', *, *, #2391, .F. ) ;
#6206 = DIRECTION ( 'NONE',  ( 0.000000000000000000, 0.000000000000000000, 1.000000000000000000 ) ) ;
#6207 = CARTESIAN_POINT ( 'NONE',  ( 21.59781072082781250, 98.22670193514204584, -7.569372699400203075 ) ) ;
#6208 = DIRECTION ( 'NONE',  ( -0.000000000000000000, -0.5949663422383617561, -0.8037506153052106361 ) ) ;
#6209 = DIRECTION ( 'NONE',  ( -1.000000000000000000, 0.000000000000000000, 0.000000000000000000 ) ) ;
#6210 = AXIS2_PLACEMENT_3D ( 'NONE', #292, #864, #6555 ) ;
#6211 = ORIENTED_EDGE ( 'NONE', *, *, #4372, .F. ) ;
#6212 = EDGE_CURVE ( 'NONE', #6072, #2987, #233, .T. ) ;
#6213 = CARTESIAN_POINT ( 'NONE',  ( 324.4959856709514270, 96.68317675586172300, -7.379654024738949047 ) ) ;
#6214 = FACE_OUTER_BOUND ( 'NONE', #3932, .T. ) ;
#6215 = VECTOR ( 'NONE', #1133, 1000.000000000000000 ) ;
#6216 = CARTESIAN_POINT ( 'NONE',  ( 216.5000000000000568, 115.5000000000000000, -8.199999999999935341 ) ) ;
#6217 = AXIS2_PLACEMENT_3D ( 'NONE', #4856, #348, #1743 ) ;
#6218 = AXIS2_PLACEMENT_3D ( 'NONE', #840, #1618, #2232 ) ;
#6219 = LINE ( 'NONE', #4105, #5676 ) ;
#6220 = ORIENTED_EDGE ( 'NONE', *, *, #5485, .F. ) ;
#6221 = ORIENTED_EDGE ( 'NONE', *, *, #254, .T. ) ;
#6222 = ADVANCED_FACE ( 'NONE', ( #3589 ), #2050, .F. ) ;
#6223 = EDGE_CURVE ( 'NONE', #4363, #6053, #2492, .T. ) ;
#6224 = EDGE_CURVE ( 'NONE', #2714, #279, #5101, .T. ) ;
#6225 = DIRECTION ( 'NONE',  ( 0.2263958909156639776, -0.6887470147218430760, 0.6887470147218440752 ) ) ;
#6226 = ORIENTED_EDGE ( 'NONE', *, *, #3673, .T. ) ;
#6227 = CARTESIAN_POINT ( 'NONE',  ( 319.5000000000000000, 110.5000000000000426, 6.299999999999999822 ) ) ;
#6228 = ORIENTED_EDGE ( 'NONE', *, *, #3089, .T. ) ;
#6229 = ORIENTED_EDGE ( 'NONE', *, *, #3097, .F. ) ;
#6230 = VECTOR ( 'NONE', #6225, 1000.000000000000000 ) ;
#6231 = DIRECTION ( 'NONE',  ( 0.7071067811865573427, 0.7071067811865376918, 1.927420351798095304E-32 ) ) ;
#6232 = CARTESIAN_POINT ( 'NONE',  ( 14.49291338582666810, 98.84752415750148202, 5.147480314961017100 ) ) ;
#6233 = CARTESIAN_POINT ( 'NONE',  ( -1.162665647897870969, 98.04680156178028483, -7.523663919217765006 ) ) ;
#6234 = FACE_OUTER_BOUND ( 'NONE', #3780, .T. ) ;
#6235 = DIRECTION ( 'NONE',  ( -0.000000000000000000, -0.000000000000000000, -1.000000000000000000 ) ) ;
#6236 = ORIENTED_EDGE ( 'NONE', *, *, #2421, .F. ) ;
#6237 = VERTEX_POINT ( 'NONE', #6138 ) ;
#6238 = EDGE_LOOP ( 'NONE', ( #6103, #1585, #6356, #2668 ) ) ;
#6239 = DIRECTION ( 'NONE',  ( 1.000000000000000000, -1.508455196501570936E-16, -4.361254403050800956E-32 ) ) ;
#6240 = DIRECTION ( 'NONE',  ( -1.000000000000000000, 0.000000000000000000, 0.000000000000000000 ) ) ;
#6241 = CIRCLE ( 'NONE', #4431, 1.099999999999998090 ) ;
#6242 = DIRECTION ( 'NONE',  ( 1.000000000000000000, 1.226045163472329843E-16, 0.000000000000000000 ) ) ;
#6243 = DIRECTION ( 'NONE',  ( 1.000000000000000000, 1.222859769274868068E-16, 0.000000000000000000 ) ) ;
#6244 =( BOUNDED_CURVE ( )  B_SPLINE_CURVE ( 3, ( #6280, #4704, #3192, #5206 ),
 .UNSPECIFIED., .F., .F. ) 
 B_SPLINE_CURVE_WITH_KNOTS ( ( 4, 4 ),
 ( 1.003290306807972878E-16, 1.570796326794896780 ),
 .UNSPECIFIED. ) 
 CURVE ( )  GEOMETRIC_REPRESENTATION_ITEM ( )  RATIONAL_B_SPLINE_CURVE ( ( 1.000000000000000000, 0.8047378541243649375, 0.8047378541243649375, 1.000000000000000000 ) ) 
 REPRESENTATION_ITEM ( '' )  );
#6245 = AXIS2_PLACEMENT_3D ( 'NONE', #826, #3936, #1395 ) ;
#6246 = ORIENTED_EDGE ( 'NONE', *, *, #4217, .T. ) ;
#6247 = CARTESIAN_POINT ( 'NONE',  ( 23.90398314678561320, 83.52785265049415386, -7.171256905813307547 ) ) ;
#6248 = CARTESIAN_POINT ( 'NONE',  ( 47.49291338582636968, 56.99291438582643821, -1.000000000000000000 ) ) ;
#6249 = DIRECTION ( 'NONE',  ( 1.000000000000000000, 1.226045163472329843E-16, 0.000000000000000000 ) ) ;
#6250 = CIRCLE ( 'NONE', #166, 1.099999999999989875 ) ;
#6251 = CYLINDRICAL_SURFACE ( 'NONE', #6435, 2.199999999999979750 ) ;
#6252 = ORIENTED_EDGE ( 'NONE', *, *, #671, .F. ) ;
#6253 = ORIENTED_EDGE ( 'NONE', *, *, #4094, .F. ) ;
#6254 = CONICAL_SURFACE ( 'NONE', #4108, 2.199999999999998401, 0.7853981633974483900 ) ;
#6255 = EDGE_CURVE ( 'NONE', #4363, #6237, #1086, .T. ) ;
#6256 = CARTESIAN_POINT ( 'NONE',  ( 3.000000000000000444, 52.59668806854095635, -8.701999999999998181 ) ) ;
#6257 = EDGE_LOOP ( 'NONE', ( #3739, #376, #238, #239 ) ) ;
#6258 = CARTESIAN_POINT ( 'NONE',  ( 324.7481479440767203, 97.61865731554338765, -7.914771705160585036 ) ) ;
#6259 = ORIENTED_EDGE ( 'NONE', *, *, #4287, .T. ) ;
#6260 = VERTEX_POINT ( 'NONE', #3024 ) ;
#6261 = CARTESIAN_POINT ( 'NONE',  ( -1.999999999999985345, 114.4000000000000057, -8.699999999999931788 ) ) ;
#6262 = LINE ( 'NONE', #1046, #3215 ) ;
#6263 = FACE_OUTER_BOUND ( 'NONE', #802, .T. ) ;
#6264 = FACE_OUTER_BOUND ( 'NONE', #816, .T. ) ;
#6265 = EDGE_CURVE ( 'NONE', #1899, #2715, #1552, .T. ) ;
#6266 = LINE ( 'NONE', #2209, #4927 ) ;
#6267 = ORIENTED_EDGE ( 'NONE', *, *, #5611, .T. ) ;
#6268 = EDGE_CURVE ( 'NONE', #4918, #5539, #4633, .T. ) ;
#6269 = ORIENTED_EDGE ( 'NONE', *, *, #5841, .T. ) ;
#6270 = EDGE_LOOP ( 'NONE', ( #2134, #5123, #4106, #3057 ) ) ;
#6271 = LINE ( 'NONE', #2246, #2574 ) ;
#6272 = DIRECTION ( 'NONE',  ( -5.159220625078209476E-17, -0.3420201433256715440, 0.9396926207859075397 ) ) ;
#6273 = FACE_OUTER_BOUND ( 'NONE', #6476, .T. ) ;
#6274 = DIRECTION ( 'NONE',  ( 1.000000000000000000, 1.252131230780251545E-16, -3.620169068397056261E-32 ) ) ;
#6275 = EDGE_CURVE ( 'NONE', #963, #2198, #884, .T. ) ;
#6276 = VECTOR ( 'NONE', #2084, 1000.000000000000000 ) ;
#6277 = CARTESIAN_POINT ( 'NONE',  ( 103.7999999999999972, -1.999999999999974021, -1.999999999999999556 ) ) ;
#6278 = ORIENTED_EDGE ( 'NONE', *, *, #6517, .T. ) ;
#6279 = AXIS2_PLACEMENT_3D ( 'NONE', #3583, #6572, #3517 ) ;
#6280 = CARTESIAN_POINT ( 'NONE',  ( 323.0000000000000000, 96.38160116615864581, -2.500000000000002220 ) ) ;
#6281 = DIRECTION ( 'NONE',  ( 0.000000000000000000, 1.000000000000000000, 0.000000000000000000 ) ) ;
#6282 = CIRCLE ( 'NONE', #6171, 4.000000000000003553 ) ;
#6283 = CARTESIAN_POINT ( 'NONE',  ( 301.0000000000000000, 98.25363967881312988, -7.643383541867599718 ) ) ;
#6284 = CIRCLE ( 'NONE', #6609, 3.999999999999894307 ) ;
#6285 = ORIENTED_EDGE ( 'NONE', *, *, #1681, .T. ) ;
#6286 = ORIENTED_EDGE ( 'NONE', *, *, #1124, .F. ) ;
#6287 = DIRECTION ( 'NONE',  ( -1.000000000000000000, 1.734723475976805517E-15, 0.000000000000000000 ) ) ;
#6288 = VERTEX_POINT ( 'NONE', #592 ) ;
#6289 = ADVANCED_FACE ( 'NONE', ( #2018 ), #4866, .T. ) ;
#6290 = CARTESIAN_POINT ( 'NONE',  ( 324.2300903487663959, 98.26142979652281895, -7.948688210539924803 ) ) ;
#6291 = EDGE_LOOP ( 'NONE', ( #765, #3985, #4879, #4457 ) ) ;
#6292 = EDGE_LOOP ( 'NONE', ( #429, #4107, #5614, #791 ) ) ;
#6293 = ADVANCED_FACE ( 'NONE', ( #3366 ), #6354, .F. ) ;
#6294 = CARTESIAN_POINT ( 'NONE',  ( 23.88848703178370769, 96.77074477964930566, -7.870030788372985420 ) ) ;
#6295 = DIRECTION ( 'NONE',  ( 0.000000000000000000, -0.9986107771491159468, 0.05269265377297461389 ) ) ;
#6296 = CARTESIAN_POINT ( 'NONE',  ( -4.199999999999993960, 56.75000000000002132, -2.500000000000003553 ) ) ;
#6297 = DIRECTION ( 'NONE',  ( -0.000000000000000000, -0.000000000000000000, -1.000000000000000000 ) ) ;
#6298 = CARTESIAN_POINT ( 'NONE',  ( -5.000000000000000000, 94.80613420518679391, -6.499999999999997335 ) ) ;
#6299 = ORIENTED_EDGE ( 'NONE', *, *, #5715, .T. ) ;
#6300 = VERTEX_POINT ( 'NONE', #2298 ) ;
#6301 = ORIENTED_EDGE ( 'NONE', *, *, #753, .T. ) ;
#6302 = EDGE_CURVE ( 'NONE', #1038, #781, #3777, .T. ) ;
#6303 = LINE ( 'NONE', #1713, #5419 ) ;
#6304 = DIRECTION ( 'NONE',  ( -0.000000000000000000, -0.000000000000000000, 1.000000000000000000 ) ) ;
#6305 = CARTESIAN_POINT ( 'NONE',  ( 22.98499095818721827, 96.71641968990591920, -7.185708115160078790 ) ) ;
#6306 = EDGE_CURVE ( 'NONE', #2063, #3140, #3267, .T. ) ;
#6307 = DIRECTION ( 'NONE',  ( 1.000000000000000000, 0.000000000000000000, 0.000000000000000000 ) ) ;
#6308 = LINE ( 'NONE', #1294, #603 ) ;
#6309 = EDGE_LOOP ( 'NONE', ( #5048, #3638, #6166, #652, #5220 ) ) ;
#6310 = PLANE ( 'NONE',  #4842 ) ;
#6311 = DIRECTION ( 'NONE',  ( 1.000000000000000000, 0.000000000000000000, 0.000000000000000000 ) ) ;
#6312 = DIRECTION ( 'NONE',  ( -0.6207968132521789473, -0.7682540292248989378, -0.1561955928816416428 ) ) ;
#6313 = CARTESIAN_POINT ( 'NONE',  ( 324.5000000000000000, -2.000000000000001776, -0.9000000000000010214 ) ) ;
#6314 = AXIS2_PLACEMENT_3D ( 'NONE', #6542, #2983, #1417 ) ;
#6315 = DIRECTION ( 'NONE',  ( -0.000000000000000000, 2.891205793294675861E-16, -1.000000000000000000 ) ) ;
#6316 = ORIENTED_EDGE ( 'NONE', *, *, #4598, .T. ) ;
#6317 = ORIENTED_EDGE ( 'NONE', *, *, #2805, .F. ) ;
#6318 = AXIS2_PLACEMENT_3D ( 'NONE', #2711, #3723, #79 ) ;
#6319 = VECTOR ( 'NONE', #5273, 1000.000000000000000 ) ;
#6320 = DIRECTION ( 'NONE',  ( -1.000000000000000000, 0.000000000000000000, 0.000000000000000000 ) ) ;
#6321 = ORIENTED_EDGE ( 'NONE', *, *, #4337, .F. ) ;
#6322 = CIRCLE ( 'NONE', #2145, 2.199999999999979750 ) ;
#6323 = AXIS2_PLACEMENT_3D ( 'NONE', #4399, #320, #2348 ) ;
#6324 = CARTESIAN_POINT ( 'NONE',  ( -0.8146759045899543139, 99.02086253215480838, -7.988760405951998322 ) ) ;
#6325 = AXIS2_PLACEMENT_3D ( 'NONE', #5609, #2624, #4064 ) ;
#6326 = ORIENTED_EDGE ( 'NONE', *, *, #2697, .F. ) ;
#6327 = EDGE_CURVE ( 'NONE', #5823, #6395, #3811, .T. ) ;
#6328 = VERTEX_POINT ( 'NONE', #2796 ) ;
#6329 = CARTESIAN_POINT ( 'NONE',  ( 22.41498514428117872, 97.86631621723903152, -7.477819807723775192 ) ) ;
#6330 = CYLINDRICAL_SURFACE ( 'NONE', #2280, 2.200000000000007283 ) ;
#6331 = CARTESIAN_POINT ( 'NONE',  ( 13.59291338582668551, -5.001000000000047407, 4.047480314961017456 ) ) ;
#6332 = DIRECTION ( 'NONE',  ( 0.000000000000000000, -0.000000000000000000, -1.000000000000000000 ) ) ;
#6333 = CARTESIAN_POINT ( 'NONE',  ( 299.0000000000000568, 83.00000000000000000, -2.500000000000000000 ) ) ;
#6334 = ORIENTED_EDGE ( 'NONE', *, *, #3392, .F. ) ;
#6335 = ORIENTED_EDGE ( 'NONE', *, *, #1633, .T. ) ;
#6336 = ADVANCED_FACE ( 'NONE', ( #5696 ), #4846, .F. ) ;
#6337 = AXIS2_PLACEMENT_3D ( 'NONE', #2164, #674, #4243 ) ;
#6338 = CARTESIAN_POINT ( 'NONE',  ( -5.000000000000000000, -5.000000000000000888, -2.000000000000047073 ) ) ;
#6339 = LINE ( 'NONE', #5167, #5502 ) ;
#6340 = CARTESIAN_POINT ( 'NONE',  ( 22.96848746079940540, 96.82653241633975938, -7.213682265389599557 ) ) ;
#6341 = FACE_OUTER_BOUND ( 'NONE', #6524, .T. ) ;
#6342 = DIRECTION ( 'NONE',  ( -1.761558150896387094E-16, 0.7071067811865189290, -0.7071067811865761055 ) ) ;
#6343 = AXIS2_PLACEMENT_3D ( 'NONE', #1756, #1723, #759 ) ;
#6344 = CARTESIAN_POINT ( 'NONE',  ( 47.49291338582636968, 53.09291438582642542, -2.500000000000000000 ) ) ;
#6345 = DIRECTION ( 'NONE',  ( -0.000000000000000000, -0.000000000000000000, 1.000000000000000000 ) ) ;
#6346 = DIRECTION ( 'NONE',  ( 1.000000000000000000, 0.000000000000000000, 0.000000000000000000 ) ) ;
#6347 = CARTESIAN_POINT ( 'NONE',  ( 299.4932258588714831, 97.96112245999547952, -7.932842206399763008 ) ) ;
#6348 = AXIS2_PLACEMENT_3D ( 'NONE', #4367, #5907, #4445 ) ;
#6349 = EDGE_LOOP ( 'NONE', ( #2491, #4772, #5285, #1003 ) ) ;
#6350 = VERTEX_POINT ( 'NONE', #5822 ) ;
#6351 = CIRCLE ( 'NONE', #6038, 2.500000000000055067 ) ;
#6352 = CARTESIAN_POINT ( 'NONE',  ( 22.97611109730237189, 95.30495775582507179, -3.064685173132724483 ) ) ;
#6353 = ORIENTED_EDGE ( 'NONE', *, *, #2537, .F. ) ;
#6354 = CYLINDRICAL_SURFACE ( 'NONE', #6117, 4.000000000000003553 ) ;
#6355 = ORIENTED_EDGE ( 'NONE', *, *, #5393, .T. ) ;
#6356 = ORIENTED_EDGE ( 'NONE', *, *, #6212, .F. ) ;
#6357 = DIRECTION ( 'NONE',  ( -1.000000000000000000, 0.000000000000000000, 0.000000000000000000 ) ) ;
#6358 = DIRECTION ( 'NONE',  ( 0.000000000000000000, -0.7071067811865573427, -0.7071067811865376918 ) ) ;
#6359 = CARTESIAN_POINT ( 'NONE',  ( -1.714537491580399475, 96.11695859817558585, -3.579052913409949799 ) ) ;
#6360 = DIRECTION ( 'NONE',  ( 0.000000000000000000, 0.000000000000000000, 1.000000000000000000 ) ) ;
#6361 = DIRECTION ( 'NONE',  ( 0.000000000000000000, 0.000000000000000000, -1.000000000000000000 ) ) ;
#6362 = ORIENTED_EDGE ( 'NONE', *, *, #1180, .T. ) ;
#6363 = CIRCLE ( 'NONE', #65, 2.199999999999979750 ) ;
#6364 = VERTEX_POINT ( 'NONE', #306 ) ;
#6365 = VECTOR ( 'NONE', #5267, 1000.000000000000114 ) ;
#6366 = CARTESIAN_POINT ( 'NONE',  ( 324.5000000000000000, 117.6999999999999886, -8.199999999999935341 ) ) ;
#6367 = DIRECTION ( 'NONE',  ( -1.000000000000000000, 0.000000000000000000, 0.000000000000000000 ) ) ;
#6368 = CARTESIAN_POINT ( 'NONE',  ( 22.99139368542415696, 96.65599375134308957, -7.170360197508470534 ) ) ;
#6369 = DIRECTION ( 'NONE',  ( 0.000000000000000000, -0.000000000000000000, 1.000000000000000000 ) ) ;
#6370 = DIRECTION ( 'NONE',  ( -0.000000000000000000, -0.000000000000000000, 1.000000000000000000 ) ) ;
#6371 = EDGE_CURVE ( 'NONE', #6148, #1363, #5318, .T. ) ;
#6372 = CYLINDRICAL_SURFACE ( 'NONE', #2068, 2.500000000000002220 ) ;
#6373 = DIRECTION ( 'NONE',  ( 0.000000000000000000, 0.000000000000000000, -1.000000000000000000 ) ) ;
#6374 = VECTOR ( 'NONE', #3484, 1000.000000000000000 ) ;
#6375 = LINE ( 'NONE', #6407, #493 ) ;
#6376 = CARTESIAN_POINT ( 'NONE',  ( 327.5000000000000000, 94.80613420518679391, -6.499999999999997335 ) ) ;
#6377 = CIRCLE ( 'NONE', #4885, 2.199999999999998401 ) ;
#6378 = ORIENTED_EDGE ( 'NONE', *, *, #1235, .F. ) ;
#6379 = EDGE_CURVE ( 'NONE', #5983, #4162, #5672, .T. ) ;
#6380 = EDGE_CURVE ( 'NONE', #6416, #6557, #5856, .T. ) ;
#6381 = ADVANCED_FACE ( 'NONE', ( #6417 ), #1835, .F. ) ;
#6382 = VECTOR ( 'NONE', #6311, 1000.000000000000000 ) ;
#6383 = DIRECTION ( 'NONE',  ( 1.000000000000000000, 0.000000000000000000, 0.000000000000000000 ) ) ;
#6384 = ORIENTED_EDGE ( 'NONE', *, *, #3112, .T. ) ;
#6385 = AXIS2_PLACEMENT_3D ( 'NONE', #3077, #5124, #1072 ) ;
#6386 = DIRECTION ( 'NONE',  ( 0.000000000000000000, 0.000000000000000000, 1.000000000000000000 ) ) ;
#6387 = VERTEX_POINT ( 'NONE', #4882 ) ;
#6388 = ORIENTED_EDGE ( 'NONE', *, *, #3797, .T. ) ;
#6389 = CIRCLE ( 'NONE', #96, 4.000000000000003553 ) ;
#6390 = DIRECTION ( 'NONE',  ( -0.7071067811865390240, 0.000000000000000000, -0.7071067811865561215 ) ) ;
#6391 = LINE ( 'NONE', #5421, #1771 ) ;
#6392 = PLANE ( 'NONE',  #223 ) ;
#6393 = CARTESIAN_POINT ( 'NONE',  ( 324.4057850594343790, 95.60785505208275481, -3.185917302703427989 ) ) ;
#6394 = DIRECTION ( 'NONE',  ( 0.000000000000000000, 0.000000000000000000, 1.000000000000000000 ) ) ;
#6395 = VERTEX_POINT ( 'NONE', #2733 ) ;
#6396 = ORIENTED_EDGE ( 'NONE', *, *, #54, .T. ) ;
#6397 = EDGE_CURVE ( 'NONE', #6328, #5818, #1993, .T. ) ;
#6398 = CARTESIAN_POINT ( 'NONE',  ( 13.59291338582666953, 115.1000000000000085, 1.647480314961016878 ) ) ;
#6399 = CARTESIAN_POINT ( 'NONE',  ( 107.5974276659457871, -0.07692307692307273626, -1.000000000000000000 ) ) ;
#6400 = CARTESIAN_POINT ( 'NONE',  ( 22.97011429009017647, 96.81722029027018550, -7.211317134765556247 ) ) ;
#6401 = CARTESIAN_POINT ( 'NONE',  ( 104.4025723340542413, -0.07692307692307273626, -1.000000000000000000 ) ) ;
#6402 = VERTEX_POINT ( 'NONE', #3876 ) ;
#6403 = CARTESIAN_POINT ( 'NONE',  ( 5.517203235625551716E-16, -4.500000000000055067, -2.500000000000000000 ) ) ;
#6404 = CARTESIAN_POINT ( 'NONE',  ( -0.8999999999999948042, 56.75000000000002132, -2.500000000000000000 ) ) ;
#6405 = DIRECTION ( 'NONE',  ( 0.000000000000000000, 1.000000000000000000, 0.000000000000000000 ) ) ;
#6406 = DIRECTION ( 'NONE',  ( 0.6995459200040605729, -0.7145876473923072902, 0.000000000000000000 ) ) ;
#6407 = CARTESIAN_POINT ( 'NONE',  ( 53.49291338582637678, 60.39291438582644389, -1.999999999999980904 ) ) ;
#6408 = DIRECTION ( 'NONE',  ( 0.7071067811865447972, 8.659560562354899578E-17, -0.7071067811865502373 ) ) ;
#6409 = CARTESIAN_POINT ( 'NONE',  ( 106.0000000000000000, -1.999999999999974021, -1.999999999999999556 ) ) ;
#6410 = CARTESIAN_POINT ( 'NONE',  ( 106.0000000000000142, 115.5000000000000000, -8.699999999999931788 ) ) ;
#6411 = EDGE_CURVE ( 'NONE', #2637, #2336, #5919, .T. ) ;
#6412 = ORIENTED_EDGE ( 'NONE', *, *, #5003, .T. ) ;
#6413 = PLANE ( 'NONE',  #3566 ) ;
#6414 = AXIS2_PLACEMENT_3D ( 'NONE', #311, #5889, #4426 ) ;
#6415 = CARTESIAN_POINT ( 'NONE',  ( 23.00000000000000711, 94.97012234149306664, -3.007700401437580329 ) ) ;
#6416 = VERTEX_POINT ( 'NONE', #2267 ) ;
#6417 = FACE_OUTER_BOUND ( 'NONE', #3745, .T. ) ;
#6418 = ORIENTED_EDGE ( 'NONE', *, *, #5898, .F. ) ;
#6419 = CIRCLE ( 'NONE', #4072, 2.200000000000007283 ) ;
#6420 = ADVANCED_FACE ( 'NONE', ( #1342 ), #5415, .F. ) ;
#6421 = VERTEX_POINT ( 'NONE', #3662 ) ;
#6422 = EDGE_CURVE ( 'NONE', #6196, #1422, #4275, .T. ) ;
#6423 = CARTESIAN_POINT ( 'NONE',  ( 110.1533119314590294, 3.000000000000012879, -8.701999999999998181 ) ) ;
#6424 = DIRECTION ( 'NONE',  ( -0.000000000000000000, 2.891205793294675861E-16, -1.000000000000000000 ) ) ;
#6425 = CARTESIAN_POINT ( 'NONE',  ( -1.999999999999993561, 56.75000000000002132, -1.999999999999999556 ) ) ;
#6426 = DIRECTION ( 'NONE',  ( -1.000000000000000000, -1.283000413665435261E-16, 0.000000000000000000 ) ) ;
#6427 = CIRCLE ( 'NONE', #3005, 4.000000000000000000 ) ;
#6428 = CARTESIAN_POINT ( 'NONE',  ( -1.000000000000000000, 103.3667848596428485, -6.199999999999997513 ) ) ;
#6429 = VERTEX_POINT ( 'NONE', #5987 ) ;
#6430 = CIRCLE ( 'NONE', #5785, 4.000000000000003553 ) ;
#6431 = VECTOR ( 'NONE', #3629, 1000.000000000000000 ) ;
#6432 = CARTESIAN_POINT ( 'NONE',  ( 299.0000000000000568, 83.00000000000000000, -6.643404255319152796 ) ) ;
#6433 = CARTESIAN_POINT ( 'NONE',  ( -4.500000000000060396, 83.52785265049415386, -7.171256905813307547 ) ) ;
#6434 = CARTESIAN_POINT ( 'NONE',  ( 327.5000000000000000, -5.052582851014895127, -1.996529837783032946 ) ) ;
#6435 = AXIS2_PLACEMENT_3D ( 'NONE', #3705, #1164, #3196 ) ;
#6436 = CYLINDRICAL_SURFACE ( 'NONE', #5633, 2.200000000000000178 ) ;
#6437 = DIRECTION ( 'NONE',  ( -1.000000000000000000, 0.000000000000000000, 0.000000000000000000 ) ) ;
#6438 = ORIENTED_EDGE ( 'NONE', *, *, #2593, .F. ) ;
#6439 = ORIENTED_EDGE ( 'NONE', *, *, #453, .T. ) ;
#6440 = CARTESIAN_POINT ( 'NONE',  ( 300.1458861255863440, 97.95138518775482339, -7.592625331402389044 ) ) ;
#6441 = LINE ( 'NONE', #2387, #3037 ) ;
#6442 = CARTESIAN_POINT ( 'NONE',  ( 28.99999999999999645, 84.49999999999995737, 41.42640687119293830 ) ) ;
#6443 = DIRECTION ( 'NONE',  ( 0.000000000000000000, 1.000000000000000000, 0.000000000000000000 ) ) ;
#6444 = LINE ( 'NONE', #4908, #557 ) ;
#6445 = EDGE_CURVE ( 'NONE', #2000, #284, #4076, .T. ) ;
#6446 = CARTESIAN_POINT ( 'NONE',  ( 327.0000000000000568, -1.999999999999960476, -2.500000000000000000 ) ) ;
#6447 = VECTOR ( 'NONE', #6133, 1000.000000000000114 ) ;
#6448 = ORIENTED_EDGE ( 'NONE', *, *, #1224, .F. ) ;
#6449 = PLANE ( 'NONE',  #4636 ) ;
#6450 = VECTOR ( 'NONE', #3702, 1000.000000000000000 ) ;
#6451 = CARTESIAN_POINT ( 'NONE',  ( 327.5000000000000000, 94.80613420518679391, -3.000000000000000888 ) ) ;
#6452 = ORIENTED_EDGE ( 'NONE', *, *, #3894, .F. ) ;
#6453 = CARTESIAN_POINT ( 'NONE',  ( 324.4520248659461004, 96.99428347010218943, -7.431898549583683788 ) ) ;
#6454 = ORIENTED_EDGE ( 'NONE', *, *, #4029, .T. ) ;
#6455 = AXIS2_PLACEMENT_3D ( 'NONE', #6142, #2991, #5039 ) ;
#6456 = ORIENTED_EDGE ( 'NONE', *, *, #4393, .T. ) ;
#6457 = EDGE_CURVE ( 'NONE', #1059, #1405, #6590, .T. ) ;
#6458 = FACE_OUTER_BOUND ( 'NONE', #2132, .T. ) ;
#6459 = CARTESIAN_POINT ( 'NONE',  ( 324.5000000000000000, 116.5999999999999943, 6.300000000000110845 ) ) ;
#6460 = DIRECTION ( 'NONE',  ( 0.000000000000000000, 1.000000000000000000, 0.000000000000000000 ) ) ;
#6461 = CARTESIAN_POINT ( 'NONE',  ( 324.3590895315087437, 96.48135453509972592, -5.281447568957302607 ) ) ;
#6462 = DIRECTION ( 'NONE',  ( -0.000000000000000000, -0.000000000000000000, -1.000000000000000000 ) ) ;
#6463 = ORIENTED_EDGE ( 'NONE', *, *, #5923, .F. ) ;
#6464 = VECTOR ( 'NONE', #2043, 1000.000000000000000 ) ;
#6465 = CIRCLE ( 'NONE', #5287, 1.749999999999987566 ) ;
#6466 = DIRECTION ( 'NONE',  ( 0.000000000000000000, 1.000000000000000000, 0.000000000000000000 ) ) ;
#6467 = ADVANCED_FACE ( 'NONE', ( #6025 ), #5472, .F. ) ;
#6468 = EDGE_CURVE ( 'NONE', #2063, #2475, #4406, .T. ) ;
#6469 = CARTESIAN_POINT ( 'NONE',  ( 27.05150608329822859, 94.80613420518677970, -4.750000000000002665 ) ) ;
#6470 = CIRCLE ( 'NONE', #917, 2.500000000000000888 ) ;
#6471 = CARTESIAN_POINT ( 'NONE',  ( 108.1999999999999886, -1.999999999999973577, -1.999999999999999556 ) ) ;
#6472 = CARTESIAN_POINT ( 'NONE',  ( 23.90398314678561320, 83.00000000000000000, -2.500000000000000000 ) ) ;
#6473 = ADVANCED_FACE ( 'NONE', ( #4007 ), #1435, .T. ) ;
#6474 = LINE ( 'NONE', #6510, #4075 ) ;
#6475 = EDGE_CURVE ( 'NONE', #1957, #5539, #5787, .T. ) ;
#6476 = EDGE_LOOP ( 'NONE', ( #3694, #2175, #1100, #4946 ) ) ;
#6477 = ORIENTED_EDGE ( 'NONE', *, *, #6306, .T. ) ;
#6478 = CARTESIAN_POINT ( 'NONE',  ( 299.5186703403084607, 96.82123035536214672, -7.402835420387834375 ) ) ;
#6479 = EDGE_LOOP ( 'NONE', ( #2335, #2665, #6326, #890 ) ) ;
#6480 = ADVANCED_FACE ( 'NONE', ( #6088 ), #2969, .T. ) ;
#6481 = DIRECTION ( 'NONE',  ( 0.000000000000000000, 0.000000000000000000, 1.000000000000000000 ) ) ;
#6482 = DIRECTION ( 'NONE',  ( -1.000000000000000000, -5.204170427930421283E-15, 0.000000000000000000 ) ) ;
#6483 = CARTESIAN_POINT ( 'NONE',  ( 327.5000000000000000, -4.999999999999960032, 6.299999999999999822 ) ) ;
#6484 = FACE_OUTER_BOUND ( 'NONE', #2759, .T. ) ;
#6485 = ORIENTED_EDGE ( 'NONE', *, *, #2250, .T. ) ;
#6486 = CARTESIAN_POINT ( 'NONE',  ( 323.5000000000000000, 103.3667848596428485, -6.199999999999997513 ) ) ;
#6487 = EDGE_LOOP ( 'NONE', ( #4473, #6064, #1540, #4933, #695, #3660 ) ) ;
#6488 = DIRECTION ( 'NONE',  ( 1.000000000000000000, 0.000000000000000000, 0.000000000000000000 ) ) ;
#6489 = CARTESIAN_POINT ( 'NONE',  ( 110.1533119314590294, 3.000000000000012879, 6.299999999999999822 ) ) ;
#6490 = VERTEX_POINT ( 'NONE', #5085 ) ;
#6491 = VECTOR ( 'NONE', #526, 1000.000000000000114 ) ;
#6492 = CARTESIAN_POINT ( 'NONE',  ( 324.7356636046686731, 97.61462024297247808, -7.914558685161103391 ) ) ;
#6493 = ORIENTED_EDGE ( 'NONE', *, *, #5120, .T. ) ;
#6494 = VERTEX_POINT ( 'NONE', #872 ) ;
#6495 = ADVANCED_FACE ( 'NONE', ( #472 ), #2185, .T. ) ;
#6496 = CIRCLE ( 'NONE', #4032, 2.500000000000002220 ) ;
#6497 = LINE ( 'NONE', #1408, #5323 ) ;
#6498 = DIRECTION ( 'NONE',  ( 0.000000000000000000, 0.000000000000000000, 1.000000000000000000 ) ) ;
#6499 = DIRECTION ( 'NONE',  ( 0.000000000000000000, 0.000000000000000000, -1.000000000000000000 ) ) ;
#6500 = CARTESIAN_POINT ( 'NONE',  ( -3.099999999999992539, 56.75000000000002132, -2.500000000000000000 ) ) ;
#6501 = CIRCLE ( 'NONE', #3607, 4.000000000000003553 ) ;
#6502 = CARTESIAN_POINT ( 'NONE',  ( 3.000000000000000000, 103.3667848596428485, -39.80080654514613059 ) ) ;
#6503 = ORIENTED_EDGE ( 'NONE', *, *, #4100, .F. ) ;
#6504 = DIRECTION ( 'NONE',  ( -1.000000000000000000, 0.000000000000000000, 0.000000000000000000 ) ) ;
#6505 = AXIS2_PLACEMENT_3D ( 'NONE', #2089, #3703, #1565 ) ;
#6506 = EDGE_CURVE ( 'NONE', #4553, #907, #5363, .T. ) ;
#6507 = CARTESIAN_POINT ( 'NONE',  ( -0.9000000000000030198, -1.999999999999960920, -2.500000000000000000 ) ) ;
#6508 = DIRECTION ( 'NONE',  ( 0.000000000000000000, 0.000000000000000000, 1.000000000000000000 ) ) ;
#6509 = CARTESIAN_POINT ( 'NONE',  ( 106.0000000000000142, 115.5000000000000000, 6.300000000000110845 ) ) ;
#6510 = CARTESIAN_POINT ( 'NONE',  ( 23.00000000000000355, 82.48877974498451238, 31.28450654694644939 ) ) ;
#6511 = EDGE_LOOP ( 'NONE', ( #6388, #3491 ) ) ;
#6512 = ORIENTED_EDGE ( 'NONE', *, *, #413, .T. ) ;
#6513 = DIRECTION ( 'NONE',  ( -0.000000000000000000, -0.000000000000000000, -1.000000000000000000 ) ) ;
#6514 = EDGE_CURVE ( 'NONE', #230, #3565, #6219, .T. ) ;
#6515 = ORIENTED_EDGE ( 'NONE', *, *, #5759, .T. ) ;
#6516 = EDGE_CURVE ( 'NONE', #2972, #2761, #5241, .T. ) ;
#6517 = EDGE_CURVE ( 'NONE', #5508, #2467, #2791, .T. ) ;
#6518 = EDGE_CURVE ( 'NONE', #599, #2972, #4175, .T. ) ;
#6519 = DIRECTION ( 'NONE',  ( 4.361254403050800956E-32, 0.000000000000000000, -1.000000000000000000 ) ) ;
#6520 = CARTESIAN_POINT ( 'NONE',  ( 299.5000000000000000, 94.80613420518679391, -3.000000000000007994 ) ) ;
#6521 = DIRECTION ( 'NONE',  ( 0.000000000000000000, 1.000000000000000000, 0.000000000000000000 ) ) ;
#6522 = CARTESIAN_POINT ( 'NONE',  ( 26.00000000000000000, 94.80613420518679391, -4.750000000000002665 ) ) ;
#6523 = ORIENTED_EDGE ( 'NONE', *, *, #3423, .T. ) ;
#6524 = EDGE_LOOP ( 'NONE', ( #4486, #272, #1206, #4092 ) ) ;
#6525 = CYLINDRICAL_SURFACE ( 'NONE', #4960, 2.199999999999979750 ) ;
#6526 = CARTESIAN_POINT ( 'NONE',  ( 324.1300806058444550, 97.67698189789786056, -7.546544803546566982 ) ) ;
#6527 = VERTEX_POINT ( 'NONE', #6152 ) ;
#6528 = ORIENTED_EDGE ( 'NONE', *, *, #1784, .F. ) ;
#6529 = EDGE_CURVE ( 'NONE', #6429, #968, #5026, .T. ) ;
#6530 = CARTESIAN_POINT ( 'NONE',  ( -5.000000000000000000, 94.80613420518679391, -4.750000000000002665 ) ) ;
#6531 = CARTESIAN_POINT ( 'NONE',  ( 327.0000000000000568, -1.999999999999960476, -2.500000000000000000 ) ) ;
#6532 = DIRECTION ( 'NONE',  ( -0.000000000000000000, -0.000000000000000000, -1.000000000000000000 ) ) ;
#6533 = LINE ( 'NONE', #2510, #3980 ) ;
#6534 = ORIENTED_EDGE ( 'NONE', *, *, #3559, .T. ) ;
#6535 = EDGE_CURVE ( 'NONE', #4421, #1670, #2596, .T. ) ;
#6536 = DIRECTION ( 'NONE',  ( -0.5570624845448930440, -0.5872313804254128966, -0.5872313804254117864 ) ) ;
#6537 = VECTOR ( 'NONE', #365, 1000.000000000000000 ) ;
#6538 = EDGE_CURVE ( 'NONE', #5963, #5204, #3070, .T. ) ;
#6539 = VECTOR ( 'NONE', #1733, 1000.000000000000114 ) ;
#6540 = DIRECTION ( 'NONE',  ( -1.000000000000000000, 0.000000000000000000, 0.000000000000000000 ) ) ;
#6541 = CIRCLE ( 'NONE', #4285, 2.199999999999979750 ) ;
#6542 = CARTESIAN_POINT ( 'NONE',  ( -2.000000000000001776, -1.999999999999960920, -2.500000000000000000 ) ) ;
#6543 = LINE ( 'NONE', #4437, #4131 ) ;
#6544 = AXIS2_PLACEMENT_3D ( 'NONE', #5005, #323, #5402 ) ;
#6545 = CARTESIAN_POINT ( 'NONE',  ( 296.5000000000000000, 94.80613420518679391, -6.499999999999990230 ) ) ;
#6546 = ORIENTED_EDGE ( 'NONE', *, *, #3294, .F. ) ;
#6547 = EDGE_LOOP ( 'NONE', ( #5346, #4597 ) ) ;
#6548 = CARTESIAN_POINT ( 'NONE',  ( 299.5996912261011857, 97.16316124815801913, -7.460254692823707678 ) ) ;
#6549 = VERTEX_POINT ( 'NONE', #1130 ) ;
#6550 = VECTOR ( 'NONE', #5618, 999.9999999999998863 ) ;
#6551 = EDGE_CURVE ( 'NONE', #1191, #5903, #4141, .T. ) ;
#6552 = DIRECTION ( 'NONE',  ( 0.000000000000000000, 0.000000000000000000, -1.000000000000000000 ) ) ;
#6553 = CARTESIAN_POINT ( 'NONE',  ( 106.0000000000000142, 117.7000000000000171, -8.699999999999935341 ) ) ;
#6554 = CARTESIAN_POINT ( 'NONE',  ( 324.5000000000000000, 115.5000000000000000, -8.699999999999935341 ) ) ;
#6555 = DIRECTION ( 'NONE',  ( -1.000000000000000000, 0.000000000000000000, 0.000000000000000000 ) ) ;
#6556 = VECTOR ( 'NONE', #5848, 1000.000000000000000 ) ;
#6557 = VERTEX_POINT ( 'NONE', #6121 ) ;
#6558 = CARTESIAN_POINT ( 'NONE',  ( 0.000000000000000000, 83.00000000000000000, -6.643404255319152796 ) ) ;
#6559 = CARTESIAN_POINT ( 'NONE',  ( 216.5000000000000284, -1.999999999999988010, -2.500000000000003553 ) ) ;
#6560 = VERTEX_POINT ( 'NONE', #66 ) ;
#6561 = ORIENTED_EDGE ( 'NONE', *, *, #6141, .T. ) ;
#6562 = VECTOR ( 'NONE', #5927, 1000.000000000000000 ) ;
#6563 = EDGE_CURVE ( 'NONE', #2511, #2732, #3133, .T. ) ;
#6564 = DIRECTION ( 'NONE',  ( 1.000000000000000000, 0.000000000000000000, 0.000000000000000000 ) ) ;
#6565 = CARTESIAN_POINT ( 'NONE',  ( 21.50000000000000355, 96.38160116615864581, -2.500000000000002665 ) ) ;
#6566 = DIRECTION ( 'NONE',  ( 0.000000000000000000, 1.000000000000000000, 0.000000000000000000 ) ) ;
#6567 = VECTOR ( 'NONE', #2237, 1000.000000000000000 ) ;
#6568 = CARTESIAN_POINT ( 'NONE',  ( 21.50000000000013145, 98.76735084085410676, -7.849554552812476160 ) ) ;
#6569 = ORIENTED_EDGE ( 'NONE', *, *, #573, .F. ) ;
#6570 = VECTOR ( 'NONE', #5405, 1000.000000000000000 ) ;
#6571 = CARTESIAN_POINT ( 'NONE',  ( -2.000000000000001776, -1.999999999999960920, -0.9000000000000010214 ) ) ;
#6572 = DIRECTION ( 'NONE',  ( -0.000000000000000000, 2.891205793294675861E-16, -1.000000000000000000 ) ) ;
#6573 = CARTESIAN_POINT ( 'NONE',  ( -1.900308582169932370, 97.09856764256535655, -7.282783774982044989 ) ) ;
#6574 = DIRECTION ( 'NONE',  ( -0.000000000000000000, -0.000000000000000000, -1.000000000000000000 ) ) ;
#6575 = DIRECTION ( 'NONE',  ( -0.000000000000000000, 2.891205793294675861E-16, -1.000000000000000000 ) ) ;
#6576 = VERTEX_POINT ( 'NONE', #5646 ) ;
#6577 = ORIENTED_EDGE ( 'NONE', *, *, #3326, .T. ) ;
#6578 = CARTESIAN_POINT ( 'NONE',  ( -1.999999999999985345, 117.7000000000000028, -8.199999999999935341 ) ) ;
#6579 = EDGE_LOOP ( 'NONE', ( #2313, #1652, #5416, #5226 ) ) ;
#6580 = CIRCLE ( 'NONE', #5612, 1.099999999999999423 ) ;
#6581 = DIRECTION ( 'NONE',  ( -0.000000000000000000, -0.000000000000000000, -1.000000000000000000 ) ) ;
#6582 = LINE ( 'NONE', #1367, #4777 ) ;
#6583 = CARTESIAN_POINT ( 'NONE',  ( 33.00000000000000000, 88.49999999999997158, -1.000000000000000888 ) ) ;
#6584 = CYLINDRICAL_SURFACE ( 'NONE', #2580, 1.099999999999998979 ) ;
#6585 = EDGE_CURVE ( 'NONE', #136, #3475, #1534, .T. ) ;
#6586 = ORIENTED_EDGE ( 'NONE', *, *, #5146, .F. ) ;
#6587 = EDGE_CURVE ( 'NONE', #172, #5922, #5743, .T. ) ;
#6588 = ORIENTED_EDGE ( 'NONE', *, *, #2212, .T. ) ;
#6589 = CARTESIAN_POINT ( 'NONE',  ( 324.4025710785096521, 97.15824759334918781, -7.459433457334196937 ) ) ;
#6590 = LINE ( 'NONE', #4983, #5895 ) ;
#6591 = VERTEX_POINT ( 'NONE', #4207 ) ;
#6592 = ADVANCED_FACE ( 'NONE', ( #3099 ), #6251, .F. ) ;
#6593 = ADVANCED_FACE ( 'NONE', ( #4611 ), #33, .F. ) ;
#6594 = ORIENTED_EDGE ( 'NONE', *, *, #2459, .F. ) ;
#6595 = EDGE_CURVE ( 'NONE', #823, #2213, #4268, .T. ) ;
#6596 = DIRECTION ( 'NONE',  ( 0.000000000000000000, -1.000000000000000000, 0.000000000000000000 ) ) ;
#6597 = CARTESIAN_POINT ( 'NONE',  ( 104.8999999999999915, -1.999999999999974021, -2.500000000000000000 ) ) ;
#6598 = AXIS2_PLACEMENT_3D ( 'NONE', #5976, #1396, #897 ) ;
#6599 = LINE ( 'NONE', #2006, #2157 ) ;
#6600 = ORIENTED_EDGE ( 'NONE', *, *, #2941, .F. ) ;
#6601 = CARTESIAN_POINT ( 'NONE',  ( -2.000000000000000000, -2.000000000000000444, -1.000000000000000000 ) ) ;
#6602 = AXIS2_PLACEMENT_3D ( 'NONE', #3344, #4467, #4859 ) ;
#6603 = VECTOR ( 'NONE', #387, 1000.000000000000227 ) ;
#6604 = LINE ( 'NONE', #6098, #3171 ) ;
#6605 = CARTESIAN_POINT ( 'NONE',  ( -1.000000000000000000, 114.5000000000000000, -1.000000000000000000 ) ) ;
#6606 = DIRECTION ( 'NONE',  ( 1.000000000000000000, 0.000000000000000000, 0.000000000000000000 ) ) ;
#6607 = CARTESIAN_POINT ( 'NONE',  ( 107.5974276659457729, 113.5769230769231086, 6.299999999999999822 ) ) ;
#6608 = ORIENTED_EDGE ( 'NONE', *, *, #5840, .T. ) ;
#6609 = AXIS2_PLACEMENT_3D ( 'NONE', #2321, #4236, #729 ) ;
#6610 = ORIENTED_EDGE ( 'NONE', *, *, #5038, .T. ) ;
#6611 = CARTESIAN_POINT ( 'NONE',  ( 216.5000000000000568, 117.7000000000000171, -8.699999999999931788 ) ) ;
#6612 = ORIENTED_EDGE ( 'NONE', *, *, #403, .T. ) ;
#6613 = ADVANCED_FACE ( 'NONE', ( #1267 ), #5777, .F. ) ;
#6614 = CARTESIAN_POINT ( 'NONE',  ( 324.9999999999999432, 83.00000000000000000, -2.500000000000000000 ) ) ;
#6615 = CARTESIAN_POINT ( 'NONE',  ( 0.2000000000000048683, 56.75000000000002132, -1.999999999999999556 ) ) ;
#6616 = CARTESIAN_POINT ( 'NONE',  ( 323.5000000000000000, -0.9999999999999603650, -1.000000000000000000 ) ) ;
#6617 = CARTESIAN_POINT ( 'NONE',  ( 0.000000000000000000, 83.00000000000000000, 0.000000000000000000 ) ) ;
#6618 = ORIENTED_EDGE ( 'NONE', *, *, #1609, .T. ) ;
#6619 = AXIS2_PLACEMENT_3D ( 'NONE', #5443, #865, #2131 ) ;
#6620 = ORIENTED_EDGE ( 'NONE', *, *, #2658, .T. ) ;
#6621 = LINE ( 'NONE', #2088, #1746 ) ;
#6622 = DIRECTION ( 'NONE',  ( 0.000000000000000000, 1.000000000000000000, 0.000000000000000000 ) ) ;
#6623 = EDGE_CURVE ( 'NONE', #5400, #5601, #3803, .T. ) ;
#6624 = CARTESIAN_POINT ( 'NONE',  ( 23.78091480898753574, 97.27043055495299484, -7.896397186729433137 ) ) ;
ENDSEC;
END-ISO-10303-21;
