ISO-10303-21;
HEADER;
FILE_DESCRIPTION (( 'STEP AP214' ),
    '1' );
FILE_NAME ('e2cov.STEP',
    '2026-07-24T12:15:01',
    ( '' ),
    ( '' ),
    'SwSTEP 2.0',
    'SolidWorks 2026',
    '' );
FILE_SCHEMA (( 'AUTOMOTIVE_DESIGN' ));
ENDSEC;

DATA;
#1 = EDGE_CURVE ( 'NONE', #1920, #3695, #1068, .T. ) ;
#2 = CARTESIAN_POINT ( 'NONE',  ( 221.5000000000000000, 3.000000000000002665, 4.000000000000000000 ) ) ;
#3 = CIRCLE ( 'NONE', #3122, 0.7999999999999899414 ) ;
#4 = DIRECTION ( 'NONE',  ( -0.8571673007021112234, 0.000000000000000000, -0.5150380749100560429 ) ) ;
#5 = CARTESIAN_POINT ( 'NONE',  ( 277.3000000000000682, 106.6999999999999886, 6.000000000000000000 ) ) ;
#6 = VECTOR ( 'NONE', #4026, 1000.000000000000000 ) ;
#7 = ORIENTED_EDGE ( 'NONE', *, *, #809, .F. ) ;
#8 = CARTESIAN_POINT ( 'NONE',  ( 329.5000000000000000, 3.000000000000000000, 4.500000000000000000 ) ) ;
#9 = ADVANCED_FACE ( 'NONE', ( #668 ), #2117, .T. ) ;
#10 = FACE_OUTER_BOUND ( 'NONE', #2314, .T. ) ;
#11 = CIRCLE ( 'NONE', #2518, 0.7999999999999951594 ) ;
#12 = DIRECTION ( 'NONE',  ( -0.000000000000000000, 1.000000000000000000, -0.000000000000000000 ) ) ;
#13 = VECTOR ( 'NONE', #420, 1000.000000000000000 ) ;
#14 = LINE ( 'NONE', #3903, #529 ) ;
#15 = DIRECTION ( 'NONE',  ( 0.000000000000000000, -0.000000000000000000, -1.000000000000000000 ) ) ;
#16 = DIRECTION ( 'NONE',  ( -1.000000000000000000, 0.000000000000000000, 0.000000000000000000 ) ) ;
#17 = CIRCLE ( 'NONE', #1388, 1.500000000000001332 ) ;
#18 = CONICAL_SURFACE ( 'NONE', #2670, 0.7999999999999951594, 1.029744258676650981 ) ;
#19 = DIRECTION ( 'NONE',  ( 1.000000000000000000, -3.006854025026462896E-14, 0.000000000000000000 ) ) ;
#20 = CIRCLE ( 'NONE', #1389, 0.8000000000000229150 ) ;
#21 = DIRECTION ( 'NONE',  ( -0.000000000000000000, -0.000000000000000000, -1.000000000000000000 ) ) ;
#22 = CARTESIAN_POINT ( 'NONE',  ( 332.5000000000000000, 120.5000000000000000, 0.000000000000000000 ) ) ;
#23 = EDGE_CURVE ( 'NONE', #1473, #4504, #3033, .T. ) ;
#24 = EDGE_LOOP ( 'NONE', ( #3884, #3323, #475, #254 ) ) ;
#25 = EDGE_LOOP ( 'NONE', ( #725, #2459 ) ) ;
#26 = CARTESIAN_POINT ( 'NONE',  ( 3.000000000000001332, 61.74999999999998579, -1.457329690985347238E-15 ) ) ;
#27 = VECTOR ( 'NONE', #3468, 1000.000000000000000 ) ;
#28 = DIRECTION ( 'NONE',  ( -0.000000000000000000, -0.000000000000000000, 1.000000000000000000 ) ) ;
#29 = DIRECTION ( 'NONE',  ( -0.000000000000000000, -0.000000000000000000, -1.000000000000000000 ) ) ;
#30 = EDGE_CURVE ( 'NONE', #3981, #4410, #837, .T. ) ;
#31 = ORIENTED_EDGE ( 'NONE', *, *, #4515, .F. ) ;
#32 = VERTEX_POINT ( 'NONE', #1211 ) ;
#33 = DIRECTION ( 'NONE',  ( -0.000000000000000000, -0.000000000000000000, -1.000000000000000000 ) ) ;
#34 = CARTESIAN_POINT ( 'NONE',  ( 0.000000000000000000, 119.7999999999999687, 6.000000000000000000 ) ) ;
#35 = CIRCLE ( 'NONE', #2543, 1.500000000000001332 ) ;
#36 = EDGE_CURVE ( 'NONE', #658, #1473, #2508, .T. ) ;
#37 = VECTOR ( 'NONE', #3027, 1000.000000000000000 ) ;
#38 = DIRECTION ( 'NONE',  ( -0.000000000000000000, 0.000000000000000000, -1.000000000000000000 ) ) ;
#39 = LINE ( 'NONE', #1177, #1995 ) ;
#40 = EDGE_CURVE ( 'NONE', #4541, #1499, #4241, .T. ) ;
#41 = VECTOR ( 'NONE', #2334, 1000.000000000000000 ) ;
#42 = ORIENTED_EDGE ( 'NONE', *, *, #4000, .T. ) ;
#43 = CARTESIAN_POINT ( 'NONE',  ( 220.7000000000000455, 120.4999999999999716, 4.000000000000000000 ) ) ;
#44 = CARTESIAN_POINT ( 'NONE',  ( 111.0000000000000000, 120.4999999999999858, -1.457329690985347238E-15 ) ) ;
#45 = EDGE_LOOP ( 'NONE', ( #3490, #1511, #1436 ) ) ;
#46 = DIRECTION ( 'NONE',  ( -1.000000000000000000, 0.000000000000000000, 0.000000000000000000 ) ) ;
#47 = DIRECTION ( 'NONE',  ( 0.000000000000000000, -0.000000000000000000, 1.000000000000000000 ) ) ;
#48 = DIRECTION ( 'NONE',  ( 1.000000000000000000, 0.000000000000000000, 0.000000000000000000 ) ) ;
#49 = ADVANCED_FACE ( 'NONE', ( #219 ), #2455, .T. ) ;
#50 = DIRECTION ( 'NONE',  ( 1.000000000000000000, 0.000000000000000000, 0.000000000000000000 ) ) ;
#51 = ORIENTED_EDGE ( 'NONE', *, *, #783, .F. ) ;
#52 = FACE_OUTER_BOUND ( 'NONE', #2403, .T. ) ;
#53 = ADVANCED_FACE ( 'NONE', ( #2045 ), #2483, .F. ) ;
#54 = CARTESIAN_POINT ( 'NONE',  ( 326.5000000000000000, 101.7999999999999687, 6.000000000000000000 ) ) ;
#55 = CARTESIAN_POINT ( 'NONE',  ( 2.500000000000007550, 122.0000000000000000, 4.500000000000000000 ) ) ;
#56 = EDGE_CURVE ( 'NONE', #4357, #221, #4289, .T. ) ;
#57 = FACE_OUTER_BOUND ( 'NONE', #1516, .T. ) ;
#58 = ORIENTED_EDGE ( 'NONE', *, *, #1803, .F. ) ;
#59 = CARTESIAN_POINT ( 'NONE',  ( 4.000000000000014211, 4.000000000000000000, 5.700000000000041922 ) ) ;
#60 = ADVANCED_FACE ( 'NONE', ( #4573 ), #1036, .T. ) ;
#61 = ORIENTED_EDGE ( 'NONE', *, *, #3296, .T. ) ;
#62 = CARTESIAN_POINT ( 'NONE',  ( 0.000000000000000000, 0.000000000000000000, 4.500000000000000000 ) ) ;
#63 = ORIENTED_EDGE ( 'NONE', *, *, #1404, .T. ) ;
#64 = DIRECTION ( 'NONE',  ( 0.000000000000000000, 0.000000000000000000, -1.000000000000000000 ) ) ;
#65 = DIRECTION ( 'NONE',  ( -1.000000000000000000, 0.000000000000000000, 0.000000000000000000 ) ) ;
#66 = DIRECTION ( 'NONE',  ( 1.000000000000000000, 0.000000000000000000, 0.000000000000000000 ) ) ;
#67 = VECTOR ( 'NONE', #989, 1000.000000000000000 ) ;
#68 = FACE_OUTER_BOUND ( 'NONE', #4179, .T. ) ;
#69 = EDGE_LOOP ( 'NONE', ( #2090, #3385, #3240, #2077 ) ) ;
#70 = ORIENTED_EDGE ( 'NONE', *, *, #2360, .F. ) ;
#71 = FACE_BOUND ( 'NONE', #25, .T. ) ;
#72 = CYLINDRICAL_SURFACE ( 'NONE', #2546, 1.500000000000044187 ) ;
#73 = ORIENTED_EDGE ( 'NONE', *, *, #2102, .F. ) ;
#74 = CARTESIAN_POINT ( 'NONE',  ( 28.80000000000000782, 119.5000000000000000, 4.499999999999997335 ) ) ;
#75 = VECTOR ( 'NONE', #2763, 1000.000000000000000 ) ;
#76 = EDGE_CURVE ( 'NONE', #3037, #3145, #14, .T. ) ;
#77 = AXIS2_PLACEMENT_3D ( 'NONE', #1033, #3998, #3963 ) ;
#78 = LINE ( 'NONE', #3692, #319 ) ;
#79 = DIRECTION ( 'NONE',  ( 1.000000000000000000, 0.000000000000000000, 0.000000000000000000 ) ) ;
#80 = VECTOR ( 'NONE', #3787, 1000.000000000000000 ) ;
#81 = EDGE_CURVE ( 'NONE', #2979, #3544, #1197, .T. ) ;
#82 = LINE ( 'NONE', #1539, #843 ) ;
#83 = ORIENTED_EDGE ( 'NONE', *, *, #2942, .F. ) ;
#84 = CARTESIAN_POINT ( 'NONE',  ( 330.2999999999999545, 3.000000000000000000, -1.457329690985347238E-15 ) ) ;
#85 = CIRCLE ( 'NONE', #184, 1.500000000000001332 ) ;
#86 = ADVANCED_FACE ( 'NONE', ( #2850 ), #3875, .F. ) ;
#87 = VECTOR ( 'NONE', #3256, 1000.000000000000000 ) ;
#88 = ORIENTED_EDGE ( 'NONE', *, *, #3396, .F. ) ;
#89 = CARTESIAN_POINT ( 'NONE',  ( 2.999999999999976907, 4.500000000000043521, 4.500000000000000000 ) ) ;
#90 = DIRECTION ( 'NONE',  ( 0.000000000000000000, -0.000000000000000000, 1.000000000000000000 ) ) ;
#91 = DIRECTION ( 'NONE',  ( -1.000000000000000000, 0.000000000000000000, 0.000000000000000000 ) ) ;
#92 = VECTOR ( 'NONE', #3639, 1000.000000000000000 ) ;
#93 = DIRECTION ( 'NONE',  ( 0.000000000000000000, -0.000000000000000000, -1.000000000000000000 ) ) ;
#94 = ORIENTED_EDGE ( 'NONE', *, *, #3856, .F. ) ;
#95 = ORIENTED_EDGE ( 'NONE', *, *, #4685, .F. ) ;
#96 = EDGE_LOOP ( 'NONE', ( #3550, #140, #1108 ) ) ;
#97 = AXIS2_PLACEMENT_3D ( 'NONE', #2860, #3250, #4292 ) ;
#98 = CYLINDRICAL_SURFACE ( 'NONE', #2512, 1.500000000000001332 ) ;
#99 = DIRECTION ( 'NONE',  ( -0.000000000000000000, 0.000000000000000000, 1.000000000000000000 ) ) ;
#100 = DIRECTION ( 'NONE',  ( 1.000000000000000000, 0.000000000000000000, 0.000000000000000000 ) ) ;
#101 = ORIENTED_EDGE ( 'NONE', *, *, #1912, .T. ) ;
#102 = VERTEX_POINT ( 'NONE', #4558 ) ;
#103 = CARTESIAN_POINT ( 'NONE',  ( 4.000000000000000888, 119.5000000000000000, 4.500000000000000000 ) ) ;
#104 = DIRECTION ( 'NONE',  ( -1.000000000000000000, 0.000000000000000000, 0.000000000000000000 ) ) ;
#105 = LINE ( 'NONE', #1193, #484 ) ;
#106 = ORIENTED_EDGE ( 'NONE', *, *, #3207, .T. ) ;
#107 = CIRCLE ( 'NONE', #650, 1.500000000000056843 ) ;
#108 = DIRECTION ( 'NONE',  ( -0.000000000000000000, -0.000000000000000000, 1.000000000000000000 ) ) ;
#109 = ORIENTED_EDGE ( 'NONE', *, *, #325, .F. ) ;
#110 = CARTESIAN_POINT ( 'NONE',  ( 4.000000000000014211, 4.000000000000000000, 4.500000000000000000 ) ) ;
#111 = EDGE_CURVE ( 'NONE', #1674, #4111, #753, .T. ) ;
#112 = AXIS2_PLACEMENT_3D ( 'NONE', #3019, #90, #4428 ) ;
#113 = ORIENTED_EDGE ( 'NONE', *, *, #3179, .T. ) ;
#114 = CARTESIAN_POINT ( 'NONE',  ( 4.000000000000003553, 99.49999999999998579, 5.700000000000041922 ) ) ;
#115 = CARTESIAN_POINT ( 'NONE',  ( 0.2999999999999538036, 0.000000000000000000, 6.000000000000000000 ) ) ;
#116 = DIRECTION ( 'NONE',  ( 1.000000000000000000, 0.000000000000000000, 0.000000000000000000 ) ) ;
#117 = EDGE_CURVE ( 'NONE', #1865, #2017, #3569, .T. ) ;
#118 = CARTESIAN_POINT ( 'NONE',  ( 4.000000000000014211, 4.000000000000000000, 4.500000000000000000 ) ) ;
#119 = VERTEX_POINT ( 'NONE', #4532 ) ;
#120 = ORIENTED_EDGE ( 'NONE', *, *, #2835, .F. ) ;
#121 = ORIENTED_EDGE ( 'NONE', *, *, #792, .T. ) ;
#122 = CYLINDRICAL_SURFACE ( 'NONE', #2956, 1.500000000000001332 ) ;
#123 = CARTESIAN_POINT ( 'NONE',  ( 3.000000000000000000, 120.5000000000000000, -1.457329690985347238E-15 ) ) ;
#124 = EDGE_CURVE ( 'NONE', #2664, #2571, #1509, .T. ) ;
#125 = CYLINDRICAL_SURFACE ( 'NONE', #1534, 0.8000000000000229150 ) ;
#126 = VERTEX_POINT ( 'NONE', #969 ) ;
#127 = CARTESIAN_POINT ( 'NONE',  ( 301.0000000000000568, 108.1999999999999886, 6.000000000000000000 ) ) ;
#128 = DIRECTION ( 'NONE',  ( 0.000000000000000000, -0.000000000000000000, -1.000000000000000000 ) ) ;
#129 = CARTESIAN_POINT ( 'NONE',  ( 299.5000000000000568, 106.6999999999999886, 5.700000000000055245 ) ) ;
#130 = ORIENTED_EDGE ( 'NONE', *, *, #2288, .T. ) ;
#131 = CARTESIAN_POINT ( 'NONE',  ( 332.5000000000000000, 0.000000000000000000, 4.500000000000000000 ) ) ;
#132 = EDGE_LOOP ( 'NONE', ( #239, #2663, #300, #731 ) ) ;
#133 = EDGE_CURVE ( 'NONE', #1100, #4422, #945, .T. ) ;
#134 = LINE ( 'NONE', #1567, #2053 ) ;
#135 = ORIENTED_EDGE ( 'NONE', *, *, #3140, .T. ) ;
#136 = DIRECTION ( 'NONE',  ( -1.000000000000000000, 0.000000000000000000, 0.000000000000000000 ) ) ;
#137 = FACE_OUTER_BOUND ( 'NONE', #238, .T. ) ;
#138 = DIRECTION ( 'NONE',  ( -0.000000000000000000, -0.000000000000000000, 1.000000000000000000 ) ) ;
#139 = ORIENTED_EDGE ( 'NONE', *, *, #2360, .T. ) ;
#140 = ORIENTED_EDGE ( 'NONE', *, *, #4140, .T. ) ;
#141 = ORIENTED_EDGE ( 'NONE', *, *, #325, .T. ) ;
#142 = EDGE_CURVE ( 'NONE', #1263, #2849, #1439, .T. ) ;
#143 = FACE_OUTER_BOUND ( 'NONE', #3318, .T. ) ;
#144 = AXIS2_PLACEMENT_3D ( 'NONE', #3594, #1429, #2524 ) ;
#145 = CARTESIAN_POINT ( 'NONE',  ( 265.4999999999998863, 119.5000000000000000, 4.500000000000000000 ) ) ;
#146 = EDGE_LOOP ( 'NONE', ( #2885, #1903, #1646, #225 ) ) ;
#147 = LINE ( 'NONE', #2745, #4275 ) ;
#148 = VECTOR ( 'NONE', #2873, 1000.000000000000000 ) ;
#149 = ORIENTED_EDGE ( 'NONE', *, *, #764, .T. ) ;
#150 = EDGE_CURVE ( 'NONE', #4410, #3711, #1292, .T. ) ;
#151 = ORIENTED_EDGE ( 'NONE', *, *, #3690, .F. ) ;
#152 = DIRECTION ( 'NONE',  ( -0.000000000000000000, -0.000000000000000000, -1.000000000000000000 ) ) ;
#153 = CIRCLE ( 'NONE', #2959, 1.500000000000001332 ) ;
#154 = DIRECTION ( 'NONE',  ( 0.000000000000000000, -1.000000000000000000, 0.000000000000000000 ) ) ;
#155 = AXIS2_PLACEMENT_3D ( 'NONE', #4272, #1426, #2563 ) ;
#156 = DIRECTION ( 'NONE',  ( 0.000000000000000000, 0.000000000000000000, -1.000000000000000000 ) ) ;
#157 = VERTEX_POINT ( 'NONE', #631 ) ;
#158 = CARTESIAN_POINT ( 'NONE',  ( 328.5000000000000000, 119.5000000000000000, 4.500000000000000000 ) ) ;
#159 = AXIS2_PLACEMENT_3D ( 'NONE', #3416, #1254, #4564 ) ;
#160 = VERTEX_POINT ( 'NONE', #2749 ) ;
#161 = AXIS2_PLACEMENT_3D ( 'NONE', #2673, #4463, #3486 ) ;
#162 = DIRECTION ( 'NONE',  ( -0.000000000000000000, 0.000000000000000000, -1.000000000000000000 ) ) ;
#163 = ORIENTED_EDGE ( 'NONE', *, *, #3067, .T. ) ;
#164 = DIRECTION ( 'NONE',  ( -0.000000000000000000, -0.000000000000000000, -1.000000000000000000 ) ) ;
#165 = FACE_OUTER_BOUND ( 'NONE', #3535, .T. ) ;
#166 = CARTESIAN_POINT ( 'NONE',  ( 1.499999999999915845, 117.4999999999998295, 0.000000000000000000 ) ) ;
#167 = AXIS2_PLACEMENT_3D ( 'NONE', #4633, #4660, #1396 ) ;
#168 = ADVANCED_FACE ( 'NONE', ( #280 ), #3832, .F. ) ;
#169 = AXIS2_PLACEMENT_3D ( 'NONE', #450, #3773, #1895 ) ;
#170 = ORIENTED_EDGE ( 'NONE', *, *, #3739, .F. ) ;
#171 = ORIENTED_EDGE ( 'NONE', *, *, #3140, .F. ) ;
#172 = ORIENTED_EDGE ( 'NONE', *, *, #914, .T. ) ;
#173 = CIRCLE ( 'NONE', #4192, 0.7999999999999986011 ) ;
#174 = DIRECTION ( 'NONE',  ( -1.000000000000000000, 0.000000000000000000, 0.000000000000000000 ) ) ;
#175 = AXIS2_PLACEMENT_3D ( 'NONE', #3418, #1564, #3747 ) ;
#176 = CARTESIAN_POINT ( 'NONE',  ( 0.000000000000000000, 101.7999999999999545, 6.000000000000000000 ) ) ;
#177 = DIRECTION ( 'NONE',  ( 0.000000000000000000, 0.000000000000000000, -1.000000000000000000 ) ) ;
#178 = ADVANCED_FACE ( 'NONE', ( #586 ), #2822, .T. ) ;
#179 = AXIS2_PLACEMENT_3D ( 'NONE', #1272, #2779, #2398 ) ;
#180 = VERTEX_POINT ( 'NONE', #657 ) ;
#181 = ORIENTED_EDGE ( 'NONE', *, *, #2074, .F. ) ;
#182 = ORIENTED_EDGE ( 'NONE', *, *, #4117, .T. ) ;
#183 = DIRECTION ( 'NONE',  ( -1.000000000000000000, 0.000000000000000000, 0.000000000000000000 ) ) ;
#184 = AXIS2_PLACEMENT_3D ( 'NONE', #1702, #3158, #4587 ) ;
#185 = CARTESIAN_POINT ( 'NONE',  ( 326.5000000000000000, 1.499999999999973577, 0.000000000000000000 ) ) ;
#186 = EDGE_CURVE ( 'NONE', #2307, #1876, #1675, .T. ) ;
#187 = VECTOR ( 'NONE', #2931, 1000.000000000000000 ) ;
#188 = DIRECTION ( 'NONE',  ( -1.000000000000000000, 0.000000000000000000, 0.000000000000000000 ) ) ;
#189 = ORIENTED_EDGE ( 'NONE', *, *, #2135, .F. ) ;
#190 = CARTESIAN_POINT ( 'NONE',  ( 114.0000000000000000, 121.9999999999999858, 11.20820393249943692 ) ) ;
#191 = ADVANCED_FACE ( 'NONE', ( #603 ), #3128, .T. ) ;
#192 = VECTOR ( 'NONE', #865, 1000.000000000000000 ) ;
#193 = ORIENTED_EDGE ( 'NONE', *, *, #1602, .F. ) ;
#194 = CARTESIAN_POINT ( 'NONE',  ( 222.3000000000000114, 120.4999999999999716, 4.000000000000000000 ) ) ;
#195 = DIRECTION ( 'NONE',  ( -0.000000000000000000, -0.000000000000000000, -1.000000000000000000 ) ) ;
#196 = AXIS2_PLACEMENT_3D ( 'NONE', #3378, #4449, #522 ) ;
#197 = CARTESIAN_POINT ( 'NONE',  ( 108.0000000000000000, 120.4999999999999858, 11.20820393249943692 ) ) ;
#198 = EDGE_LOOP ( 'NONE', ( #3956, #281, #1824, #4234, #3505, #4402 ) ) ;
#199 = VERTEX_POINT ( 'NONE', #1699 ) ;
#200 = DIRECTION ( 'NONE',  ( -1.000000000000000000, 0.000000000000000000, 0.000000000000000000 ) ) ;
#201 = CARTESIAN_POINT ( 'NONE',  ( 224.5000000000000284, 3.000000000000030198, 4.500000000000000000 ) ) ;
#202 = DIRECTION ( 'NONE',  ( -1.000000000000000000, 0.000000000000000000, 0.000000000000000000 ) ) ;
#203 = ORIENTED_EDGE ( 'NONE', *, *, #1306, .F. ) ;
#204 = ORIENTED_EDGE ( 'NONE', *, *, #2533, .F. ) ;
#205 = EDGE_CURVE ( 'NONE', #2940, #32, #3904, .T. ) ;
#206 = DIRECTION ( 'NONE',  ( 0.000000000000000000, -0.7071067811865455743, 0.7071067811865495711 ) ) ;
#207 = ORIENTED_EDGE ( 'NONE', *, *, #2736, .T. ) ;
#208 = DIRECTION ( 'NONE',  ( -1.000000000000000000, 0.000000000000000000, 0.000000000000000000 ) ) ;
#209 = DIRECTION ( 'NONE',  ( 0.000000000000000000, -0.000000000000000000, -1.000000000000000000 ) ) ;
#210 = EDGE_CURVE ( 'NONE', #3506, #4316, #1345, .T. ) ;
#211 = FACE_OUTER_BOUND ( 'NONE', #69, .T. ) ;
#212 = VERTEX_POINT ( 'NONE', #3155 ) ;
#213 = LINE ( 'NONE', #899, #404 ) ;
#214 = ORIENTED_EDGE ( 'NONE', *, *, #3901, .F. ) ;
#215 = EDGE_CURVE ( 'NONE', #119, #1981, #451, .T. ) ;
#216 = DIRECTION ( 'NONE',  ( -0.000000000000000000, 0.000000000000000000, 1.000000000000000000 ) ) ;
#217 = DIRECTION ( 'NONE',  ( -1.000000000000000000, 0.000000000000000000, 0.000000000000000000 ) ) ;
#218 = DIRECTION ( 'NONE',  ( 1.000000000000000000, 2.275047181608928137E-16, 0.000000000000000000 ) ) ;
#219 = FACE_OUTER_BOUND ( 'NONE', #353, .T. ) ;
#220 = VERTEX_POINT ( 'NONE', #1741 ) ;
#221 = VERTEX_POINT ( 'NONE', #3198 ) ;
#222 = DIRECTION ( 'NONE',  ( 0.000000000000000000, -0.7071067811865383579, 0.7071067811865567876 ) ) ;
#223 = CARTESIAN_POINT ( 'NONE',  ( 0.000000000000000000, 0.000000000000000000, 4.500000000000000000 ) ) ;
#224 = DIRECTION ( 'NONE',  ( 1.000000000000000000, 0.000000000000000000, 0.000000000000000000 ) ) ;
#225 = ORIENTED_EDGE ( 'NONE', *, *, #2637, .F. ) ;
#226 = CARTESIAN_POINT ( 'NONE',  ( 24.80000000000000426, 103.5000000000000000, 4.499999999999997335 ) ) ;
#227 = VERTEX_POINT ( 'NONE', #4629 ) ;
#228 = DIRECTION ( 'NONE',  ( -1.000000000000000000, 0.000000000000000000, 0.000000000000000000 ) ) ;
#229 = CARTESIAN_POINT ( 'NONE',  ( 265.5000000000000000, 119.5000000000000000, 5.700000000000041922 ) ) ;
#230 = VECTOR ( 'NONE', #2195, 1000.000000000000000 ) ;
#231 = EDGE_CURVE ( 'NONE', #1283, #32, #4284, .T. ) ;
#232 = AXIS2_PLACEMENT_3D ( 'NONE', #321, #746, #2952 ) ;
#233 = DIRECTION ( 'NONE',  ( -1.000000000000000000, 0.000000000000000000, 0.000000000000000000 ) ) ;
#234 = ORIENTED_EDGE ( 'NONE', *, *, #2163, .F. ) ;
#235 = CARTESIAN_POINT ( 'NONE',  ( 329.5000000000000000, 61.74999999999998579, 4.500000000000000000 ) ) ;
#236 = EDGE_CURVE ( 'NONE', #2750, #2728, #1792, .T. ) ;
#237 = VECTOR ( 'NONE', #3598, 1000.000000000000000 ) ;
#238 = EDGE_LOOP ( 'NONE', ( #2777, #1332, #1133 ) ) ;
#239 = ORIENTED_EDGE ( 'NONE', *, *, #2716, .T. ) ;
#240 = CARTESIAN_POINT ( 'NONE',  ( 221.5000000000000284, 120.4999999999999716, 4.000000000000000000 ) ) ;
#241 = AXIS2_PLACEMENT_3D ( 'NONE', #59, #2960, #4395 ) ;
#242 = SURFACE_STYLE_USAGE ( .BOTH. , #289 ) ;
#243 = CARTESIAN_POINT ( 'NONE',  ( 299.5000000000000568, 106.6999999999999886, 5.700000000000055245 ) ) ;
#244 = EDGE_CURVE ( 'NONE', #2017, #3022, #3578, .T. ) ;
#245 = CIRCLE ( 'NONE', #3280, 1.499999999999987566 ) ;
#246 = ORIENTED_EDGE ( 'NONE', *, *, #896, .T. ) ;
#247 = ORIENTED_EDGE ( 'NONE', *, *, #3911, .F. ) ;
#248 = DIRECTION ( 'NONE',  ( -0.000000000000000000, 0.000000000000000000, 1.000000000000000000 ) ) ;
#249 = PLANE ( 'NONE',  #343 ) ;
#250 = AXIS2_PLACEMENT_3D ( 'NONE', #2875, #1852, #4028 ) ;
#251 = LINE ( 'NONE', #1289, #3882 ) ;
#252 = CIRCLE ( 'NONE', #4281, 1.500000000000001332 ) ;
#253 = VECTOR ( 'NONE', #690, 1000.000000000000000 ) ;
#254 = ORIENTED_EDGE ( 'NONE', *, *, #2710, .T. ) ;
#255 = DIRECTION ( 'NONE',  ( -1.000000000000000000, 0.000000000000000000, 0.000000000000000000 ) ) ;
#256 = VERTEX_POINT ( 'NONE', #3604 ) ;
#257 = CARTESIAN_POINT ( 'NONE',  ( 2.999999999999998668, 120.5000000000000000, 4.480688495222048928 ) ) ;
#258 = FACE_OUTER_BOUND ( 'NONE', #4063, .T. ) ;
#259 = VECTOR ( 'NONE', #3163, 1000.000000000000000 ) ;
#260 = ADVANCED_FACE ( 'NONE', ( #1501 ), #3268, .T. ) ;
#261 = DIRECTION ( 'NONE',  ( 0.000000000000000000, 0.000000000000000000, -1.000000000000000000 ) ) ;
#262 = ORIENTED_EDGE ( 'NONE', *, *, #2958, .F. ) ;
#263 = ORIENTED_EDGE ( 'NONE', *, *, #2005, .F. ) ;
#264 = DIRECTION ( 'NONE',  ( 0.8571673007021184398, 1.049727191138625968E-16, -0.5150380749100440525 ) ) ;
#265 = DIRECTION ( 'NONE',  ( -1.000000000000000000, -0.000000000000000000, -0.000000000000000000 ) ) ;
#266 = ADVANCED_FACE ( 'NONE', ( #10 ), #2219, .F. ) ;
#267 = DIRECTION ( 'NONE',  ( -0.000000000000000000, -0.000000000000000000, -1.000000000000000000 ) ) ;
#268 = DIRECTION ( 'NONE',  ( -1.000000000000000000, -0.000000000000000000, -0.000000000000000000 ) ) ;
#269 = DIRECTION ( 'NONE',  ( 0.000000000000000000, 0.000000000000000000, -1.000000000000000000 ) ) ;
#270 = AXIS2_PLACEMENT_3D ( 'NONE', #524, #3755, #4503 ) ;
#271 = ORIENTED_EDGE ( 'NONE', *, *, #3615, .T. ) ;
#272 = ORIENTED_EDGE ( 'NONE', *, *, #3629, .T. ) ;
#273 = AXIS2_PLACEMENT_3D ( 'NONE', #1457, #721, #2888 ) ;
#274 = EDGE_CURVE ( 'NONE', #3850, #386, #2178, .T. ) ;
#275 = DIRECTION ( 'NONE',  ( 0.000000000000000000, 1.000000000000000000, 0.000000000000000000 ) ) ;
#276 = CARTESIAN_POINT ( 'NONE',  ( 0.2999999999999538036, 3.000000000000000000, 6.000000000000000000 ) ) ;
#277 = DIRECTION ( 'NONE',  ( 1.000000000000000000, 0.000000000000000000, 0.000000000000000000 ) ) ;
#278 = VECTOR ( 'NONE', #268, 1000.000000000000000 ) ;
#279 = ORIENTED_EDGE ( 'NONE', *, *, #3694, .F. ) ;
#280 = FACE_OUTER_BOUND ( 'NONE', #4397, .T. ) ;
#281 = ORIENTED_EDGE ( 'NONE', *, *, #3369, .T. ) ;
#282 = DIRECTION ( 'NONE',  ( -0.000000000000000000, -0.000000000000000000, -1.000000000000000000 ) ) ;
#283 = CARTESIAN_POINT ( 'NONE',  ( 265.5000000000000000, 119.7999999999999687, 6.000000000000000000 ) ) ;
#284 = DIRECTION ( 'NONE',  ( -0.000000000000000000, -0.000000000000000000, -1.000000000000000000 ) ) ;
#285 = ORIENTED_EDGE ( 'NONE', *, *, #591, .F. ) ;
#286 = FACE_OUTER_BOUND ( 'NONE', #2820, .T. ) ;
#287 = LINE ( 'NONE', #1203, #4350 ) ;
#288 = CARTESIAN_POINT ( 'NONE',  ( 220.7000000000000171, 3.000000000000002665, 4.000000000000000000 ) ) ;
#289 = SURFACE_SIDE_STYLE ('',( #1993 ) ) ;
#290 = DIRECTION ( 'NONE',  ( 1.000000000000000000, 0.000000000000000000, 0.000000000000000000 ) ) ;
#291 = EDGE_CURVE ( 'NONE', #1796, #2420, #4011, .T. ) ;
#292 = ORIENTED_EDGE ( 'NONE', *, *, #56, .F. ) ;
#293 = ORIENTED_EDGE ( 'NONE', *, *, #3396, .T. ) ;
#294 = DIRECTION ( 'NONE',  ( -1.000000000000000000, 0.000000000000000000, 0.000000000000000000 ) ) ;
#295 = FACE_OUTER_BOUND ( 'NONE', #377, .T. ) ;
#296 = CARTESIAN_POINT ( 'NONE',  ( 329.5000000000000000, 4.499999999999988454, 11.20820393249943692 ) ) ;
#297 = EDGE_CURVE ( 'NONE', #2722, #4220, #1147, .T. ) ;
#298 = ORIENTED_EDGE ( 'NONE', *, *, #900, .T. ) ;
#299 = DIRECTION ( 'NONE',  ( -0.000000000000000000, -0.000000000000000000, -1.000000000000000000 ) ) ;
#300 = ORIENTED_EDGE ( 'NONE', *, *, #456, .T. ) ;
#301 = CARTESIAN_POINT ( 'NONE',  ( 329.5000000000000000, 123.5000000000000000, 5.700000000000045475 ) ) ;
#302 = DIRECTION ( 'NONE',  ( -1.000000000000000000, 0.000000000000000000, 0.000000000000000000 ) ) ;
#303 = ADVANCED_FACE ( 'NONE', ( #2914 ), #4347, .F. ) ;
#304 = DIRECTION ( 'NONE',  ( 0.000000000000000000, 0.000000000000000000, -1.000000000000000000 ) ) ;
#305 = FACE_OUTER_BOUND ( 'NONE', #4298, .T. ) ;
#306 = ORIENTED_EDGE ( 'NONE', *, *, #2095, .F. ) ;
#307 = CARTESIAN_POINT ( 'NONE',  ( 222.3000000000000114, 120.4999999999999716, 4.000000000000000000 ) ) ;
#308 = DIRECTION ( 'NONE',  ( 0.000000000000000000, -0.000000000000000000, -1.000000000000000000 ) ) ;
#309 = DIRECTION ( 'NONE',  ( 0.000000000000000000, 0.000000000000000000, -1.000000000000000000 ) ) ;
#310 = DIRECTION ( 'NONE',  ( 1.000000000000000000, 0.000000000000000000, 0.000000000000000000 ) ) ;
#311 = VECTOR ( 'NONE', #3397, 1000.000000000000000 ) ;
#312 = ORIENTED_EDGE ( 'NONE', *, *, #978, .T. ) ;
#313 = ORIENTED_EDGE ( 'NONE', *, *, #3467, .F. ) ;
#314 = AXIS2_PLACEMENT_3D ( 'NONE', #336, #355, #3213 ) ;
#315 = CARTESIAN_POINT ( 'NONE',  ( 28.80000000000000782, 119.5000000000000000, 5.700000000000041922 ) ) ;
#316 = CARTESIAN_POINT ( 'NONE',  ( 111.0000000000000000, 120.4999999999999858, 4.000000000000000000 ) ) ;
#317 = EDGE_CURVE ( 'NONE', #199, #3037, #4165, .T. ) ;
#318 = CARTESIAN_POINT ( 'NONE',  ( 3.000000000000000000, 120.5000000000000000, 4.000000000000000000 ) ) ;
#319 = VECTOR ( 'NONE', #2576, 1000.000000000000000 ) ;
#320 = ORIENTED_EDGE ( 'NONE', *, *, #1771, .T. ) ;
#321 = CARTESIAN_POINT ( 'NONE',  ( 224.5000000000000284, 120.4999999999999858, 11.20820393249943692 ) ) ;
#322 = VECTOR ( 'NONE', #2416, 1000.000000000000000 ) ;
#323 = EDGE_LOOP ( 'NONE', ( #518, #3744, #949 ) ) ;
#324 = LINE ( 'NONE', #991, #3512 ) ;
#325 = EDGE_CURVE ( 'NONE', #2900, #1977, #2280, .T. ) ;
#326 = CARTESIAN_POINT ( 'NONE',  ( 332.5000000000000000, 0.000000000000000000, 0.000000000000000000 ) ) ;
#327 = AXIS2_PLACEMENT_3D ( 'NONE', #2494, #3933, #2133 ) ;
#328 = VECTOR ( 'NONE', #1335, 1000.000000000000000 ) ;
#329 = VECTOR ( 'NONE', #2911, 1000.000000000000000 ) ;
#330 = CARTESIAN_POINT ( 'NONE',  ( 330.2999999999999545, 120.4999999999999574, -1.457329690985347238E-15 ) ) ;
#331 = EDGE_CURVE ( 'NONE', #2722, #2813, #1966, .T. ) ;
#332 = AXIS2_PLACEMENT_3D ( 'NONE', #44, #755, #2145 ) ;
#333 = CARTESIAN_POINT ( 'NONE',  ( 220.0000000000000000, 3.000000000000030198, 0.000000000000000000 ) ) ;
#334 = CARTESIAN_POINT ( 'NONE',  ( 329.5000000000000000, 0.2999999999999538036, 6.000000000000000000 ) ) ;
#335 = VECTOR ( 'NONE', #3810, 1000.000000000000000 ) ;
#336 = CARTESIAN_POINT ( 'NONE',  ( 110.9999999999999858, 3.000000000000002665, 0.000000000000000000 ) ) ;
#337 = CARTESIAN_POINT ( 'NONE',  ( 329.5000000000000000, 60.25000000000003553, 0.000000000000000000 ) ) ;
#338 = ORIENTED_EDGE ( 'NONE', *, *, #4409, .F. ) ;
#339 = ORIENTED_EDGE ( 'NONE', *, *, #3709, .T. ) ;
#340 = DIRECTION ( 'NONE',  ( 0.000000000000000000, -0.000000000000000000, -1.000000000000000000 ) ) ;
#341 = CARTESIAN_POINT ( 'NONE',  ( 26.80000000000000426, 117.5000000000000000, 5.999999999999998224 ) ) ;
#342 = FACE_OUTER_BOUND ( 'NONE', #422, .T. ) ;
#343 = AXIS2_PLACEMENT_3D ( 'NONE', #223, #3848, #4551 ) ;
#344 = CARTESIAN_POINT ( 'NONE',  ( 221.5000000000000000, 3.000000000000002665, 0.000000000000000000 ) ) ;
#345 = CIRCLE ( 'NONE', #4356, 0.7999999999999951594 ) ;
#346 = FACE_OUTER_BOUND ( 'NONE', #4055, .T. ) ;
#347 = CARTESIAN_POINT ( 'NONE',  ( 328.6999999999999886, 61.74999999999998579, 0.000000000000000000 ) ) ;
#348 = EDGE_CURVE ( 'NONE', #3199, #1595, #2431, .T. ) ;
#349 = CARTESIAN_POINT ( 'NONE',  ( 110.9999999999999858, 3.000000000000002665, 4.000000000000000000 ) ) ;
#350 = CYLINDRICAL_SURFACE ( 'NONE', #97, 0.7999999999999951594 ) ;
#351 = DIRECTION ( 'NONE',  ( 1.126443815569355400E-16, -1.000000000000000000, 0.000000000000000000 ) ) ;
#352 = ORIENTED_EDGE ( 'NONE', *, *, #2441, .F. ) ;
#353 = EDGE_LOOP ( 'NONE', ( #1594, #1902, #2234, #2093 ) ) ;
#354 = EDGE_CURVE ( 'NONE', #467, #3850, #3035, .T. ) ;
#355 = DIRECTION ( 'NONE',  ( -0.000000000000000000, -0.000000000000000000, -1.000000000000000000 ) ) ;
#356 = FACE_OUTER_BOUND ( 'NONE', #2580, .T. ) ;
#357 = ADVANCED_FACE ( 'NONE', ( #1857 ), #1814, .F. ) ;
#358 = ORIENTED_EDGE ( 'NONE', *, *, #906, .F. ) ;
#359 = ORIENTED_EDGE ( 'NONE', *, *, #4615, .T. ) ;
#360 = DIRECTION ( 'NONE',  ( 1.000000000000000000, 0.000000000000000000, 0.000000000000000000 ) ) ;
#361 = DIRECTION ( 'NONE',  ( -0.000000000000000000, -0.000000000000000000, 1.000000000000000000 ) ) ;
#362 = DIRECTION ( 'NONE',  ( -0.000000000000000000, -1.000000000000000000, -0.000000000000000000 ) ) ;
#363 = ORIENTED_EDGE ( 'NONE', *, *, #236, .T. ) ;
#364 = DIRECTION ( 'NONE',  ( 1.000000000000000000, 0.000000000000000000, 0.000000000000000000 ) ) ;
#365 = CARTESIAN_POINT ( 'NONE',  ( 267.5000000000000000, 103.5000000000000000, 4.499999999999997335 ) ) ;
#366 = CARTESIAN_POINT ( 'NONE',  ( 4.000000000000000888, 101.5000000000000000, -59.10031446463138138 ) ) ;
#367 = CARTESIAN_POINT ( 'NONE',  ( 267.7999999999999545, 0.000000000000000000, 6.000000000000000000 ) ) ;
#368 = EDGE_CURVE ( 'NONE', #2270, #2932, #3643, .T. ) ;
#369 = CARTESIAN_POINT ( 'NONE',  ( 110.9999999999999858, 3.000000000000002665, 4.500000000000000000 ) ) ;
#370 = ORIENTED_EDGE ( 'NONE', *, *, #2159, .T. ) ;
#371 = ORIENTED_EDGE ( 'NONE', *, *, #646, .T. ) ;
#372 = CLOSED_SHELL ( 'NONE', ( #1827, #3257, #3793, #1847, #3828, #3756, #1220, #1971, #2862, #1282, #1342, #3530, #817, #1508, #2801, #3780, #1561, #4326, #748, #2036, #1854, #3239, #683, #3251, #3774, #4588, #1114, #3445, #2152, #49, #3236, #1037, #2435, #2061, #4105, #4145, #2458, #9, #389, #3112, #4236, #2537, #3061, #961, #4276, #698, #1687, #4491, #260, #677, #178, #3576, #1739, #2106, #736, #4495, #1573, #4379, #527, #3404, #4459, #641, #3551, #3716, #3498, #4344, #2730, #4080, #3107, #1695, #1460, #4510, #2891, #3007, #1204, #498, #552, #1656, #191, #2247, #2206, #2821, #4604, #3923, #86, #3568, #2700, #357, #1273, #872, #2041, #4263, #399, #1794, #3089, #3625, #616, #1745, #2273, #4666, #751, #2644, #1489, #2795, #2300, #2855, #1485, #3519, #4317, #2507, #168, #4062, #2726, #1424, #1428, #1242, #60, #4582, #53, #2082, #2399, #1710, #418, #3583, #439, #1836, #778, #2762, #3310, #2185, #2585, #2308, #1578, #1336, #3174, #1566, #2425, #266, #1500, #2482, #1479, #4086, #2128, #2935, #303, #4636, #1118, #2805, #967, #1059, #1938, #3317, #1860, #463, #375, #1978, #4293, #4519, #3343 ) ) ;
#373 = CARTESIAN_POINT ( 'NONE',  ( 331.0000000000000000, 58.75000000000001421, 11.20820393249943692 ) ) ;
#374 = DIRECTION ( 'NONE',  ( 1.000000000000000000, 0.000000000000000000, 0.000000000000000000 ) ) ;
#375 = ADVANCED_FACE ( 'NONE', ( #52 ), #3294, .F. ) ;
#376 = VECTOR ( 'NONE', #33, 1000.000000000000000 ) ;
#377 = EDGE_LOOP ( 'NONE', ( #990, #506, #876, #1617 ) ) ;
#378 = EDGE_LOOP ( 'NONE', ( #1058, #63, #436, #4116 ) ) ;
#379 = DIRECTION ( 'NONE',  ( 0.000000000000000000, 0.000000000000000000, -1.000000000000000000 ) ) ;
#380 = AXIS2_PLACEMENT_3D ( 'NONE', #4318, #340, #3260 ) ;
#381 = DIRECTION ( 'NONE',  ( 0.000000000000000000, -0.000000000000000000, -1.000000000000000000 ) ) ;
#382 = EDGE_CURVE ( 'NONE', #2906, #826, #1417, .T. ) ;
#383 = CYLINDRICAL_SURFACE ( 'NONE', #3820, 2.000000000000001776 ) ;
#384 = VECTOR ( 'NONE', #2096, 1000.000000000000000 ) ;
#385 = ORIENTED_EDGE ( 'NONE', *, *, #1166, .T. ) ;
#386 = VERTEX_POINT ( 'NONE', #3312 ) ;
#387 = DIRECTION ( 'NONE',  ( 0.000000000000000000, -0.000000000000000000, -1.000000000000000000 ) ) ;
#388 = CARTESIAN_POINT ( 'NONE',  ( 299.5000000000000568, 106.6999999999999886, 4.500000000000000000 ) ) ;
#389 = ADVANCED_FACE ( 'NONE', ( #1772, #2509, #3405, #1598, #3004, #3778, #1209, #71, #2341, #4134, #1877, #528 ), #3051, .T. ) ;
#390 = VECTOR ( 'NONE', #1440, 1000.000000000000000 ) ;
#391 = CARTESIAN_POINT ( 'NONE',  ( 328.6999999999999886, 3.000000000000000000, 4.000000000000000000 ) ) ;
#392 = AXIS2_PLACEMENT_3D ( 'NONE', #1466, #2918, #3412 ) ;
#393 = CARTESIAN_POINT ( 'NONE',  ( 299.5000000000000568, 113.0000000000000000, -0.001000000000000132727 ) ) ;
#394 = LINE ( 'NONE', #1844, #4195 ) ;
#395 = CIRCLE ( 'NONE', #327, 1.500000000000001332 ) ;
#396 = ORIENTED_EDGE ( 'NONE', *, *, #3374, .T. ) ;
#397 = EDGE_LOOP ( 'NONE', ( #2711, #2586, #1071, #2338 ) ) ;
#398 = AXIS2_PLACEMENT_3D ( 'NONE', #1390, #3531, #4255 ) ;
#399 = ADVANCED_FACE ( 'NONE', ( #3687 ), #1900, .F. ) ;
#400 = VECTOR ( 'NONE', #403, 1000.000000000000000 ) ;
#401 = ORIENTED_EDGE ( 'NONE', *, *, #4661, .T. ) ;
#402 = CARTESIAN_POINT ( 'NONE',  ( 0.000000000000000000, 0.000000000000000000, 4.500000000000000000 ) ) ;
#403 = DIRECTION ( 'NONE',  ( 1.000000000000000000, 1.069167011387862821E-17, 0.000000000000000000 ) ) ;
#404 = VECTOR ( 'NONE', #3472, 1000.000000000000000 ) ;
#405 = VERTEX_POINT ( 'NONE', #4106 ) ;
#406 = EDGE_CURVE ( 'NONE', #3024, #739, #1189, .T. ) ;
#407 = CARTESIAN_POINT ( 'NONE',  ( 299.5000000000000568, 114.7999999999999545, 6.000000000000000000 ) ) ;
#408 = CIRCLE ( 'NONE', #3667, 1.500000000000044631 ) ;
#409 = CARTESIAN_POINT ( 'NONE',  ( 277.3000000000000682, 114.7999999999999545, 6.000000000000000000 ) ) ;
#410 = DIRECTION ( 'NONE',  ( -1.000000000000000000, 0.000000000000000000, 0.000000000000000000 ) ) ;
#411 = CARTESIAN_POINT ( 'NONE',  ( 3.700000000000039702, 99.49999999999998579, 6.000000000000000000 ) ) ;
#412 = ORIENTED_EDGE ( 'NONE', *, *, #3314, .F. ) ;
#413 = ORIENTED_EDGE ( 'NONE', *, *, #3634, .T. ) ;
#414 = EDGE_CURVE ( 'NONE', #3506, #4541, #2316, .T. ) ;
#415 = DIRECTION ( 'NONE',  ( 0.000000000000000000, -0.000000000000000000, -1.000000000000000000 ) ) ;
#416 = CARTESIAN_POINT ( 'NONE',  ( 2.500000000000007550, 122.0000000000000000, 4.500000000000000000 ) ) ;
#417 = VECTOR ( 'NONE', #3628, 1000.000000000000000 ) ;
#418 = ADVANCED_FACE ( 'NONE', ( #3759 ), #98, .T. ) ;
#419 = AXIS2_PLACEMENT_3D ( 'NONE', #201, #3871, #1387 ) ;
#420 = DIRECTION ( 'NONE',  ( -1.000000000000000000, -0.000000000000000000, -0.000000000000000000 ) ) ;
#421 = DIRECTION ( 'NONE',  ( -0.000000000000000000, -0.000000000000000000, -1.000000000000000000 ) ) ;
#422 = EDGE_LOOP ( 'NONE', ( #4683, #412, #1324, #3746 ) ) ;
#423 = LINE ( 'NONE', #3344, #765 ) ;
#424 = ORIENTED_EDGE ( 'NONE', *, *, #3427, .T. ) ;
#425 = FACE_OUTER_BOUND ( 'NONE', #3493, .T. ) ;
#426 = ORIENTED_EDGE ( 'NONE', *, *, #943, .T. ) ;
#427 = LINE ( 'NONE', #4096, #536 ) ;
#428 = DIRECTION ( 'NONE',  ( 0.000000000000000000, 1.000000000000000000, -0.000000000000000000 ) ) ;
#429 = LINE ( 'NONE', #2263, #4635 ) ;
#430 = LINE ( 'NONE', #2553, #2155 ) ;
#431 = EDGE_CURVE ( 'NONE', #782, #4512, #4412, .T. ) ;
#432 = EDGE_LOOP ( 'NONE', ( #1825, #4130, #3456, #3362 ) ) ;
#433 = ORIENTED_EDGE ( 'NONE', *, *, #3997, .T. ) ;
#434 = CARTESIAN_POINT ( 'NONE',  ( 0.000000000000000000, 0.000000000000000000, 0.000000000000000000 ) ) ;
#435 = DIRECTION ( 'NONE',  ( -0.8571673007021105573, 0.000000000000000000, -0.5150380749100571531 ) ) ;
#436 = ORIENTED_EDGE ( 'NONE', *, *, #3801, .F. ) ;
#437 = ORIENTED_EDGE ( 'NONE', *, *, #3749, .F. ) ;
#438 = CARTESIAN_POINT ( 'NONE',  ( 329.5000000000000000, 120.4999999999999574, 4.000000000000000000 ) ) ;
#439 = ADVANCED_FACE ( 'NONE', ( #143 ), #122, .F. ) ;
#440 = DIRECTION ( 'NONE',  ( 0.000000000000000000, 0.000000000000000000, -1.000000000000000000 ) ) ;
#441 = CARTESIAN_POINT ( 'NONE',  ( 329.5000000000000000, 63.25000000000007105, 0.000000000000000000 ) ) ;
#442 = EDGE_CURVE ( 'NONE', #1283, #2007, #1169, .T. ) ;
#443 = EDGE_LOOP ( 'NONE', ( #2851, #3333, #2025, #3783 ) ) ;
#444 = CARTESIAN_POINT ( 'NONE',  ( 328.5000000000000000, 6.000000000000003553, 5.700000000000041922 ) ) ;
#445 = VERTEX_POINT ( 'NONE', #1973 ) ;
#446 = CARTESIAN_POINT ( 'NONE',  ( 329.5000000000000000, 61.74999999999998579, 4.000000000000000000 ) ) ;
#447 = ORIENTED_EDGE ( 'NONE', *, *, #3863, .F. ) ;
#448 = FACE_OUTER_BOUND ( 'NONE', #4505, .T. ) ;
#449 = CARTESIAN_POINT ( 'NONE',  ( 277.3000000000000682, 114.5000000000000000, 4.500000000000000000 ) ) ;
#450 = CARTESIAN_POINT ( 'NONE',  ( 329.5000000000000000, 3.000000000000000000, 0.000000000000000000 ) ) ;
#451 = CIRCLE ( 'NONE', #1669, 0.7999999999999899414 ) ;
#452 = PLANE ( 'NONE',  #1477 ) ;
#453 = ORIENTED_EDGE ( 'NONE', *, *, #331, .T. ) ;
#454 = ORIENTED_EDGE ( 'NONE', *, *, #1367, .T. ) ;
#455 = VECTOR ( 'NONE', #1265, 1000.000000000000000 ) ;
#456 = EDGE_CURVE ( 'NONE', #863, #4132, #2289, .T. ) ;
#457 = CARTESIAN_POINT ( 'NONE',  ( 113.9999999999999716, 1.500000000000077716, 11.20820393249943692 ) ) ;
#458 = DIRECTION ( 'NONE',  ( 0.000000000000000000, 0.7071067811865617836, 0.7071067811865331398 ) ) ;
#459 = ORIENTED_EDGE ( 'NONE', *, *, #2390, .T. ) ;
#460 = DIRECTION ( 'NONE',  ( 1.000000000000000000, 0.000000000000000000, 0.000000000000000000 ) ) ;
#461 = AXIS2_PLACEMENT_3D ( 'NONE', #3842, #594, #3451 ) ;
#462 = ORIENTED_EDGE ( 'NONE', *, *, #1160, .F. ) ;
#463 = ADVANCED_FACE ( 'NONE', ( #3707 ), #607, .F. ) ;
#464 = CIRCLE ( 'NONE', #155, 1.500000000000001332 ) ;
#465 = FACE_OUTER_BOUND ( 'NONE', #146, .T. ) ;
#466 = DIRECTION ( 'NONE',  ( 1.000000000000000000, -2.263814136149665858E-13, 0.000000000000000000 ) ) ;
#467 = VERTEX_POINT ( 'NONE', #4077 ) ;
#468 = EDGE_CURVE ( 'NONE', #3363, #2526, #2737, .T. ) ;
#469 = PLANE ( 'NONE',  #241 ) ;
#470 = AXIS2_PLACEMENT_3D ( 'NONE', #2212, #4382, #4005 ) ;
#471 = EDGE_LOOP ( 'NONE', ( #4103, #1359, #1762, #4611 ) ) ;
#472 = CARTESIAN_POINT ( 'NONE',  ( 222.3000000000000114, 3.000000000000002665, 4.000000000000000000 ) ) ;
#473 = CIRCLE ( 'NONE', #4184, 1.500000000000001332 ) ;
#474 = VECTOR ( 'NONE', #1407, 1000.000000000000000 ) ;
#475 = ORIENTED_EDGE ( 'NONE', *, *, #2163, .T. ) ;
#476 = EDGE_CURVE ( 'NONE', #4436, #3372, #1746, .T. ) ;
#477 = CARTESIAN_POINT ( 'NONE',  ( 331.0000000000000000, 2.500000000000007105, 4.500000000000000000 ) ) ;
#478 = DIRECTION ( 'NONE',  ( -0.000000000000000000, 0.000000000000000000, -1.000000000000000000 ) ) ;
#479 = CARTESIAN_POINT ( 'NONE',  ( 3.000000000000000000, 120.5000000000000000, 4.000000000000000000 ) ) ;
#480 = VECTOR ( 'NONE', #3346, 1000.000000000000000 ) ;
#481 = LINE ( 'NONE', #118, #2006 ) ;
#482 = ORIENTED_EDGE ( 'NONE', *, *, #30, .T. ) ;
#483 = ORIENTED_EDGE ( 'NONE', *, *, #3976, .F. ) ;
#484 = VECTOR ( 'NONE', #846, 1000.000000000000000 ) ;
#485 = CARTESIAN_POINT ( 'NONE',  ( 2.999999999999976907, 4.500000000000198064, 11.20820393249943692 ) ) ;
#486 = DIRECTION ( 'NONE',  ( -0.000000000000000000, 0.000000000000000000, 1.000000000000000000 ) ) ;
#487 = CARTESIAN_POINT ( 'NONE',  ( 267.5000000000000000, 119.4999999999999858, 5.700000000000045475 ) ) ;
#488 = FACE_OUTER_BOUND ( 'NONE', #1600, .T. ) ;
#489 = AXIS2_PLACEMENT_3D ( 'NONE', #1458, #93, #763 ) ;
#490 = CARTESIAN_POINT ( 'NONE',  ( 2.999999999999976463, 6.000000000000282441, 4.500000000000000000 ) ) ;
#491 = EDGE_CURVE ( 'NONE', #3981, #1215, #835, .T. ) ;
#492 = AXIS2_PLACEMENT_3D ( 'NONE', #123, #1575, #3052 ) ;
#493 = ORIENTED_EDGE ( 'NONE', *, *, #1110, .F. ) ;
#494 = DIRECTION ( 'NONE',  ( -1.000000000000000000, 0.000000000000000000, 0.000000000000000000 ) ) ;
#495 = ORIENTED_EDGE ( 'NONE', *, *, #3941, .T. ) ;
#496 = DIRECTION ( 'NONE',  ( 1.000000000000000000, 0.000000000000000000, 0.000000000000000000 ) ) ;
#497 = CIRCLE ( 'NONE', #3613, 1.500000000000001332 ) ;
#498 = ADVANCED_FACE ( 'NONE', ( #3733 ), #4035, .T. ) ;
#499 = ORIENTED_EDGE ( 'NONE', *, *, #2681, .F. ) ;
#500 = DIRECTION ( 'NONE',  ( 0.000000000000000000, 1.000000000000000000, 0.000000000000000000 ) ) ;
#501 = CARTESIAN_POINT ( 'NONE',  ( 109.4999999999999858, 3.000000000000086153, 11.20820393249943692 ) ) ;
#502 = PLANE ( 'NONE',  #551 ) ;
#503 = LINE ( 'NONE', #1967, #2772 ) ;
#504 = EDGE_CURVE ( 'NONE', #102, #3981, #1369, .T. ) ;
#505 = ORIENTED_EDGE ( 'NONE', *, *, #1944, .T. ) ;
#506 = ORIENTED_EDGE ( 'NONE', *, *, #988, .F. ) ;
#507 = CARTESIAN_POINT ( 'NONE',  ( 6.000000000000003553, 101.5000000000000000, 5.700000000000045475 ) ) ;
#508 = CARTESIAN_POINT ( 'NONE',  ( 299.5000000000000568, 114.7999999999999545, 6.000000000000000000 ) ) ;
#509 = DIRECTION ( 'NONE',  ( 0.000000000000000000, 0.000000000000000000, -1.000000000000000000 ) ) ;
#510 = ORIENTED_EDGE ( 'NONE', *, *, #3801, .T. ) ;
#511 = CARTESIAN_POINT ( 'NONE',  ( 221.5000000000000284, 120.4999999999999716, 4.000000000000000000 ) ) ;
#512 = DIRECTION ( 'NONE',  ( -1.000000000000000000, 0.000000000000000000, 0.000000000000000000 ) ) ;
#513 = ORIENTED_EDGE ( 'NONE', *, *, #3391, .T. ) ;
#514 = EDGE_CURVE ( 'NONE', #2790, #2249, #4010, .T. ) ;
#515 = DIRECTION ( 'NONE',  ( 1.000000000000000000, 0.000000000000000000, 0.000000000000000000 ) ) ;
#516 = VERTEX_POINT ( 'NONE', #3171 ) ;
#517 = CARTESIAN_POINT ( 'NONE',  ( 222.3000000000000114, 3.000000000000002665, 4.000000000000000000 ) ) ;
#518 = ORIENTED_EDGE ( 'NONE', *, *, #3488, .F. ) ;
#519 = EDGE_LOOP ( 'NONE', ( #1179, #3724, #130, #4461 ) ) ;
#520 = EDGE_CURVE ( 'NONE', #2878, #3420, #1286, .T. ) ;
#521 = DIRECTION ( 'NONE',  ( 0.000000000000000000, -0.000000000000000000, -1.000000000000000000 ) ) ;
#522 = DIRECTION ( 'NONE',  ( -1.000000000000000000, 0.000000000000000000, 0.000000000000000000 ) ) ;
#523 = PLANE ( 'NONE',  #1090 ) ;
#524 = CARTESIAN_POINT ( 'NONE',  ( 265.5000000000000000, 117.5000000000000000, 6.000000000000000000 ) ) ;
#525 = EDGE_LOOP ( 'NONE', ( #120, #3814, #3631, #1936 ) ) ;
#526 = ORIENTED_EDGE ( 'NONE', *, *, #1306, .T. ) ;
#527 = ADVANCED_FACE ( 'NONE', ( #2361 ), #4181, .F. ) ;
#528 = FACE_OUTER_BOUND ( 'NONE', #3914, .T. ) ;
#529 = VECTOR ( 'NONE', #3786, 1000.000000000000000 ) ;
#530 = DIRECTION ( 'NONE',  ( -1.000000000000000000, 0.000000000000000000, 0.000000000000000000 ) ) ;
#531 = DIRECTION ( 'NONE',  ( -1.000000000000000000, 0.000000000000000000, 0.000000000000000000 ) ) ;
#532 = VECTOR ( 'NONE', #3246, 1000.000000000000000 ) ;
#533 = ORIENTED_EDGE ( 'NONE', *, *, #2095, .T. ) ;
#534 = ORIENTED_EDGE ( 'NONE', *, *, #1171, .T. ) ;
#535 = DIRECTION ( 'NONE',  ( 0.000000000000000000, 1.000000000000000000, 0.000000000000000000 ) ) ;
#536 = VECTOR ( 'NONE', #3350, 1000.000000000000114 ) ;
#537 = CARTESIAN_POINT ( 'NONE',  ( 1.500000000000000000, 58.75000000000001421, 4.500000000000000000 ) ) ;
#538 = AXIS2_PLACEMENT_3D ( 'NONE', #2277, #3719, #1915 ) ;
#539 = CARTESIAN_POINT ( 'NONE',  ( 4.000000000000000888, 119.5000000000000000, 4.500000000000000000 ) ) ;
#540 = VERTEX_POINT ( 'NONE', #3191 ) ;
#541 = LINE ( 'NONE', #3789, #3444 ) ;
#542 = AXIS2_PLACEMENT_3D ( 'NONE', #1091, #2802, #4238 ) ;
#543 = VERTEX_POINT ( 'NONE', #2815 ) ;
#544 = EDGE_CURVE ( 'NONE', #2750, #735, #3267, .T. ) ;
#545 = ORIENTED_EDGE ( 'NONE', *, *, #867, .T. ) ;
#546 = VECTOR ( 'NONE', #2297, 1000.000000000000000 ) ;
#547 = LINE ( 'NONE', #1662, #1523 ) ;
#548 = CARTESIAN_POINT ( 'NONE',  ( 3.000000000000001332, 64.75000000000008527, 0.000000000000000000 ) ) ;
#549 = LINE ( 'NONE', #1994, #2596 ) ;
#550 = VECTOR ( 'NONE', #302, 1000.000000000000000 ) ;
#551 = AXIS2_PLACEMENT_3D ( 'NONE', #3702, #3326, #3352 ) ;
#552 = ADVANCED_FACE ( 'NONE', ( #2769 ), #2050, .T. ) ;
#553 = VERTEX_POINT ( 'NONE', #2719 ) ;
#554 = ORIENTED_EDGE ( 'NONE', *, *, #3078, .F. ) ;
#555 = EDGE_LOOP ( 'NONE', ( #2803, #3016, #2379, #7 ) ) ;
#556 = CARTESIAN_POINT ( 'NONE',  ( 0.000000000000000000, 120.5000000000000000, 5.700000000000045475 ) ) ;
#557 = AXIS2_PLACEMENT_3D ( 'NONE', #3887, #640, #2091 ) ;
#558 = DIRECTION ( 'NONE',  ( -0.000000000000000000, -0.000000000000000000, -1.000000000000000000 ) ) ;
#559 = DIRECTION ( 'NONE',  ( -0.8571673007021105573, 0.000000000000000000, -0.5150380749100571531 ) ) ;
#560 = EDGE_CURVE ( 'NONE', #1979, #467, #4386, .T. ) ;
#561 = CIRCLE ( 'NONE', #4645, 0.7999999999999674039 ) ;
#562 = ORIENTED_EDGE ( 'NONE', *, *, #1322, .F. ) ;
#563 = ORIENTED_EDGE ( 'NONE', *, *, #2681, .T. ) ;
#564 = CARTESIAN_POINT ( 'NONE',  ( 111.0000000000000000, 120.4999999999999858, 4.480688495222048928 ) ) ;
#565 = CARTESIAN_POINT ( 'NONE',  ( 277.3000000000000682, 106.4000000000000341, 6.000000000000000000 ) ) ;
#566 = EDGE_CURVE ( 'NONE', #2228, #2561, #1672, .T. ) ;
#567 = VECTOR ( 'NONE', #1403, 1000.000000000000000 ) ;
#568 = LINE ( 'NONE', #3447, #1826 ) ;
#569 = VERTEX_POINT ( 'NONE', #3501 ) ;
#570 = DIRECTION ( 'NONE',  ( 0.000000000000000000, 0.000000000000000000, -1.000000000000000000 ) ) ;
#571 = EDGE_LOOP ( 'NONE', ( #1120, #2565, #459, #1401 ) ) ;
#572 = VECTOR ( 'NONE', #2793, 1000.000000000000000 ) ;
#573 = ORIENTED_EDGE ( 'NONE', *, *, #4646, .F. ) ;
#574 = CARTESIAN_POINT ( 'NONE',  ( 223.0000000000000284, 120.4999999999999858, 0.000000000000000000 ) ) ;
#575 = CARTESIAN_POINT ( 'NONE',  ( 329.5000000000000000, 123.5000000000000000, 5.700000000000045475 ) ) ;
#576 = AXIS2_PLACEMENT_3D ( 'NONE', #548, #2043, #3843 ) ;
#577 = LINE ( 'NONE', #2023, #3360 ) ;
#578 = EDGE_LOOP ( 'NONE', ( #2639, #4131, #3329, #4453, #4525, #1258, #2686, #4160 ) ) ;
#579 = ORIENTED_EDGE ( 'NONE', *, *, #3560, .F. ) ;
#580 = CARTESIAN_POINT ( 'NONE',  ( 329.5000000000000000, 61.74999999999998579, 4.500000000000000000 ) ) ;
#581 = CARTESIAN_POINT ( 'NONE',  ( 6.000000000000001776, 120.5000000000000000, 11.20820393249943692 ) ) ;
#582 = EDGE_CURVE ( 'NONE', #4242, #1009, #834, .T. ) ;
#583 = FACE_OUTER_BOUND ( 'NONE', #3996, .T. ) ;
#584 = ORIENTED_EDGE ( 'NONE', *, *, #4615, .F. ) ;
#585 = VERTEX_POINT ( 'NONE', #2387 ) ;
#586 = FACE_OUTER_BOUND ( 'NONE', #2972, .T. ) ;
#587 = DIRECTION ( 'NONE',  ( 0.000000000000000000, 0.000000000000000000, -1.000000000000000000 ) ) ;
#588 = EDGE_CURVE ( 'NONE', #1876, #1684, #3148, .T. ) ;
#589 = CARTESIAN_POINT ( 'NONE',  ( 220.0000000000000284, 120.4999999999999858, 0.000000000000000000 ) ) ;
#590 = LINE ( 'NONE', #1986, #2144 ) ;
#591 = EDGE_CURVE ( 'NONE', #4009, #622, #1360, .T. ) ;
#592 = ORIENTED_EDGE ( 'NONE', *, *, #3651, .T. ) ;
#593 = DIRECTION ( 'NONE',  ( 0.000000000000000000, 0.7071067811865383579, 0.7071067811865567876 ) ) ;
#594 = DIRECTION ( 'NONE',  ( -0.000000000000000000, 0.000000000000000000, 1.000000000000000000 ) ) ;
#595 = CARTESIAN_POINT ( 'NONE',  ( 328.5000000000000000, 60.63196601125009977, 4.500000000000000000 ) ) ;
#596 = ORIENTED_EDGE ( 'NONE', *, *, #297, .T. ) ;
#597 = ORIENTED_EDGE ( 'NONE', *, *, #1182, .T. ) ;
#598 = CARTESIAN_POINT ( 'NONE',  ( 6.000000000000003553, 99.49999999999998579, 6.000000000000000000 ) ) ;
#599 = DIRECTION ( 'NONE',  ( 0.000000000000000000, 0.000000000000000000, -1.000000000000000000 ) ) ;
#600 = DIRECTION ( 'NONE',  ( 0.000000000000000000, 0.000000000000000000, -1.000000000000000000 ) ) ;
#601 = AXIS2_PLACEMENT_3D ( 'NONE', #4233, #1723, #3507 ) ;
#602 = ORIENTED_EDGE ( 'NONE', *, *, #3545, .F. ) ;
#603 = FACE_OUTER_BOUND ( 'NONE', #2645, .T. ) ;
#604 = ORIENTED_EDGE ( 'NONE', *, *, #2992, .T. ) ;
#605 = FACE_OUTER_BOUND ( 'NONE', #2395, .T. ) ;
#606 = DIRECTION ( 'NONE',  ( 0.000000000000000000, -1.000000000000000000, 0.000000000000000000 ) ) ;
#607 = CONICAL_SURFACE ( 'NONE', #2894, 0.7999999999999951594, 1.029744258676650981 ) ;
#608 = DIRECTION ( 'NONE',  ( -0.000000000000000000, -0.000000000000000000, -1.000000000000000000 ) ) ;
#609 = EDGE_CURVE ( 'NONE', #160, #3471, #1441, .T. ) ;
#610 = FACE_OUTER_BOUND ( 'NONE', #4040, .T. ) ;
#611 = EDGE_LOOP ( 'NONE', ( #1029, #312, #1431 ) ) ;
#612 = ORIENTED_EDGE ( 'NONE', *, *, #3292, .F. ) ;
#613 = CARTESIAN_POINT ( 'NONE',  ( 326.5000000000000000, 6.000000000000003553, 6.000000000000000000 ) ) ;
#614 = CARTESIAN_POINT ( 'NONE',  ( 218.5000000000000284, 3.000000000000016431, 4.500000000000000000 ) ) ;
#615 = VECTOR ( 'NONE', #4686, 1000.000000000000000 ) ;
#616 = ADVANCED_FACE ( 'NONE', ( #3847 ), #3870, .T. ) ;
#617 = CARTESIAN_POINT ( 'NONE',  ( 3.000000000000000000, 120.5000000000000000, 6.000000000000000000 ) ) ;
#618 = LINE ( 'NONE', #2453, #278 ) ;
#619 = CARTESIAN_POINT ( 'NONE',  ( 277.3000000000000682, 106.6999999999999886, 5.700000000000055245 ) ) ;
#620 = EDGE_CURVE ( 'NONE', #1865, #1009, #4578, .T. ) ;
#621 = CONICAL_SURFACE ( 'NONE', #4177, 1.799999999999968292, 0.7853981633974634891 ) ;
#622 = VERTEX_POINT ( 'NONE', #1315 ) ;
#623 = VERTEX_POINT ( 'NONE', #1010 ) ;
#624 = DIRECTION ( 'NONE',  ( -1.000000000000000000, 0.000000000000000000, 0.000000000000000000 ) ) ;
#625 = CARTESIAN_POINT ( 'NONE',  ( 329.5000000000000000, 64.75000000000008527, 0.000000000000000000 ) ) ;
#626 = AXIS2_PLACEMENT_3D ( 'NONE', #2052, #4211, #2669 ) ;
#627 = CONICAL_SURFACE ( 'NONE', #1531, 0.7999999999999951594, 1.029744258676650981 ) ;
#628 = CARTESIAN_POINT ( 'NONE',  ( 4.000000000000007105, 62.86803398874987892, 4.500000000000000000 ) ) ;
#629 = VECTOR ( 'NONE', #1975, 1000.000000000000000 ) ;
#630 = AXIS2_PLACEMENT_3D ( 'NONE', #3073, #3425, #116 ) ;
#631 = CARTESIAN_POINT ( 'NONE',  ( 114.0000000000000000, 122.0000000000000000, 4.500000000000000000 ) ) ;
#632 = ORIENTED_EDGE ( 'NONE', *, *, #2620, .T. ) ;
#633 = DIRECTION ( 'NONE',  ( -0.000000000000000000, -0.000000000000000000, -1.000000000000000000 ) ) ;
#634 = FACE_OUTER_BOUND ( 'NONE', #2246, .T. ) ;
#635 = AXIS2_PLACEMENT_3D ( 'NONE', #3563, #709, #2164 ) ;
#636 = CIRCLE ( 'NONE', #1241, 2.000000000000001776 ) ;
#637 = DIRECTION ( 'NONE',  ( -1.000000000000000000, 0.000000000000000000, 0.000000000000000000 ) ) ;
#638 = ORIENTED_EDGE ( 'NONE', *, *, #3836, .T. ) ;
#639 = ORIENTED_EDGE ( 'NONE', *, *, #3840, .F. ) ;
#640 = DIRECTION ( 'NONE',  ( -0.000000000000000000, -0.000000000000000000, -1.000000000000000000 ) ) ;
#641 = ADVANCED_FACE ( 'NONE', ( #1339 ), #4550, .F. ) ;
#642 = CARTESIAN_POINT ( 'NONE',  ( 1.500000000000000000, 2.500000000000007550, 4.500000000000000000 ) ) ;
#643 = DIRECTION ( 'NONE',  ( 1.000000000000000000, 0.000000000000000000, 0.000000000000000000 ) ) ;
#644 = LINE ( 'NONE', #575, #3235 ) ;
#645 = CARTESIAN_POINT ( 'NONE',  ( 6.000000000000014211, 6.000000000000005329, 6.000000000000000000 ) ) ;
#646 = EDGE_CURVE ( 'NONE', #3145, #1469, #4249, .T. ) ;
#647 = VECTOR ( 'NONE', #265, 1000.000000000000000 ) ;
#648 = ORIENTED_EDGE ( 'NONE', *, *, #4240, .F. ) ;
#649 = ORIENTED_EDGE ( 'NONE', *, *, #1665, .T. ) ;
#650 = AXIS2_PLACEMENT_3D ( 'NONE', #3361, #99, #4457 ) ;
#651 = DIRECTION ( 'NONE',  ( 1.000000000000000000, 0.000000000000000000, 0.000000000000000000 ) ) ;
#652 = DIRECTION ( 'NONE',  ( -0.000000000000000000, -0.000000000000000000, 1.000000000000000000 ) ) ;
#653 = DIRECTION ( 'NONE',  ( -0.000000000000000000, 0.000000000000000000, 1.000000000000000000 ) ) ;
#654 = EDGE_CURVE ( 'NONE', #4220, #1430, #3, .T. ) ;
#655 = DIRECTION ( 'NONE',  ( -0.000000000000000000, 0.000000000000000000, 1.000000000000000000 ) ) ;
#656 = CONICAL_SURFACE ( 'NONE', #3086, 0.7999999999999951594, 1.029744258676650981 ) ;
#657 = CARTESIAN_POINT ( 'NONE',  ( 267.5000000000000000, 117.5000000000000000, 4.499999999999997335 ) ) ;
#658 = VERTEX_POINT ( 'NONE', #1386 ) ;
#659 = LINE ( 'NONE', #2109, #1831 ) ;
#660 = DIRECTION ( 'NONE',  ( 0.000000000000000000, 0.000000000000000000, 1.000000000000000000 ) ) ;
#661 = DIRECTION ( 'NONE',  ( 1.000000000000000000, 0.000000000000000000, 0.000000000000000000 ) ) ;
#662 = ORIENTED_EDGE ( 'NONE', *, *, #3607, .T. ) ;
#663 = ORIENTED_EDGE ( 'NONE', *, *, #2330, .F. ) ;
#664 = PLANE ( 'NONE',  #4271 ) ;
#665 = DIRECTION ( 'NONE',  ( -0.000000000000000000, -0.000000000000000000, 1.000000000000000000 ) ) ;
#666 = ORIENTED_EDGE ( 'NONE', *, *, #215, .T. ) ;
#667 = EDGE_CURVE ( 'NONE', #4360, #4436, #2486, .T. ) ;
#668 = FACE_OUTER_BOUND ( 'NONE', #3927, .T. ) ;
#669 = LINE ( 'NONE', #4618, #4092 ) ;
#670 = PLANE ( 'NONE',  #2153 ) ;
#671 = ORIENTED_EDGE ( 'NONE', *, *, #205, .T. ) ;
#672 = ORIENTED_EDGE ( 'NONE', *, *, #186, .F. ) ;
#673 = EDGE_CURVE ( 'NONE', #1673, #4360, #153, .T. ) ;
#674 = PLANE ( 'NONE',  #3577 ) ;
#675 = FACE_OUTER_BOUND ( 'NONE', #1168, .T. ) ;
#676 = LINE ( 'NONE', #296, #1989 ) ;
#677 = ADVANCED_FACE ( 'NONE', ( #2210 ), #3620, .T. ) ;
#678 = ORIENTED_EDGE ( 'NONE', *, *, #1782, .F. ) ;
#679 = DIRECTION ( 'NONE',  ( -1.000000000000000000, 0.000000000000000000, 0.000000000000000000 ) ) ;
#680 = EDGE_LOOP ( 'NONE', ( #962, #2945, #1734, #1337 ) ) ;
#681 = CARTESIAN_POINT ( 'NONE',  ( 28.80000000000000782, 117.5000000000000000, 4.499999999999997335 ) ) ;
#682 = DIRECTION ( 'NONE',  ( 1.000000000000000000, 2.312964634635740689E-14, 0.000000000000000000 ) ) ;
#683 = ADVANCED_FACE ( 'NONE', ( #3637 ), #674, .T. ) ;
#684 = DIRECTION ( 'NONE',  ( -1.000000000000000000, 0.000000000000000000, 0.000000000000000000 ) ) ;
#685 = ORIENTED_EDGE ( 'NONE', *, *, #2920, .F. ) ;
#686 = DIRECTION ( 'NONE',  ( 0.000000000000000000, -0.000000000000000000, -1.000000000000000000 ) ) ;
#687 = CARTESIAN_POINT ( 'NONE',  ( 265.5000000000000000, 119.5000000000000000, 6.000000000000000000 ) ) ;
#688 = VECTOR ( 'NONE', #3331, 1000.000000000000000 ) ;
#689 = FACE_OUTER_BOUND ( 'NONE', #2694, .T. ) ;
#690 = DIRECTION ( 'NONE',  ( -0.7071067811865731079, 0.000000000000000000, -0.7071067811865219266 ) ) ;
#691 = AXIS2_PLACEMENT_3D ( 'NONE', #3680, #64, #3324 ) ;
#692 = ORIENTED_EDGE ( 'NONE', *, *, #4312, .F. ) ;
#693 = ORIENTED_EDGE ( 'NONE', *, *, #704, .T. ) ;
#694 = VECTOR ( 'NONE', #2499, 1000.000000000000000 ) ;
#695 = DIRECTION ( 'NONE',  ( 0.000000000000000000, -1.000000000000000000, 0.000000000000000000 ) ) ;
#696 = CARTESIAN_POINT ( 'NONE',  ( 113.9999999999999716, 3.000000000000071942, 0.000000000000000000 ) ) ;
#697 = DIRECTION ( 'NONE',  ( 1.000000000000000000, 0.000000000000000000, 0.000000000000000000 ) ) ;
#698 = ADVANCED_FACE ( 'NONE', ( #1806 ), #2550, .T. ) ;
#699 = AXIS2_PLACEMENT_3D ( 'NONE', #3489, #3134, #3539 ) ;
#700 = DIRECTION ( 'NONE',  ( 1.000000000000000000, 0.000000000000000000, 0.000000000000000000 ) ) ;
#701 = CIRCLE ( 'NONE', #161, 1.500000000000001332 ) ;
#702 = VERTEX_POINT ( 'NONE', #315 ) ;
#703 = DIRECTION ( 'NONE',  ( 1.000000000000000000, 0.000000000000000000, 0.000000000000000000 ) ) ;
#704 = EDGE_CURVE ( 'NONE', #3758, #2757, #1208, .T. ) ;
#705 = CIRCLE ( 'NONE', #2230, 3.000000000000002665 ) ;
#706 = AXIS2_PLACEMENT_3D ( 'NONE', #2427, #4522, #3819 ) ;
#707 = CARTESIAN_POINT ( 'NONE',  ( 107.9999999999999716, 1.500000000000000000, 0.000000000000000000 ) ) ;
#708 = CIRCLE ( 'NONE', #4110, 3.000000000000002665 ) ;
#709 = DIRECTION ( 'NONE',  ( 0.000000000000000000, 0.000000000000000000, -1.000000000000000000 ) ) ;
#710 = EDGE_CURVE ( 'NONE', #1473, #1969, #1849, .T. ) ;
#711 = CARTESIAN_POINT ( 'NONE',  ( 110.1999999999999886, 3.000000000000002665, 4.000000000000000000 ) ) ;
#712 = ORIENTED_EDGE ( 'NONE', *, *, #2449, .F. ) ;
#713 = AXIS2_PLACEMENT_3D ( 'NONE', #367, #1815, #4353 ) ;
#714 = DIRECTION ( 'NONE',  ( -0.000000000000000000, 0.000000000000000000, 1.000000000000000000 ) ) ;
#715 = DIRECTION ( 'NONE',  ( 0.8571673007021184398, 1.049727191138625968E-16, -0.5150380749100440525 ) ) ;
#716 = PRODUCT_CONTEXT ( 'NONE', #1270, 'mechanical' ) ;
#717 = CARTESIAN_POINT ( 'NONE',  ( 220.0000000000000284, 120.4999999999999858, 11.20820393249943692 ) ) ;
#718 = ORIENTED_EDGE ( 'NONE', *, *, #3230, .F. ) ;
#719 = ORIENTED_EDGE ( 'NONE', *, *, #1660, .F. ) ;
#720 = CARTESIAN_POINT ( 'NONE',  ( 3.000000000000000000, 3.000000000000000000, 4.500000000000000000 ) ) ;
#721 = DIRECTION ( 'NONE',  ( -0.000000000000000000, -0.000000000000000000, -1.000000000000000000 ) ) ;
#722 = AXIS2_PLACEMENT_3D ( 'NONE', #3327, #2636, #4408 ) ;
#723 = CARTESIAN_POINT ( 'NONE',  ( 0.000000000000000000, 0.000000000000000000, 4.500000000000000000 ) ) ;
#724 = AXIS2_PLACEMENT_3D ( 'NONE', #1317, #599, #1670 ) ;
#725 = ORIENTED_EDGE ( 'NONE', *, *, #4676, .F. ) ;
#726 = EDGE_CURVE ( 'NONE', #2460, #1116, #3419, .T. ) ;
#727 = DIRECTION ( 'NONE',  ( 0.000000000000000000, 0.000000000000000000, -1.000000000000000000 ) ) ;
#728 = PLANE ( 'NONE',  #3961 ) ;
#729 = EDGE_CURVE ( 'NONE', #3420, #3807, #2907, .T. ) ;
#730 = CARTESIAN_POINT ( 'NONE',  ( 222.3000000000000114, 3.000000000000002665, -1.457329690985347238E-15 ) ) ;
#731 = ORIENTED_EDGE ( 'NONE', *, *, #1799, .F. ) ;
#732 = FACE_OUTER_BOUND ( 'NONE', #3065, .T. ) ;
#733 = CARTESIAN_POINT ( 'NONE',  ( 326.5000000000000000, 1.499999999999973577, 11.20820393249943692 ) ) ;
#734 = ORIENTED_EDGE ( 'NONE', *, *, #1228, .F. ) ;
#735 = VERTEX_POINT ( 'NONE', #3221 ) ;
#736 = ADVANCED_FACE ( 'NONE', ( #1102 ), #4651, .T. ) ;
#737 = CYLINDRICAL_SURFACE ( 'NONE', #314, 0.7999999999999951594 ) ;
#738 = DIRECTION ( 'NONE',  ( 0.000000000000000000, 0.000000000000000000, -1.000000000000000000 ) ) ;
#739 = VERTEX_POINT ( 'NONE', #2869 ) ;
#740 = ORIENTED_EDGE ( 'NONE', *, *, #4539, .T. ) ;
#741 = EDGE_CURVE ( 'NONE', #3877, #4232, #1972, .T. ) ;
#742 = DIRECTION ( 'NONE',  ( -0.000000000000000000, 0.000000000000000000, 1.000000000000000000 ) ) ;
#743 = DIRECTION ( 'NONE',  ( 0.000000000000000000, -1.000000000000000000, 0.000000000000000000 ) ) ;
#744 = DIRECTION ( 'NONE',  ( 1.000000000000000000, 0.000000000000000000, 0.000000000000000000 ) ) ;
#745 = DIRECTION ( 'NONE',  ( 1.000000000000000000, 0.000000000000000000, 0.000000000000000000 ) ) ;
#746 = DIRECTION ( 'NONE',  ( 0.000000000000000000, 0.000000000000000000, -1.000000000000000000 ) ) ;
#747 = DIRECTION ( 'NONE',  ( 0.000000000000000000, -1.000000000000000000, 0.000000000000000000 ) ) ;
#748 = ADVANCED_FACE ( 'NONE', ( #4300 ), #2929, .F. ) ;
#749 = DIRECTION ( 'NONE',  ( -1.000000000000000000, 0.000000000000000000, 0.000000000000000000 ) ) ;
#750 = CARTESIAN_POINT ( 'NONE',  ( 326.5000000000000000, 120.5000000000000000, 11.20820393249943692 ) ) ;
#751 = ADVANCED_FACE ( 'NONE', ( #3944 ), #1060, .T. ) ;
#752 = ORIENTED_EDGE ( 'NONE', *, *, #3743, .F. ) ;
#753 = CIRCLE ( 'NONE', #3335, 2.000000000000001776 ) ;
#754 = CYLINDRICAL_SURFACE ( 'NONE', #4547, 1.500000000000001332 ) ;
#755 = DIRECTION ( 'NONE',  ( -0.000000000000000000, -0.000000000000000000, -1.000000000000000000 ) ) ;
#756 = EDGE_CURVE ( 'NONE', #2672, #4102, #3659, .T. ) ;
#757 = AXIS2_PLACEMENT_3D ( 'NONE', #1243, #2640, #813 ) ;
#758 = EDGE_LOOP ( 'NONE', ( #2739, #2520 ) ) ;
#759 = DIRECTION ( 'NONE',  ( -0.7071067811865219266, 0.000000000000000000, 0.7071067811865731079 ) ) ;
#760 = AXIS2_PLACEMENT_3D ( 'NONE', #2430, #222, #3123 ) ;
#761 = DIRECTION ( 'NONE',  ( 1.000000000000000000, 0.000000000000000000, 0.000000000000000000 ) ) ;
#762 = DIRECTION ( 'NONE',  ( -1.000000000000000000, 0.000000000000000000, 0.000000000000000000 ) ) ;
#763 = DIRECTION ( 'NONE',  ( 1.000000000000000000, 0.000000000000000000, 0.000000000000000000 ) ) ;
#764 = EDGE_CURVE ( 'NONE', #4251, #2849, #3242, .T. ) ;
#765 = VECTOR ( 'NONE', #3036, 1000.000000000000000 ) ;
#766 = ORIENTED_EDGE ( 'NONE', *, *, #2296, .F. ) ;
#767 = CARTESIAN_POINT ( 'NONE',  ( 222.3000000000000114, 120.4999999999999716, 0.000000000000000000 ) ) ;
#768 = CIRCLE ( 'NONE', #3048, 0.8000000000000229150 ) ;
#769 = FACE_OUTER_BOUND ( 'NONE', #3922, .T. ) ;
#770 = CIRCLE ( 'NONE', #4472, 1.500000000000001332 ) ;
#771 = CARTESIAN_POINT ( 'NONE',  ( 2.500000000000007550, 1.500000000000000000, 0.000000000000000000 ) ) ;
#772 = CARTESIAN_POINT ( 'NONE',  ( 326.5000000000000000, 101.7999999999999687, 6.000000000000000000 ) ) ;
#773 = CIRCLE ( 'NONE', #706, 0.7999999999999951594 ) ;
#774 = ORIENTED_EDGE ( 'NONE', *, *, #4371, .F. ) ;
#775 = ORIENTED_EDGE ( 'NONE', *, *, #274, .F. ) ;
#776 = AXIS2_PLACEMENT_3D ( 'NONE', #3150, #3872, #2105 ) ;
#777 = CONICAL_SURFACE ( 'NONE', #3663, 0.8000000000000229150, 1.029744258676666302 ) ;
#778 = ADVANCED_FACE ( 'NONE', ( #3018 ), #4051, .T. ) ;
#779 = DIRECTION ( 'NONE',  ( -0.000000000000000000, 0.000000000000000000, 1.000000000000000000 ) ) ;
#780 = LINE ( 'NONE', #1159, #1693 ) ;
#781 = VECTOR ( 'NONE', #3060, 1000.000000000000000 ) ;
#782 = VERTEX_POINT ( 'NONE', #89 ) ;
#783 = EDGE_CURVE ( 'NONE', #824, #658, #2332, .T. ) ;
#784 = DIRECTION ( 'NONE',  ( 1.000000000000000000, 0.000000000000000000, 0.000000000000000000 ) ) ;
#785 = VECTOR ( 'NONE', #4348, 1000.000000000000000 ) ;
#786 = DIRECTION ( 'NONE',  ( -0.000000000000000000, -0.000000000000000000, 1.000000000000000000 ) ) ;
#787 = CARTESIAN_POINT ( 'NONE',  ( 328.6999999999999886, 3.000000000000000000, 4.000000000000000000 ) ) ;
#788 = CYLINDRICAL_SURFACE ( 'NONE', #2315, 0.7999999999999951594 ) ;
#789 = ORIENTED_EDGE ( 'NONE', *, *, #3262, .T. ) ;
#790 = ORIENTED_EDGE ( 'NONE', *, *, #1536, .T. ) ;
#791 = CIRCLE ( 'NONE', #1927, 1.500000000000001332 ) ;
#792 = EDGE_CURVE ( 'NONE', #3258, #1724, #2434, .T. ) ;
#793 = CARTESIAN_POINT ( 'NONE',  ( 0.000000000000000000, 123.2000000000000455, 6.000000000000000000 ) ) ;
#794 = CARTESIAN_POINT ( 'NONE',  ( 111.7999999999999829, 3.000000000000002665, -1.457329690985347238E-15 ) ) ;
#795 = CIRCLE ( 'NONE', #492, 0.7999999999999899414 ) ;
#796 = ORIENTED_EDGE ( 'NONE', *, *, #468, .T. ) ;
#797 = AXIS2_PLACEMENT_3D ( 'NONE', #2505, #1103, #3925 ) ;
#798 = CARTESIAN_POINT ( 'NONE',  ( 277.3000000000000682, 114.5000000000000000, 4.499999999999998224 ) ) ;
#799 = LINE ( 'NONE', #2275, #1161 ) ;
#800 = CARTESIAN_POINT ( 'NONE',  ( 3.000000000000000000, 120.5000000000000000, 0.000000000000000000 ) ) ;
#801 = VERTEX_POINT ( 'NONE', #4403 ) ;
#802 = LINE ( 'NONE', #110, #860 ) ;
#803 = EDGE_LOOP ( 'NONE', ( #4425, #4366, #597, #234 ) ) ;
#804 = CARTESIAN_POINT ( 'NONE',  ( 299.5000000000000568, 114.5000000000000000, 5.700000000000055245 ) ) ;
#805 = CARTESIAN_POINT ( 'NONE',  ( 110.1999999999999886, 3.000000000000002665, 0.000000000000000000 ) ) ;
#806 = DIRECTION ( 'NONE',  ( 0.8571673007021112234, 1.049727191138617340E-16, -0.5150380749100560429 ) ) ;
#807 = DIRECTION ( 'NONE',  ( -0.000000000000000000, -0.000000000000000000, -1.000000000000000000 ) ) ;
#808 = VERTEX_POINT ( 'NONE', #1163 ) ;
#809 = EDGE_CURVE ( 'NONE', #1583, #808, #3195, .T. ) ;
#810 = ORIENTED_EDGE ( 'NONE', *, *, #2513, .T. ) ;
#811 = ORIENTED_EDGE ( 'NONE', *, *, #845, .F. ) ;
#812 = VERTEX_POINT ( 'NONE', #804 ) ;
#813 = DIRECTION ( 'NONE',  ( 1.000000000000000000, 0.000000000000000000, 0.000000000000000000 ) ) ;
#814 = PLANE ( 'NONE',  #4655 ) ;
#815 = ORIENTED_EDGE ( 'NONE', *, *, #988, .T. ) ;
#816 = CARTESIAN_POINT ( 'NONE',  ( 1.500000000000000000, 64.75000000000008527, 4.500000000000000000 ) ) ;
#817 = ADVANCED_FACE ( 'NONE', ( #448 ), #1921, .F. ) ;
#818 = CARTESIAN_POINT ( 'NONE',  ( 3.000000000000000000, 0.000000000000000000, 0.000000000000000000 ) ) ;
#819 = FACE_OUTER_BOUND ( 'NONE', #4462, .T. ) ;
#820 = EDGE_CURVE ( 'NONE', #2664, #942, #3771, .T. ) ;
#821 = ORIENTED_EDGE ( 'NONE', *, *, #2351, .T. ) ;
#822 = ORIENTED_EDGE ( 'NONE', *, *, #4420, .F. ) ;
#823 = DIRECTION ( 'NONE',  ( -1.000000000000000000, -0.000000000000000000, -0.000000000000000000 ) ) ;
#824 = VERTEX_POINT ( 'NONE', #1141 ) ;
#825 = CARTESIAN_POINT ( 'NONE',  ( 331.0000000000000000, 117.4999999999998295, 4.500000000000000000 ) ) ;
#826 = VERTEX_POINT ( 'NONE', #3751 ) ;
#827 = CARTESIAN_POINT ( 'NONE',  ( 26.50000000000004263, 0.000000000000000000, 6.000000000000000000 ) ) ;
#828 = LINE ( 'NONE', #501, #4212 ) ;
#829 = PLANE ( 'NONE',  #4262 ) ;
#830 = AXIS2_PLACEMENT_3D ( 'NONE', #1719, #653, #2552 ) ;
#831 = LINE ( 'NONE', #4383, #3077 ) ;
#832 = VERTEX_POINT ( 'NONE', #4071 ) ;
#833 = ORIENTED_EDGE ( 'NONE', *, *, #973, .T. ) ;
#834 = CIRCLE ( 'NONE', #1447, 1.500000000000001332 ) ;
#835 = LINE ( 'NONE', #457, #455 ) ;
#836 = DIRECTION ( 'NONE',  ( 0.000000000000000000, 0.000000000000000000, -1.000000000000000000 ) ) ;
#837 = LINE ( 'NONE', #3028, #986 ) ;
#839 = ORIENTED_EDGE ( 'NONE', *, *, #4628, .F. ) ;
#838 = EDGE_CURVE ( 'NONE', #2443, #2122, #1075, .T. ) ;
#840 = DIRECTION ( 'NONE',  ( -0.000000000000000000, -0.000000000000000000, -1.000000000000000000 ) ) ;
#841 = AXIS2_PLACEMENT_3D ( 'NONE', #2844, #4363, #2567 ) ;
#842 = EDGE_LOOP ( 'NONE', ( #1651, #1514, #139, #203 ) ) ;
#843 = VECTOR ( 'NONE', #823, 1000.000000000000000 ) ;
#844 = LINE ( 'NONE', #798, #1609 ) ;
#845 = EDGE_CURVE ( 'NONE', #2906, #1385, #427, .T. ) ;
#846 = DIRECTION ( 'NONE',  ( -0.8571673007021112234, 0.000000000000000000, -0.5150380749100560429 ) ) ;
#847 = AXIS2_PLACEMENT_3D ( 'NONE', #4196, #4118, #2755 ) ;
#848 = DIRECTION ( 'NONE',  ( -1.000000000000000000, 0.000000000000000000, 0.000000000000000000 ) ) ;
#849 = EDGE_CURVE ( 'NONE', #1577, #3770, #1142, .T. ) ;
#850 = AXIS2_PLACEMENT_3D ( 'NONE', #4490, #587, #228 ) ;
#851 = EDGE_LOOP ( 'NONE', ( #4267, #2693, #3097, #4164, #934, #83, #2629, #189, #3455, #454, #632, #3473 ) ) ;
#852 = DIRECTION ( 'NONE',  ( -0.000000000000000000, 0.000000000000000000, -1.000000000000000000 ) ) ;
#853 = AXIS2_PLACEMENT_3D ( 'NONE', #1720, #3575, #697 ) ;
#854 = CIRCLE ( 'NONE', #2075, 1.500000000000014877 ) ;
#855 = EDGE_LOOP ( 'NONE', ( #2623, #2874 ) ) ;
#856 = DIRECTION ( 'NONE',  ( -0.000000000000000000, -0.000000000000000000, -1.000000000000000000 ) ) ;
#857 = ORIENTED_EDGE ( 'NONE', *, *, #274, .T. ) ;
#858 = DIRECTION ( 'NONE',  ( 0.000000000000000000, 0.000000000000000000, -1.000000000000000000 ) ) ;
#859 = DIRECTION ( 'NONE',  ( 2.275047181608928137E-16, -1.000000000000000000, 0.000000000000000000 ) ) ;
#860 = VECTOR ( 'NONE', #2259, 1000.000000000000000 ) ;
#861 = CARTESIAN_POINT ( 'NONE',  ( 301.0000000000000568, 113.0000000000000000, 5.700000000000055245 ) ) ;
#862 = ORIENTED_EDGE ( 'NONE', *, *, #81, .F. ) ;
#863 = VERTEX_POINT ( 'NONE', #3726 ) ;
#864 = DIRECTION ( 'NONE',  ( 0.000000000000000000, 0.000000000000000000, -1.000000000000000000 ) ) ;
#865 = DIRECTION ( 'NONE',  ( 1.000000000000000000, 0.000000000000000000, 0.000000000000000000 ) ) ;
#866 = CARTESIAN_POINT ( 'NONE',  ( 0.000000000000000000, 3.000000000000000000, 0.000000000000000000 ) ) ;
#867 = EDGE_CURVE ( 'NONE', #212, #3890, #2359, .T. ) ;
#868 = ORIENTED_EDGE ( 'NONE', *, *, #1782, .T. ) ;
#869 = CARTESIAN_POINT ( 'NONE',  ( 329.5000000000000000, 58.75000000000001421, 11.20820393249943692 ) ) ;
#870 = CIRCLE ( 'NONE', #950, 0.7999999999999674039 ) ;
#871 = DIRECTION ( 'NONE',  ( -1.000000000000000000, 0.000000000000000000, 0.000000000000000000 ) ) ;
#872 = ADVANCED_FACE ( 'NONE', ( #4427 ), #2238, .F. ) ;
#873 = AXIS2_PLACEMENT_3D ( 'NONE', #2211, #361, #761 ) ;
#874 = ORIENTED_EDGE ( 'NONE', *, *, #1608, .F. ) ;
#875 = CYLINDRICAL_SURFACE ( 'NONE', #699, 0.8000000000000229150 ) ;
#876 = ORIENTED_EDGE ( 'NONE', *, *, #3292, .T. ) ;
#877 = LINE ( 'NONE', #158, #2079 ) ;
#878 = EDGE_CURVE ( 'NONE', #2393, #2782, #1871, .T. ) ;
#879 = ORIENTED_EDGE ( 'NONE', *, *, #3694, .T. ) ;
#880 = CARTESIAN_POINT ( 'NONE',  ( 107.9999999999999716, 3.000000000000086153, 0.000000000000000000 ) ) ;
#881 = VERTEX_POINT ( 'NONE', #114 ) ;
#882 = CARTESIAN_POINT ( 'NONE',  ( 275.8000000000000682, 108.1999999999999886, 5.700000000000055245 ) ) ;
#883 = CYLINDRICAL_SURFACE ( 'NONE', #169, 0.8000000000000229150 ) ;
#884 = DIRECTION ( 'NONE',  ( -1.000000000000000000, -2.275047181608928137E-16, 0.000000000000000000 ) ) ;
#885 = EDGE_CURVE ( 'NONE', #4009, #157, #1940, .T. ) ;
#886 = EDGE_LOOP ( 'NONE', ( #3731, #2944, #4650, #1422 ) ) ;
#887 = ORIENTED_EDGE ( 'NONE', *, *, #2881, .F. ) ;
#888 = ORIENTED_EDGE ( 'NONE', *, *, #3047, .F. ) ;
#889 = DIRECTION ( 'NONE',  ( -1.000000000000000000, 0.000000000000000000, 0.000000000000000000 ) ) ;
#890 = CARTESIAN_POINT ( 'NONE',  ( 275.8000000000000682, 108.1999999999999886, 4.500000000000000000 ) ) ;
#891 = CARTESIAN_POINT ( 'NONE',  ( 220.0000000000000284, 3.000000000000016431, 4.500000000000000000 ) ) ;
#892 = ORIENTED_EDGE ( 'NONE', *, *, #2774, .T. ) ;
#893 = ORIENTED_EDGE ( 'NONE', *, *, #2449, .T. ) ;
#894 = LINE ( 'NONE', #3441, #4396 ) ;
#895 = DIRECTION ( 'NONE',  ( -0.000000000000000000, -0.000000000000000000, -1.000000000000000000 ) ) ;
#896 = EDGE_CURVE ( 'NONE', #2029, #2900, #134, .T. ) ;
#897 = CARTESIAN_POINT ( 'NONE',  ( 326.5000000000000000, 2.999999999999975131, 11.20820393249943692 ) ) ;
#898 = ORIENTED_EDGE ( 'NONE', *, *, #667, .T. ) ;
#899 = CARTESIAN_POINT ( 'NONE',  ( 332.5000000000000000, 120.5000000000000000, 4.500000000000000000 ) ) ;
#900 = EDGE_CURVE ( 'NONE', #2813, #2722, #995, .T. ) ;
#901 = ORIENTED_EDGE ( 'NONE', *, *, #348, .T. ) ;
#902 = ORIENTED_EDGE ( 'NONE', *, *, #40, .F. ) ;
#903 = CARTESIAN_POINT ( 'NONE',  ( 4.000000000000014211, 6.000000000000005329, 4.500000000000000000 ) ) ;
#904 = LINE ( 'NONE', #2810, #959 ) ;
#905 = CARTESIAN_POINT ( 'NONE',  ( 329.5000000000000000, 61.74999999999998579, 4.000000000000000000 ) ) ;
#906 = EDGE_CURVE ( 'NONE', #2007, #1175, #4540, .T. ) ;
#907 = CARTESIAN_POINT ( 'NONE',  ( 0.000000000000000000, 3.000000000000000000, 4.500000000000000000 ) ) ;
#908 = EDGE_LOOP ( 'NONE', ( #3102, #1848, #815 ) ) ;
#909 = ORIENTED_EDGE ( 'NONE', *, *, #124, .F. ) ;
#910 = ORIENTED_EDGE ( 'NONE', *, *, #2575, .F. ) ;
#911 = DIRECTION ( 'NONE',  ( -0.000000000000000000, -0.000000000000000000, -1.000000000000000000 ) ) ;
#912 = VECTOR ( 'NONE', #2305, 1000.000000000000000 ) ;
#913 = CARTESIAN_POINT ( 'NONE',  ( 326.5000000000000000, 3.700000000000040146, 6.000000000000000000 ) ) ;
#914 = EDGE_CURVE ( 'NONE', #2064, #1623, #4389, .T. ) ;
#915 = CYLINDRICAL_SURFACE ( 'NONE', #1840, 2.000000000000001776 ) ;
#916 = AXIS2_PLACEMENT_3D ( 'NONE', #4507, #2696, #3431 ) ;
#917 = ORIENTED_EDGE ( 'NONE', *, *, #414, .T. ) ;
#918 = ORIENTED_EDGE ( 'NONE', *, *, #2276, .T. ) ;
#919 = DIRECTION ( 'NONE',  ( -1.000000000000000000, 0.000000000000000000, 0.000000000000000000 ) ) ;
#920 = AXIS2_PLACEMENT_3D ( 'NONE', #598, #2792, #624 ) ;
#921 = DIRECTION ( 'NONE',  ( -1.000000000000000000, 0.000000000000000000, 0.000000000000000000 ) ) ;
#922 = VECTOR ( 'NONE', #2257, 1000.000000000000000 ) ;
#923 = VERTEX_POINT ( 'NONE', #4223 ) ;
#924 = CARTESIAN_POINT ( 'NONE',  ( 4.000000000000000888, 119.5000000000000000, 4.500000000000000000 ) ) ;
#925 = ORIENTED_EDGE ( 'NONE', *, *, #40, .T. ) ;
#926 = CARTESIAN_POINT ( 'NONE',  ( 4.500000000000000888, 120.5000000000000000, 11.20820393249943692 ) ) ;
#927 = AXIS2_PLACEMENT_3D ( 'NONE', #4290, #1067, #1023 ) ;
#928 = EDGE_LOOP ( 'NONE', ( #1549, #1604, #1637, #1880 ) ) ;
#929 = EDGE_CURVE ( 'NONE', #1215, #3711, #979, .T. ) ;
#930 = CYLINDRICAL_SURFACE ( 'NONE', #3723, 0.7999999999999942712 ) ;
#931 = DIRECTION ( 'NONE',  ( -0.000000000000000000, -0.000000000000000000, -1.000000000000000000 ) ) ;
#932 = DIRECTION ( 'NONE',  ( -0.000000000000000000, -0.000000000000000000, -1.000000000000000000 ) ) ;
#933 = VECTOR ( 'NONE', #3216, 1000.000000000000000 ) ;
#934 = ORIENTED_EDGE ( 'NONE', *, *, #2886, .F. ) ;
#935 = ORIENTED_EDGE ( 'NONE', *, *, #2366, .T. ) ;
#936 = EDGE_CURVE ( 'NONE', #4171, #1231, #2741, .T. ) ;
#937 = AXIS2_PLACEMENT_3D ( 'NONE', #3622, #2889, #3194 ) ;
#938 = DIRECTION ( 'NONE',  ( -1.000000000000000000, 0.000000000000000000, 0.000000000000000000 ) ) ;
#939 = VECTOR ( 'NONE', #2709, 1000.000000000000000 ) ;
#940 = LINE ( 'NONE', #2388, #4351 ) ;
#941 = CARTESIAN_POINT ( 'NONE',  ( 328.0000000000000000, 120.5000000000000000, 4.500000000000000000 ) ) ;
#942 = VERTEX_POINT ( 'NONE', #3166 ) ;
#943 = EDGE_CURVE ( 'NONE', #32, #3023, #1294, .T. ) ;
#944 = ORIENTED_EDGE ( 'NONE', *, *, #936, .T. ) ;
#945 = LINE ( 'NONE', #3103, #67 ) ;
#946 = ORIENTED_EDGE ( 'NONE', *, *, #4140, .F. ) ;
#947 = FACE_OUTER_BOUND ( 'NONE', #3485, .T. ) ;
#948 = CARTESIAN_POINT ( 'NONE',  ( 220.3819660112500856, 119.5000000000000000, 4.500000000000000000 ) ) ;
#949 = ORIENTED_EDGE ( 'NONE', *, *, #124, .T. ) ;
#950 = AXIS2_PLACEMENT_3D ( 'NONE', #4244, #1425, #4331 ) ;
#951 = FACE_OUTER_BOUND ( 'NONE', #3104, .T. ) ;
#952 = EDGE_LOOP ( 'NONE', ( #1952, #4591, #1596, #3189 ) ) ;
#953 = DIRECTION ( 'NONE',  ( -0.000000000000000000, 0.000000000000000000, 1.000000000000000000 ) ) ;
#954 = ORIENTED_EDGE ( 'NONE', *, *, #3851, .F. ) ;
#955 = CIRCLE ( 'NONE', #2171, 1.500000000000001332 ) ;
#956 = VERTEX_POINT ( 'NONE', #957 ) ;
#957 = CARTESIAN_POINT ( 'NONE',  ( 328.6999999999999886, 120.4999999999999574, 4.000000000000000000 ) ) ;
#958 = DIRECTION ( 'NONE',  ( 0.8571673007021184398, 1.049727191138625968E-16, -0.5150380749100440525 ) ) ;
#959 = VECTOR ( 'NONE', #4224, 1000.000000000000000 ) ;
#960 = FACE_OUTER_BOUND ( 'NONE', #2010, .T. ) ;
#961 = ADVANCED_FACE ( 'NONE', ( #4201, #3522, #3095 ), #1992, .T. ) ;
#962 = ORIENTED_EDGE ( 'NONE', *, *, #2412, .T. ) ;
#963 = EDGE_LOOP ( 'NONE', ( #505, #3417, #975, #1226 ) ) ;
#964 = DIRECTION ( 'NONE',  ( -1.000000000000000000, 0.000000000000000000, 0.000000000000000000 ) ) ;
#965 = CARTESIAN_POINT ( 'NONE',  ( 275.5000000000000568, 113.0000000000000000, 6.000000000000000000 ) ) ;
#966 = LINE ( 'NONE', #3054, #4637 ) ;
#967 = ADVANCED_FACE ( 'NONE', ( #3892 ), #930, .F. ) ;
#968 = ORIENTED_EDGE ( 'NONE', *, *, #3941, .F. ) ;
#969 = CARTESIAN_POINT ( 'NONE',  ( 331.0000000000000000, 64.75000000000008527, 0.000000000000000000 ) ) ;
#970 = ORIENTED_EDGE ( 'NONE', *, *, #3863, .T. ) ;
#971 = DIRECTION ( 'NONE',  ( -0.000000000000000000, -0.000000000000000000, 1.000000000000000000 ) ) ;
#972 = DIRECTION ( 'NONE',  ( -0.000000000000000000, 0.000000000000000000, 1.000000000000000000 ) ) ;
#973 = EDGE_CURVE ( 'NONE', #4133, #1865, #3422, .T. ) ;
#974 = DIRECTION ( 'NONE',  ( -0.000000000000000000, -0.000000000000000000, -1.000000000000000000 ) ) ;
#975 = ORIENTED_EDGE ( 'NONE', *, *, #2716, .F. ) ;
#976 = VERTEX_POINT ( 'NONE', #3494 ) ;
#977 = CARTESIAN_POINT ( 'NONE',  ( 2.500000000000007550, 1.500000000000000000, 4.500000000000000000 ) ) ;
#978 = EDGE_CURVE ( 'NONE', #3853, #2750, #2071, .T. ) ;
#979 = LINE ( 'NONE', #2786, #75 ) ;
#980 = DIRECTION ( 'NONE',  ( 0.000000000000000000, 0.000000000000000000, -1.000000000000000000 ) ) ;
#981 = VERTEX_POINT ( 'NONE', #4521 ) ;
#982 = EDGE_LOOP ( 'NONE', ( #4672, #918, #4621, #1217 ) ) ;
#983 = CARTESIAN_POINT ( 'NONE',  ( 218.5000000000000284, 122.0000000000000000, 11.20820393249943692 ) ) ;
#984 = CARTESIAN_POINT ( 'NONE',  ( 4.000000000000000888, 119.5000000000000000, 4.500000000000000000 ) ) ;
#985 = DIRECTION ( 'NONE',  ( 0.000000000000000000, 1.000000000000000000, 0.000000000000000000 ) ) ;
#986 = VECTOR ( 'NONE', #100, 1000.000000000000000 ) ;
#987 = EDGE_LOOP ( 'NONE', ( #1706, #1939, #2950, #796, #4671, #693, #2266, #371, #2428, #2702, #246, #141, #3384, #1579, #4226, #3736 ) ) ;
#988 = EDGE_CURVE ( 'NONE', #735, #2750, #11, .T. ) ;
#989 = DIRECTION ( 'NONE',  ( 0.000000000000000000, 1.000000000000000000, 0.000000000000000000 ) ) ;
#990 = ORIENTED_EDGE ( 'NONE', *, *, #236, .F. ) ;
#991 = CARTESIAN_POINT ( 'NONE',  ( 24.80000000000000426, 101.5000000000000000, -59.10031446463138138 ) ) ;
#992 = FACE_OUTER_BOUND ( 'NONE', #2318, .T. ) ;
#993 = AXIS2_PLACEMENT_3D ( 'NONE', #3668, #415, #700 ) ;
#994 = EDGE_CURVE ( 'NONE', #2420, #4002, #4595, .T. ) ;
#995 = CIRCLE ( 'NONE', #3790, 0.7999999999999986011 ) ;
#996 = CARTESIAN_POINT ( 'NONE',  ( 1.499999999999892530, 6.000000000000282441, 11.20820393249943692 ) ) ;
#997 = ORIENTED_EDGE ( 'NONE', *, *, #2221, .F. ) ;
#998 = ORIENTED_EDGE ( 'NONE', *, *, #2019, .F. ) ;
#999 = DIRECTION ( 'NONE',  ( -1.000000000000000000, 0.000000000000000000, 0.000000000000000000 ) ) ;
#1000 = CARTESIAN_POINT ( 'NONE',  ( 5.999999999999976019, 1.500000000000112355, 4.500000000000000000 ) ) ;
#1001 = VECTOR ( 'NONE', #2424, 1000.000000000000000 ) ;
#1002 = EDGE_CURVE ( 'NONE', #1507, #1876, #3070, .T. ) ;
#1003 = CARTESIAN_POINT ( 'NONE',  ( 326.5000000000000000, 6.000000000000003553, 4.500000000000000000 ) ) ;
#1004 = VECTOR ( 'NONE', #4352, 1000.000000000000114 ) ;
#1005 = DIRECTION ( 'NONE',  ( -0.000000000000000000, -0.000000000000000000, 1.000000000000000000 ) ) ;
#1006 = CYLINDRICAL_SURFACE ( 'NONE', #3885, 1.500000000000015099 ) ;
#1007 = AXIS2_PLACEMENT_3D ( 'NONE', #3130, #1249, #919 ) ;
#1008 = VERTEX_POINT ( 'NONE', #2809 ) ;
#1009 = VERTEX_POINT ( 'NONE', #574 ) ;
#1010 = CARTESIAN_POINT ( 'NONE',  ( 3.000000000000000000, 123.5000000000000000, 0.000000000000000000 ) ) ;
#1011 = DIRECTION ( 'NONE',  ( -0.000000000000000000, -0.000000000000000000, -1.000000000000000000 ) ) ;
#1012 = AXIS2_PLACEMENT_3D ( 'NONE', #2363, #3503, #1649 ) ;
#1013 = AXIS2_PLACEMENT_3D ( 'NONE', #479, #2690, #4098 ) ;
#1014 = DIRECTION ( 'NONE',  ( 0.000000000000000000, -0.000000000000000000, -1.000000000000000000 ) ) ;
#1015 = AXIS2_PLACEMENT_3D ( 'NONE', #1671, #600, #224 ) ;
#1016 = DIRECTION ( 'NONE',  ( -0.7071067811865731079, 0.000000000000000000, 0.7071067811865219266 ) ) ;
#1017 = ORIENTED_EDGE ( 'NONE', *, *, #4270, .F. ) ;
#1018 = CARTESIAN_POINT ( 'NONE',  ( 2.200000000000009948, 120.5000000000000000, -1.457329690985347238E-15 ) ) ;
#1019 = DIRECTION ( 'NONE',  ( -0.000000000000000000, -0.000000000000000000, 1.000000000000000000 ) ) ;
#1020 = AXIS2_PLACEMENT_3D ( 'NONE', #2752, #1607, #4139 ) ;
#1021 = EDGE_CURVE ( 'NONE', #3083, #4250, #2661, .T. ) ;
#1022 = CONICAL_SURFACE ( 'NONE', #1470, 0.7999999999999951594, 1.029744258676650981 ) ;
#1023 = DIRECTION ( 'NONE',  ( -1.000000000000000000, 0.000000000000000000, 0.000000000000000000 ) ) ;
#1024 = ORIENTED_EDGE ( 'NONE', *, *, #3017, .F. ) ;
#1025 = ORIENTED_EDGE ( 'NONE', *, *, #3806, .T. ) ;
#1026 = DIRECTION ( 'NONE',  ( -1.000000000000000000, 0.000000000000000000, 0.000000000000000000 ) ) ;
#1027 = CARTESIAN_POINT ( 'NONE',  ( 224.5000000000000284, 1.500000000000000000, 0.000000000000000000 ) ) ;
#1028 = EDGE_CURVE ( 'NONE', #3886, #3176, #1214, .T. ) ;
#1029 = ORIENTED_EDGE ( 'NONE', *, *, #1213, .F. ) ;
#1030 = PRODUCT_DEFINITION_CONTEXT ( 'detailed design', #1999, 'design' ) ;
#1031 = AXIS2_PLACEMENT_3D ( 'NONE', #369, #1816, #19 ) ;
#1032 = CARTESIAN_POINT ( 'NONE',  ( 107.9999999999999716, 3.000000000000086153, 4.500000000000000000 ) ) ;
#1033 = CARTESIAN_POINT ( 'NONE',  ( 2.500000000000007550, 1.500000000000000000, 4.500000000000000000 ) ) ;
#1034 = DIRECTION ( 'NONE',  ( -0.000000000000000000, 0.000000000000000000, 1.000000000000000000 ) ) ;
#1035 = AXIS2_PLACEMENT_3D ( 'NONE', #4682, #2115, #3274 ) ;
#1036 = CYLINDRICAL_SURFACE ( 'NONE', #144, 1.500000000000004885 ) ;
#1037 = ADVANCED_FACE ( 'NONE', ( #1618, #4148 ), #2352, .F. ) ;
#1038 = ORIENTED_EDGE ( 'NONE', *, *, #704, .F. ) ;
#1039 = ORIENTED_EDGE ( 'NONE', *, *, #3880, .T. ) ;
#1040 = CONICAL_SURFACE ( 'NONE', #2012, 0.8000000000000229150, 1.029744258676666302 ) ;
#1041 = CARTESIAN_POINT ( 'NONE',  ( 2.500000000000007550, 122.0000000000000000, 4.500000000000000000 ) ) ;
#1042 = DIRECTION ( 'NONE',  ( -0.000000000000000000, 0.000000000000000000, 1.000000000000000000 ) ) ;
#1043 = LINE ( 'NONE', #2489, #329 ) ;
#1044 = EDGE_CURVE ( 'NONE', #1008, #3197, #3474, .T. ) ;
#1045 = CIRCLE ( 'NONE', #2480, 2.000000000000001776 ) ;
#1046 = DIRECTION ( 'NONE',  ( -0.000000000000000000, -0.000000000000000000, -1.000000000000000000 ) ) ;
#1047 = ORIENTED_EDGE ( 'NONE', *, *, #414, .F. ) ;
#1048 = DIRECTION ( 'NONE',  ( -0.000000000000000000, -0.000000000000000000, -1.000000000000000000 ) ) ;
#1049 = CARTESIAN_POINT ( 'NONE',  ( 4.000000000000014211, 6.000000000000032863, 4.500000000000000000 ) ) ;
#1050 = FACE_OUTER_BOUND ( 'NONE', #886, .T. ) ;
#1051 = ORIENTED_EDGE ( 'NONE', *, *, #3929, .F. ) ;
#1052 = DIRECTION ( 'NONE',  ( -0.000000000000000000, -0.000000000000000000, -1.000000000000000000 ) ) ;
#1053 = CARTESIAN_POINT ( 'NONE',  ( 221.5000000000000000, 3.000000000000002665, 4.500000000000000000 ) ) ;
#1054 = EDGE_CURVE ( 'NONE', #3161, #3966, #547, .T. ) ;
#1055 = CARTESIAN_POINT ( 'NONE',  ( 331.0000000000000568, 6.000000000000143885, 0.000000000000000000 ) ) ;
#1056 = DIRECTION ( 'NONE',  ( 0.000000000000000000, -0.000000000000000000, -1.000000000000000000 ) ) ;
#1057 = EDGE_LOOP ( 'NONE', ( #3636, #433, #3704, #752 ) ) ;
#1058 = ORIENTED_EDGE ( 'NONE', *, *, #588, .F. ) ;
#1059 = ADVANCED_FACE ( 'NONE', ( #1307 ), #3202, .F. ) ;
#1060 = PLANE ( 'NONE',  #1677 ) ;
#1061 = CARTESIAN_POINT ( 'NONE',  ( 2.200000000000002842, 61.74999999999998579, 4.000000000000000000 ) ) ;
#1062 = CARTESIAN_POINT ( 'NONE',  ( 329.5000000000000000, 3.000000000000000000, 6.000000000000000000 ) ) ;
#1063 = EDGE_CURVE ( 'NONE', #2271, #3570, #669, .T. ) ;
#1064 = CARTESIAN_POINT ( 'NONE',  ( 4.000000000000000888, 119.5000000000000000, 4.500000000000000000 ) ) ;
#1065 = ORIENTED_EDGE ( 'NONE', *, *, #1585, .T. ) ;
#1066 = CARTESIAN_POINT ( 'NONE',  ( 269.5000000000000000, 101.5000000000000000, 5.700000000000045475 ) ) ;
#1067 = DIRECTION ( 'NONE',  ( 0.000000000000000000, 0.000000000000000000, -1.000000000000000000 ) ) ;
#1068 = CIRCLE ( 'NONE', #1812, 1.500000000000015099 ) ;
#1069 = CARTESIAN_POINT ( 'NONE',  ( 329.5000000000000000, 3.000000000000000000, 11.20820393249943692 ) ) ;
#1070 = LINE ( 'NONE', #687, #3229 ) ;
#1071 = ORIENTED_EDGE ( 'NONE', *, *, #2828, .T. ) ;
#1072 = AXIS2_PLACEMENT_3D ( 'NONE', #2103, #911, #938 ) ;
#1073 = DIRECTION ( 'NONE',  ( 0.000000000000000000, -1.000000000000000000, 0.000000000000000000 ) ) ;
#1074 = DIRECTION ( 'NONE',  ( 1.000000000000000000, 0.000000000000000000, 0.000000000000000000 ) ) ;
#1075 = CIRCLE ( 'NONE', #2654, 1.500000000000004441 ) ;
#1076 = EDGE_CURVE ( 'NONE', #1977, #1603, #2521, .T. ) ;
#1077 = EDGE_LOOP ( 'NONE', ( #887, #3897 ) ) ;
#1078 = ORIENTED_EDGE ( 'NONE', *, *, #317, .F. ) ;
#1079 = AXIS2_PLACEMENT_3D ( 'NONE', #1260, #4569, #3141 ) ;
#1080 = CARTESIAN_POINT ( 'NONE',  ( 111.0000000000000000, 120.4999999999999858, 4.500000000000000000 ) ) ;
#1081 = CARTESIAN_POINT ( 'NONE',  ( 277.3000000000000682, 113.0000000000000000, 4.500000000000000000 ) ) ;
#1082 = CARTESIAN_POINT ( 'NONE',  ( 326.5000000000000000, 120.5000000000000000, 4.500000000000000000 ) ) ;
#1083 = VECTOR ( 'NONE', #2225, 1000.000000000000000 ) ;
#1084 = EDGE_CURVE ( 'NONE', #3877, #1892, #3592, .T. ) ;
#1085 = DIRECTION ( 'NONE',  ( -1.000000000000000000, 0.000000000000000000, 0.000000000000000000 ) ) ;
#1086 = AXIS2_PLACEMENT_3D ( 'NONE', #681, #2086, #1395 ) ;
#1087 = LINE ( 'NONE', #2110, #550 ) ;
#1088 = VECTOR ( 'NONE', #2469, 1000.000000000000000 ) ;
#1089 = EDGE_CURVE ( 'NONE', #2782, #4422, #2544, .T. ) ;
#1090 = AXIS2_PLACEMENT_3D ( 'NONE', #2998, #859, #1943 ) ;
#1091 = CARTESIAN_POINT ( 'NONE',  ( 218.5000000000000284, 3.000000000000016431, 0.000000000000000000 ) ) ;
#1092 = AXIS2_PLACEMENT_3D ( 'NONE', #2564, #2902, #3654 ) ;
#1093 = ORIENTED_EDGE ( 'NONE', *, *, #476, .F. ) ;
#1094 = CARTESIAN_POINT ( 'NONE',  ( 3.000000000000000000, 3.000000000000000000, 0.000000000000000000 ) ) ;
#1095 = DIRECTION ( 'NONE',  ( 1.000000000000000000, -1.966019939440379586E-14, 0.000000000000000000 ) ) ;
#1096 = EDGE_LOOP ( 'NONE', ( #2408, #1025, #3630, #3093 ) ) ;
#1097 = CONICAL_SURFACE ( 'NONE', #3222, 0.7999999999999986011, 1.029744258676652313 ) ;
#1098 = CARTESIAN_POINT ( 'NONE',  ( 329.5000000000000000, 3.000000000000000000, -1.457329690985347238E-15 ) ) ;
#1099 = CARTESIAN_POINT ( 'NONE',  ( 4.000000000000014211, 4.000000000000000000, 4.500000000000000000 ) ) ;
#1100 = VERTEX_POINT ( 'NONE', #1055 ) ;
#1101 = VERTEX_POINT ( 'NONE', #3632 ) ;
#1102 = FACE_OUTER_BOUND ( 'NONE', #2933, .T. ) ;
#1103 = DIRECTION ( 'NONE',  ( 0.000000000000000000, -0.000000000000000000, -1.000000000000000000 ) ) ;
#1104 = AXIS2_PLACEMENT_3D ( 'NONE', #2715, #4477, #1570 ) ;
#1105 = EDGE_CURVE ( 'NONE', #3001, #622, #464, .T. ) ;
#1106 = CARTESIAN_POINT ( 'NONE',  ( 218.5000000000000284, 1.500000000000000000, 0.000000000000000000 ) ) ;
#1107 = AXIS2_PLACEMENT_3D ( 'NONE', #625, #2770, #4182 ) ;
#1108 = ORIENTED_EDGE ( 'NONE', *, *, #2954, .T. ) ;
#1109 = DIRECTION ( 'NONE',  ( 1.000000000000000000, 0.000000000000000000, 0.000000000000000000 ) ) ;
#1110 = EDGE_CURVE ( 'NONE', #4526, #1101, #3237, .T. ) ;
#1111 = CIRCLE ( 'NONE', #3305, 0.7999999999999899414 ) ;
#1112 = LINE ( 'NONE', #1629, #1610 ) ;
#1113 = LINE ( 'NONE', #2274, #1004 ) ;
#1114 = ADVANCED_FACE ( 'NONE', ( #4313 ), #2901, .T. ) ;
#1115 = LINE ( 'NONE', #2199, #2226 ) ;
#1116 = VERTEX_POINT ( 'NONE', #288 ) ;
#1117 = CARTESIAN_POINT ( 'NONE',  ( 328.7999999999999545, 99.50000000000000000, 6.000000000000000000 ) ) ;
#1118 = ADVANCED_FACE ( 'NONE', ( #1731 ), #737, .F. ) ;
#1119 = DIRECTION ( 'NONE',  ( 0.000000000000000000, 0.000000000000000000, -1.000000000000000000 ) ) ;
#1120 = ORIENTED_EDGE ( 'NONE', *, *, #2706, .F. ) ;
#1121 = DIRECTION ( 'NONE',  ( -0.000000000000000000, -0.000000000000000000, -1.000000000000000000 ) ) ;
#1122 = DIRECTION ( 'NONE',  ( -1.000000000000000000, 0.000000000000000000, 0.000000000000000000 ) ) ;
#1123 = DIRECTION ( 'NONE',  ( -1.000000000000000000, 0.000000000000000000, 0.000000000000000000 ) ) ;
#1124 = CARTESIAN_POINT ( 'NONE',  ( 109.4999999999999858, 3.000000000000086153, 4.500000000000000000 ) ) ;
#1125 = EDGE_LOOP ( 'NONE', ( #1722, #534, #2429, #106 ) ) ;
#1126 = ORIENTED_EDGE ( 'NONE', *, *, #3374, .F. ) ;
#1127 = DIRECTION ( 'NONE',  ( 1.000000000000000000, 0.000000000000000000, 0.000000000000000000 ) ) ;
#1128 = CARTESIAN_POINT ( 'NONE',  ( 220.7000000000000455, 120.4999999999999716, 0.000000000000000000 ) ) ;
#1129 = EDGE_CURVE ( 'NONE', #2108, #3921, #3186, .T. ) ;
#1130 = DIRECTION ( 'NONE',  ( 0.000000000000000000, 0.000000000000000000, -1.000000000000000000 ) ) ;
#1131 = LINE ( 'NONE', #2626, #3968 ) ;
#1132 = ORIENTED_EDGE ( 'NONE', *, *, #3749, .T. ) ;
#1133 = ORIENTED_EDGE ( 'NONE', *, *, #2265, .T. ) ;
#1134 = EDGE_CURVE ( 'NONE', #256, #1207, #2864, .T. ) ;
#1135 = CARTESIAN_POINT ( 'NONE',  ( 277.3000000000000682, 106.6999999999999886, 4.500000000000000000 ) ) ;
#1136 = CARTESIAN_POINT ( 'NONE',  ( 4.000000000000000888, 119.5000000000000000, 6.000000000000000000 ) ) ;
#1137 = AXIS2_PLACEMENT_3D ( 'NONE', #3802, #248, #651 ) ;
#1138 = EDGE_CURVE ( 'NONE', #1493, #2708, #4252, .T. ) ;
#1139 = ORIENTED_EDGE ( 'NONE', *, *, #215, .F. ) ;
#1140 = ORIENTED_EDGE ( 'NONE', *, *, #4117, .F. ) ;
#1141 = CARTESIAN_POINT ( 'NONE',  ( 224.5000000000000284, 1.500000000000000000, 4.500000000000000000 ) ) ;
#1142 = CIRCLE ( 'NONE', #2136, 0.7999999999999674039 ) ;
#1143 = LINE ( 'NONE', #2689, #41 ) ;
#1144 = CARTESIAN_POINT ( 'NONE',  ( 3.799999999999999822, 61.74999999999998579, 4.000000000000000000 ) ) ;
#1145 = FACE_OUTER_BOUND ( 'NONE', #4338, .T. ) ;
#1146 = ORIENTED_EDGE ( 'NONE', *, *, #2835, .T. ) ;
#1147 = LINE ( 'NONE', #4387, #532 ) ;
#1148 = DIRECTION ( 'NONE',  ( -0.000000000000000000, -0.000000000000000000, -1.000000000000000000 ) ) ;
#1149 = AXIS2_PLACEMENT_3D ( 'NONE', #3337, #4372, #3715 ) ;
#1150 = DIRECTION ( 'NONE',  ( -0.000000000000000000, -0.000000000000000000, -1.000000000000000000 ) ) ;
#1151 = CYLINDRICAL_SURFACE ( 'NONE', #4563, 0.7999999999999942712 ) ;
#1152 = VECTOR ( 'NONE', #1484, 1000.000000000000000 ) ;
#1153 = EDGE_CURVE ( 'NONE', #445, #956, #2479, .T. ) ;
#1154 = AXIS2_PLACEMENT_3D ( 'NONE', #1165, #4502, #66 ) ;
#1155 = VECTOR ( 'NONE', #4282, 1000.000000000000000 ) ;
#1156 = VECTOR ( 'NONE', #3092, 1000.000000000000000 ) ;
#1157 = DIRECTION ( 'NONE',  ( 1.000000000000000000, 0.000000000000000000, 0.000000000000000000 ) ) ;
#1158 = ORIENTED_EDGE ( 'NONE', *, *, #2288, .F. ) ;
#1159 = CARTESIAN_POINT ( 'NONE',  ( 330.3000000000000114, 61.74999999999998579, 0.000000000000000000 ) ) ;
#1160 = EDGE_CURVE ( 'NONE', #832, #3850, #1801, .T. ) ;
#1161 = VECTOR ( 'NONE', #2986, 1000.000000000000000 ) ;
#1162 = ORIENTED_EDGE ( 'NONE', *, *, #582, .T. ) ;
#1163 = CARTESIAN_POINT ( 'NONE',  ( 109.4999999999999858, 3.000000000000086153, 0.000000000000000000 ) ) ;
#1164 = CARTESIAN_POINT ( 'NONE',  ( 329.5000000000000000, 120.4999999999999574, 4.000000000000000000 ) ) ;
#1165 = CARTESIAN_POINT ( 'NONE',  ( 3.000000000000000000, 58.75000000000001421, 0.000000000000000000 ) ) ;
#1166 = EDGE_CURVE ( 'NONE', #812, #4657, #3255, .T. ) ;
#1167 = CARTESIAN_POINT ( 'NONE',  ( 329.5000000000000000, 64.75000000000008527, 4.500000000000000000 ) ) ;
#1168 = EDGE_LOOP ( 'NONE', ( #4033, #917, #2414, #2610 ) ) ;
#1169 = LINE ( 'NONE', #2268, #2134 ) ;
#1170 = CARTESIAN_POINT ( 'NONE',  ( 329.5000000000000000, 3.000000000000000000, 4.000000000000000000 ) ) ;
#1171 = EDGE_CURVE ( 'NONE', #1175, #1385, #2882, .T. ) ;
#1172 = VERTEX_POINT ( 'NONE', #4295 ) ;
#1173 = DIRECTION ( 'NONE',  ( 0.000000000000000000, 0.000000000000000000, -1.000000000000000000 ) ) ;
#1174 = VECTOR ( 'NONE', #458, 1000.000000000000114 ) ;
#1175 = VERTEX_POINT ( 'NONE', #4335 ) ;
#1176 = CARTESIAN_POINT ( 'NONE',  ( 329.5000000000000000, 120.5000000000000000, 6.000000000000000000 ) ) ;
#1177 = CARTESIAN_POINT ( 'NONE',  ( 267.5000000000000000, 103.5000000000000000, 5.700000000000045475 ) ) ;
#1178 = CARTESIAN_POINT ( 'NONE',  ( 326.5000000000000000, 122.0000000000000000, 4.500000000000000000 ) ) ;
#1179 = ORIENTED_EDGE ( 'NONE', *, *, #1089, .F. ) ;
#1180 = DIRECTION ( 'NONE',  ( -1.000000000000000000, 0.000000000000000000, 0.000000000000000000 ) ) ;
#1181 = ORIENTED_EDGE ( 'NONE', *, *, #56, .T. ) ;
#1182 = EDGE_CURVE ( 'NONE', #2527, #1172, #3347, .T. ) ;
#1183 = DIRECTION ( 'NONE',  ( -1.000000000000000000, 0.000000000000000000, 0.000000000000000000 ) ) ;
#1184 = CARTESIAN_POINT ( 'NONE',  ( 3.000000000000002665, 3.000000000000000000, -1.457329690985347238E-15 ) ) ;
#1185 = FACE_OUTER_BOUND ( 'NONE', #198, .T. ) ;
#1186 = DIRECTION ( 'NONE',  ( -1.000000000000000000, 0.000000000000000000, 0.000000000000000000 ) ) ;
#1187 = ORIENTED_EDGE ( 'NONE', *, *, #726, .T. ) ;
#1188 = EDGE_CURVE ( 'NONE', #102, #976, #3566, .T. ) ;
#1189 = LINE ( 'NONE', #1626, #688 ) ;
#1190 = CARTESIAN_POINT ( 'NONE',  ( 3.000000000000000000, 117.4999999999998295, 4.500000000000000000 ) ) ;
#1191 = CARTESIAN_POINT ( 'NONE',  ( 108.0000000000000000, 122.0000000000000000, 0.000000000000000000 ) ) ;
#1192 = CARTESIAN_POINT ( 'NONE',  ( 26.80000000000000426, 103.5000000000000000, 4.499999999999997335 ) ) ;
#1193 = CARTESIAN_POINT ( 'NONE',  ( 2.200000000000001510, 120.5000000000000000, 4.000000000000000000 ) ) ;
#1194 = CYLINDRICAL_SURFACE ( 'NONE', #3869, 0.7999999999999942712 ) ;
#1195 = ORIENTED_EDGE ( 'NONE', *, *, #4426, .T. ) ;
#1196 = CARTESIAN_POINT ( 'NONE',  ( 26.50000000000004263, 103.5000000000000000, 6.000000000000000000 ) ) ;
#1197 = LINE ( 'NONE', #4093, #912 ) ;
#1198 = EDGE_LOOP ( 'NONE', ( #320, #3304, #1925, #1158, #3219 ) ) ;
#1199 = DIRECTION ( 'NONE',  ( 1.000000000000000000, 2.275047181608928137E-16, 0.000000000000000000 ) ) ;
#1200 = CARTESIAN_POINT ( 'NONE',  ( 326.5000000000000000, 6.000000000000003553, 5.700000000000041922 ) ) ;
#1201 = CARTESIAN_POINT ( 'NONE',  ( 269.5000000000000000, 101.7999999999999545, 6.000000000000000000 ) ) ;
#1202 = VECTOR ( 'NONE', #1736, 1000.000000000000000 ) ;
#1203 = CARTESIAN_POINT ( 'NONE',  ( 328.5000000000000000, 101.5000000000000000, 5.700000000000045475 ) ) ;
#1204 = ADVANCED_FACE ( 'NONE', ( #689 ), #1562, .T. ) ;
#1205 = ORIENTED_EDGE ( 'NONE', *, *, #1660, .T. ) ;
#1206 = ORIENTED_EDGE ( 'NONE', *, *, #4030, .F. ) ;
#1207 = VERTEX_POINT ( 'NONE', #3652 ) ;
#1208 = CIRCLE ( 'NONE', #380, 2.299999999999968736 ) ;
#1209 = FACE_BOUND ( 'NONE', #3165, .T. ) ;
#1210 = LINE ( 'NONE', #2317, #1785 ) ;
#1211 = CARTESIAN_POINT ( 'NONE',  ( 3.000000000000000000, 123.2000000000000455, 6.000000000000000000 ) ) ;
#1212 = CYLINDRICAL_SURFACE ( 'NONE', #2073, 1.500000000000084155 ) ;
#1213 = EDGE_CURVE ( 'NONE', #3853, #735, #2231, .T. ) ;
#1214 = CIRCLE ( 'NONE', #2364, 1.500000000000001332 ) ;
#1215 = VERTEX_POINT ( 'NONE', #1510 ) ;
#1216 = VECTOR ( 'NONE', #2515, 1000.000000000000000 ) ;
#1217 = ORIENTED_EDGE ( 'NONE', *, *, #4609, .F. ) ;
#1218 = DIRECTION ( 'NONE',  ( 1.000000000000000000, 0.000000000000000000, 0.000000000000000000 ) ) ;
#1219 = DIRECTION ( 'NONE',  ( 1.000000000000000000, 4.625929269271471912E-15, 0.000000000000000000 ) ) ;
#1220 = ADVANCED_FACE ( 'NONE', ( #4376 ), #1194, .F. ) ;
#1221 = AXIS2_PLACEMENT_3D ( 'NONE', #3671, #2559, #1882 ) ;
#1222 = ORIENTED_EDGE ( 'NONE', *, *, #2421, .F. ) ;
#1223 = AXIS2_PLACEMENT_3D ( 'NONE', #1368, #1019, #2876 ) ;
#1224 = DIRECTION ( 'NONE',  ( -0.000000000000000000, -0.7071067811865487940, 0.7071067811865462405 ) ) ;
#1225 = VECTOR ( 'NONE', #2132, 1000.000000000000000 ) ;
#1226 = ORIENTED_EDGE ( 'NONE', *, *, #4230, .F. ) ;
#1227 = CARTESIAN_POINT ( 'NONE',  ( 326.5000000000000000, 101.5000000000000000, 5.700000000000045475 ) ) ;
#1228 = EDGE_CURVE ( 'NONE', #2561, #4436, #2584, .T. ) ;
#1229 = VECTOR ( 'NONE', #3081, 1000.000000000000000 ) ;
#1230 = CIRCLE ( 'NONE', #1154, 1.500000000000014433 ) ;
#1231 = VERTEX_POINT ( 'NONE', #2941 ) ;
#1232 = DIRECTION ( 'NONE',  ( 0.000000000000000000, 0.000000000000000000, -1.000000000000000000 ) ) ;
#1233 = VERTEX_POINT ( 'NONE', #1135 ) ;
#1234 = PLANE ( 'NONE',  #2015 ) ;
#1235 = CARTESIAN_POINT ( 'NONE',  ( 3.000000000000001776, 60.24999999999998579, 4.500000000000000000 ) ) ;
#1236 = VECTOR ( 'NONE', #1958, 1000.000000000000000 ) ;
#1237 = DIRECTION ( 'NONE',  ( -0.000000000000000000, -0.000000000000000000, -1.000000000000000000 ) ) ;
#1238 = ORIENTED_EDGE ( 'NONE', *, *, #1542, .F. ) ;
#1239 = ORIENTED_EDGE ( 'NONE', *, *, #1028, .F. ) ;
#1240 = ORIENTED_EDGE ( 'NONE', *, *, #4050, .F. ) ;
#1241 = AXIS2_PLACEMENT_3D ( 'NONE', #2418, #972, #2370 ) ;
#1242 = ADVANCED_FACE ( 'NONE', ( #2582 ), #3013, .T. ) ;
#1243 = CARTESIAN_POINT ( 'NONE',  ( 24.80000000000000426, 103.5000000000000000, 6.000000000000000000 ) ) ;
#1244 = CARTESIAN_POINT ( 'NONE',  ( 224.5000000000000284, 122.0000000000000000, 4.500000000000000000 ) ) ;
#1245 = ORIENTED_EDGE ( 'NONE', *, *, #3336, .T. ) ;
#1246 = CARTESIAN_POINT ( 'NONE',  ( 221.5000000000000000, 3.000000000000002665, 0.000000000000000000 ) ) ;
#1247 = ORIENTED_EDGE ( 'NONE', *, *, #2541, .F. ) ;
#1248 = EDGE_CURVE ( 'NONE', #2270, #1885, #1582, .T. ) ;
#1249 = DIRECTION ( 'NONE',  ( -0.000000000000000000, -0.000000000000000000, -1.000000000000000000 ) ) ;
#1250 = AXIS2_PLACEMENT_3D ( 'NONE', #1053, #308, #1095 ) ;
#1251 = DIRECTION ( 'NONE',  ( 0.000000000000000000, -0.000000000000000000, -1.000000000000000000 ) ) ;
#1252 = CIRCLE ( 'NONE', #419, 1.500000000000001332 ) ;
#1253 = EDGE_CURVE ( 'NONE', #3023, #3943, #3675, .T. ) ;
#1254 = DIRECTION ( 'NONE',  ( 0.000000000000000000, 0.000000000000000000, -1.000000000000000000 ) ) ;
#1255 = ORIENTED_EDGE ( 'NONE', *, *, #2912, .F. ) ;
#1256 = DIRECTION ( 'NONE',  ( -0.7071067811865617836, 0.000000000000000000, 0.7071067811865331398 ) ) ;
#1257 = VECTOR ( 'NONE', #1850, 1000.000000000000000 ) ;
#1258 = ORIENTED_EDGE ( 'NONE', *, *, #3369, .F. ) ;
#1259 = EDGE_CURVE ( 'NONE', #623, #1283, #423, .T. ) ;
#1260 = CARTESIAN_POINT ( 'NONE',  ( 224.5000000000000284, 120.4999999999999858, 4.500000000000000000 ) ) ;
#1261 = CARTESIAN_POINT ( 'NONE',  ( 301.0000000000000568, 108.1999999999999886, 5.700000000000055245 ) ) ;
#1262 = CARTESIAN_POINT ( 'NONE',  ( 3.000000000000000000, 120.5000000000000000, 4.500000000000000000 ) ) ;
#1263 = VERTEX_POINT ( 'NONE', #1866 ) ;
#1264 = VERTEX_POINT ( 'NONE', #1178 ) ;
#1265 = DIRECTION ( 'NONE',  ( 0.000000000000000000, 0.000000000000000000, -1.000000000000000000 ) ) ;
#1266 = CARTESIAN_POINT ( 'NONE',  ( 3.000000000000002665, 3.000000000000000000, 11.20820393249943692 ) ) ;
#1267 = DIRECTION ( 'NONE',  ( -0.000000000000000000, 0.000000000000000000, 1.000000000000000000 ) ) ;
#1268 = ORIENTED_EDGE ( 'NONE', *, *, #4670, .F. ) ;
#1269 = ORIENTED_EDGE ( 'NONE', *, *, #382, .T. ) ;
#1270 = APPLICATION_CONTEXT ( 'automotive_design' ) ;
#1271 = CYLINDRICAL_SURFACE ( 'NONE', #1007, 0.7999999999999942712 ) ;
#1272 = CARTESIAN_POINT ( 'NONE',  ( 277.3000000000000682, 108.1999999999999886, 4.500000000000000000 ) ) ;
#1273 = ADVANCED_FACE ( 'NONE', ( #3320 ), #469, .F. ) ;
#1274 = CARTESIAN_POINT ( 'NONE',  ( 332.5000000000000000, 3.000000000000000000, 5.700000000000045475 ) ) ;
#1275 = EDGE_LOOP ( 'NONE', ( #3808, #1238, #2671, #358 ) ) ;
#1276 = CARTESIAN_POINT ( 'NONE',  ( 301.0000000000000568, 108.1999999999999886, 4.500000000000000000 ) ) ;
#1277 = EDGE_CURVE ( 'NONE', #622, #2228, #82, .T. ) ;
#1278 = ORIENTED_EDGE ( 'NONE', *, *, #2384, .F. ) ;
#1279 = CARTESIAN_POINT ( 'NONE',  ( 3.000000000000000000, 0.000000000000000000, 5.700000000000045475 ) ) ;
#1280 = PRESENTATION_STYLE_ASSIGNMENT (( #242 ) ) ;
#1281 = CARTESIAN_POINT ( 'NONE',  ( 329.5000000000000000, 123.5000000000000000, 0.000000000000000000 ) ) ;
#1282 = ADVANCED_FACE ( 'NONE', ( #2606 ), #4013, .F. ) ;
#1283 = VERTEX_POINT ( 'NONE', #4089 ) ;
#1284 = ORIENTED_EDGE ( 'NONE', *, *, #4371, .T. ) ;
#1285 = ORIENTED_EDGE ( 'NONE', *, *, #1367, .F. ) ;
#1286 = LINE ( 'NONE', #556, #4535 ) ;
#1287 = AXIS2_PLACEMENT_3D ( 'NONE', #3852, #3464, #4188 ) ;
#1288 = PLANE ( 'NONE',  #3907 ) ;
#1289 = CARTESIAN_POINT ( 'NONE',  ( 3.000000000000001776, 60.24999999999998579, 11.20820393249943692 ) ) ;
#1290 = AXIS2_PLACEMENT_3D ( 'NONE', #434, #864, #2976 ) ;
#1291 = ORIENTED_EDGE ( 'NONE', *, *, #3684, .T. ) ;
#1292 = LINE ( 'NONE', #3484, #4006 ) ;
#1293 = PLANE ( 'NONE',  #2592 ) ;
#1294 = CIRCLE ( 'NONE', #2514, 2.700000000000049472 ) ;
#1295 = LINE ( 'NONE', #1326, #2684 ) ;
#1296 = VECTOR ( 'NONE', #3919, 1000.000000000000000 ) ;
#1297 = VERTEX_POINT ( 'NONE', #444 ) ;
#1298 = EDGE_CURVE ( 'NONE', #3206, #3800, #1823, .T. ) ;
#1299 = DIRECTION ( 'NONE',  ( -1.000000000000000000, 0.000000000000000000, 0.000000000000000000 ) ) ;
#1300 = ORIENTED_EDGE ( 'NONE', *, *, #2069, .T. ) ;
#1301 = PLANE ( 'NONE',  #2156 ) ;
#1302 = AXIS2_PLACEMENT_3D ( 'NONE', #2471, #1371, #684 ) ;
#1303 = ORIENTED_EDGE ( 'NONE', *, *, #729, .F. ) ;
#1304 = ORIENTED_EDGE ( 'NONE', *, *, #2265, .F. ) ;
#1305 = AXIS2_PLACEMENT_3D ( 'NONE', #1347, #2590, #48 ) ;
#1306 = EDGE_CURVE ( 'NONE', #1770, #3886, #2657, .T. ) ;
#1307 = FACE_OUTER_BOUND ( 'NONE', #3241, .T. ) ;
#1308 = CARTESIAN_POINT ( 'NONE',  ( 299.5000000000000568, 106.6999999999999886, 5.700000000000055245 ) ) ;
#1309 = DIRECTION ( 'NONE',  ( -1.000000000000000000, 0.000000000000000000, 0.000000000000000000 ) ) ;
#1310 = AXIS2_PLACEMENT_3D ( 'NONE', #3088, #3228, #3559 ) ;
#1311 = AXIS2_PLACEMENT_3D ( 'NONE', #1520, #3728, #2284 ) ;
#1312 = EDGE_LOOP ( 'NONE', ( #306, #1358, #271 ) ) ;
#1313 = ORIENTED_EDGE ( 'NONE', *, *, #3214, .F. ) ;
#1314 = EDGE_CURVE ( 'NONE', #585, #942, #1976, .T. ) ;
#1315 = CARTESIAN_POINT ( 'NONE',  ( 218.5000000000000284, 122.0000000000000000, 0.000000000000000000 ) ) ;
#1316 = CIRCLE ( 'NONE', #3138, 1.500000000000056843 ) ;
#1317 = CARTESIAN_POINT ( 'NONE',  ( 24.80000000000000426, 103.5000000000000000, 5.999999999999998224 ) ) ;
#1318 = DIRECTION ( 'NONE',  ( 1.000000000000000000, 0.000000000000000000, 0.000000000000000000 ) ) ;
#1319 = AXIS2_PLACEMENT_3D ( 'NONE', #750, #3977, #1751 ) ;
#1320 = EDGE_LOOP ( 'NONE', ( #482, #1346, #3071, #4070 ) ) ;
#1321 = ORIENTED_EDGE ( 'NONE', *, *, #3587, .T. ) ;
#1322 = EDGE_CURVE ( 'NONE', #3966, #2331, #3795, .T. ) ;
#1323 = DIRECTION ( 'NONE',  ( 0.000000000000000000, -1.000000000000000000, 0.000000000000000000 ) ) ;
#1324 = ORIENTED_EDGE ( 'NONE', *, *, #1536, .F. ) ;
#1325 = CYLINDRICAL_SURFACE ( 'NONE', #2294, 1.500000000000001332 ) ;
#1326 = CARTESIAN_POINT ( 'NONE',  ( 26.80000000000000426, 119.5000000000000000, 4.499999999999997335 ) ) ;
#1327 = VECTOR ( 'NONE', #3916, 1000.000000000000000 ) ;
#1328 = DIRECTION ( 'NONE',  ( 0.000000000000000000, 1.000000000000000000, 0.000000000000000000 ) ) ;
#1329 = EDGE_LOOP ( 'NONE', ( #1761, #2057, #789, #3665 ) ) ;
#1330 = CARTESIAN_POINT ( 'NONE',  ( 277.3000000000000682, 114.7999999999999545, 6.000000000000000000 ) ) ;
#1331 = AXIS2_PLACEMENT_3D ( 'NONE', #4624, #1414, #3600 ) ;
#1332 = ORIENTED_EDGE ( 'NONE', *, *, #1134, .T. ) ;
#1333 = DIRECTION ( 'NONE',  ( 1.000000000000000000, 1.069167011387862667E-17, 0.000000000000000000 ) ) ;
#1334 = CIRCLE ( 'NONE', #3002, 0.7999999999999899414 ) ;
#1335 = DIRECTION ( 'NONE',  ( 0.000000000000000000, -0.7071067811865731079, 0.7071067811865219266 ) ) ;
#1336 = ADVANCED_FACE ( 'NONE', ( #2680 ), #754, .F. ) ;
#1337 = ORIENTED_EDGE ( 'NONE', *, *, #4075, .F. ) ;
#1338 = ORIENTED_EDGE ( 'NONE', *, *, #2942, .T. ) ;
#1339 = FACE_OUTER_BOUND ( 'NONE', #4549, .T. ) ;
#1340 = DIRECTION ( 'NONE',  ( 1.126443815569355400E-16, -1.000000000000000000, 0.000000000000000000 ) ) ;
#1341 = DIRECTION ( 'NONE',  ( 1.000000000000000000, 0.000000000000000000, 0.000000000000000000 ) ) ;
#1342 = ADVANCED_FACE ( 'NONE', ( #2419 ), #2327, .F. ) ;
#1343 = ORIENTED_EDGE ( 'NONE', *, *, #654, .F. ) ;
#1344 = ORIENTED_EDGE ( 'NONE', *, *, #741, .F. ) ;
#1345 = LINE ( 'NONE', #4257, #1886 ) ;
#1346 = ORIENTED_EDGE ( 'NONE', *, *, #150, .T. ) ;
#1347 = CARTESIAN_POINT ( 'NONE',  ( 329.5000000000000000, 61.74999999999998579, 0.000000000000000000 ) ) ;
#1348 = FACE_OUTER_BOUND ( 'NONE', #132, .T. ) ;
#1349 = FACE_OUTER_BOUND ( 'NONE', #2436, .T. ) ;
#1350 = ORIENTED_EDGE ( 'NONE', *, *, #667, .F. ) ;
#1351 = ORIENTED_EDGE ( 'NONE', *, *, #2252, .F. ) ;
#1352 = DIRECTION ( 'NONE',  ( 1.000000000000000000, 0.000000000000000000, 0.000000000000000000 ) ) ;
#1353 = LINE ( 'NONE', #4593, #3748 ) ;
#1354 = ORIENTED_EDGE ( 'NONE', *, *, #994, .T. ) ;
#1355 = CARTESIAN_POINT ( 'NONE',  ( 4.000000000000014211, 4.000000000000000000, 5.700000000000041922 ) ) ;
#1356 = CARTESIAN_POINT ( 'NONE',  ( 3.000000000000001332, 61.74999999999998579, -1.457329690985347238E-15 ) ) ;
#1357 = DIRECTION ( 'NONE',  ( 0.000000000000000000, 1.000000000000000000, 0.000000000000000000 ) ) ;
#1358 = ORIENTED_EDGE ( 'NONE', *, *, #2938, .T. ) ;
#1359 = ORIENTED_EDGE ( 'NONE', *, *, #1721, .T. ) ;
#1360 = LINE ( 'NONE', #983, #1202 ) ;
#1361 = DIRECTION ( 'NONE',  ( -1.000000000000000000, 0.000000000000000000, 0.000000000000000000 ) ) ;
#1362 = EDGE_CURVE ( 'NONE', #1740, #2237, #590, .T. ) ;
#1363 = CYLINDRICAL_SURFACE ( 'NONE', #3513, 2.000000000000000000 ) ;
#1364 = DIRECTION ( 'NONE',  ( 0.7071067811865332509, 0.000000000000000000, 0.7071067811865618946 ) ) ;
#1365 = ORIENTED_EDGE ( 'NONE', *, *, #4050, .T. ) ;
#1366 = CARTESIAN_POINT ( 'NONE',  ( 3.700000000000050360, 6.000000000000005329, 6.000000000000000000 ) ) ;
#1367 = EDGE_CURVE ( 'NONE', #2443, #3197, #568, .T. ) ;
#1368 = CARTESIAN_POINT ( 'NONE',  ( 299.5000000000000568, 113.0000000000000000, 5.700000000000055245 ) ) ;
#1369 = CIRCLE ( 'NONE', #1137, 1.499999999999987566 ) ;
#1370 = VECTOR ( 'NONE', #1763, 1000.000000000000000 ) ;
#1371 = DIRECTION ( 'NONE',  ( 0.000000000000000000, 0.000000000000000000, -1.000000000000000000 ) ) ;
#1373 = EDGE_CURVE ( 'NONE', #4194, #2017, #4142, .T. ) ;
#1372 = ORIENTED_EDGE ( 'NONE', *, *, #3954, .F. ) ;
#1374 = VERTEX_POINT ( 'NONE', #1956 ) ;
#1375 = CARTESIAN_POINT ( 'NONE',  ( 331.0000000000000000, 58.75000000000001421, 4.500000000000000000 ) ) ;
#1376 = DIRECTION ( 'NONE',  ( 1.000000000000000000, 1.069167011387862821E-17, 0.000000000000000000 ) ) ;
#1377 = AXIS2_PLACEMENT_3D ( 'NONE', #3371, #108, #848 ) ;
#1378 = ORIENTED_EDGE ( 'NONE', *, *, #1716, .F. ) ;
#1379 = DIRECTION ( 'NONE',  ( -0.7071067811865617836, 0.000000000000000000, -0.7071067811865331398 ) ) ;
#1380 = EDGE_CURVE ( 'NONE', #3290, #3750, #768, .T. ) ;
#1381 = AXIS2_PLACEMENT_3D ( 'NONE', #366, #3934, #15 ) ;
#1382 = CARTESIAN_POINT ( 'NONE',  ( 3.000000000000001332, 64.75000000000008527, 4.500000000000000000 ) ) ;
#1383 = CARTESIAN_POINT ( 'NONE',  ( 331.0000000000000000, 2.500000000000007105, 4.500000000000000000 ) ) ;
#1384 = ORIENTED_EDGE ( 'NONE', *, *, #2200, .F. ) ;
#1385 = VERTEX_POINT ( 'NONE', #1274 ) ;
#1386 = CARTESIAN_POINT ( 'NONE',  ( 326.5000000000000000, 1.499999999999973577, 4.500000000000000000 ) ) ;
#1387 = DIRECTION ( 'NONE',  ( 1.000000000000000000, 0.000000000000000000, 0.000000000000000000 ) ) ;
#1388 = AXIS2_PLACEMENT_3D ( 'NONE', #1246, #3849, #202 ) ;
#1389 = AXIS2_PLACEMENT_3D ( 'NONE', #905, #2764, #2354 ) ;
#1390 = CARTESIAN_POINT ( 'NONE',  ( 4.000000000000000888, 119.5000000000000000, 5.700000000000041922 ) ) ;
#1391 = CIRCLE ( 'NONE', #2223, 1.500000000000001332 ) ;
#1392 = ORIENTED_EDGE ( 'NONE', *, *, #845, .T. ) ;
#1393 = CARTESIAN_POINT ( 'NONE',  ( 328.5000000000000000, 119.5000000000000000, 5.700000000000041922 ) ) ;
#1394 = ORIENTED_EDGE ( 'NONE', *, *, #514, .F. ) ;
#1395 = DIRECTION ( 'NONE',  ( 1.000000000000000000, 0.000000000000000000, 0.000000000000000000 ) ) ;
#1396 = DIRECTION ( 'NONE',  ( -1.000000000000000000, 0.000000000000000000, 0.000000000000000000 ) ) ;
#1397 = AXIS2_PLACEMENT_3D ( 'NONE', #4329, #686, #2831 ) ;
#1398 = EDGE_CURVE ( 'NONE', #1623, #3641, #4219, .T. ) ;
#1399 = VECTOR ( 'NONE', #660, 1000.000000000000000 ) ;
#1400 = DIRECTION ( 'NONE',  ( -0.000000000000000000, 0.000000000000000000, 1.000000000000000000 ) ) ;
#1401 = ORIENTED_EDGE ( 'NONE', *, *, #1639, .F. ) ;
#1402 = CARTESIAN_POINT ( 'NONE',  ( 0.000000000000000000, 0.000000000000000000, 4.500000000000000000 ) ) ;
#1403 = DIRECTION ( 'NONE',  ( 1.000000000000000000, 0.000000000000000000, 0.000000000000000000 ) ) ;
#1404 = EDGE_CURVE ( 'NONE', #1876, #2878, #3508, .T. ) ;
#1405 = AXIS2_PLACEMENT_3D ( 'NONE', #3543, #3046, #4151 ) ;
#1406 = DIRECTION ( 'NONE',  ( 0.000000000000000000, 0.000000000000000000, -1.000000000000000000 ) ) ;
#1407 = DIRECTION ( 'NONE',  ( 0.000000000000000000, 0.000000000000000000, -1.000000000000000000 ) ) ;
#1408 = VECTOR ( 'NONE', #1627, 1000.000000000000000 ) ;
#1409 = EDGE_CURVE ( 'NONE', #157, #3867, #245, .T. ) ;
#1410 = ORIENTED_EDGE ( 'NONE', *, *, #1608, .T. ) ;
#1411 = EDGE_LOOP ( 'NONE', ( #214, #1817, #893 ) ) ;
#1412 = AXIS2_PLACEMENT_3D ( 'NONE', #1807, #28, #3638 ) ;
#1413 = DIRECTION ( 'NONE',  ( 0.000000000000000000, 0.000000000000000000, 1.000000000000000000 ) ) ;
#1414 = DIRECTION ( 'NONE',  ( -0.000000000000000000, -0.000000000000000000, -1.000000000000000000 ) ) ;
#1415 = DIRECTION ( 'NONE',  ( -0.000000000000000000, -0.000000000000000000, -1.000000000000000000 ) ) ;
#1416 = ORIENTED_EDGE ( 'NONE', *, *, #1021, .F. ) ;
#1417 = LINE ( 'NONE', #2130, #148 ) ;
#1418 = ORIENTED_EDGE ( 'NONE', *, *, #3285, .F. ) ;
#1419 = DIRECTION ( 'NONE',  ( -0.000000000000000000, -0.000000000000000000, -1.000000000000000000 ) ) ;
#1420 = LINE ( 'NONE', #4288, #1688 ) ;
#1421 = FACE_OUTER_BOUND ( 'NONE', #3276, .T. ) ;
#1422 = ORIENTED_EDGE ( 'NONE', *, *, #3555, .F. ) ;
#1423 = CARTESIAN_POINT ( 'NONE',  ( 222.3000000000000114, 120.4999999999999716, -1.457329690985347238E-15 ) ) ;
#1424 = ADVANCED_FACE ( 'NONE', ( #211 ), #3766, .F. ) ;
#1425 = DIRECTION ( 'NONE',  ( -0.000000000000000000, -0.000000000000000000, -1.000000000000000000 ) ) ;
#1426 = DIRECTION ( 'NONE',  ( 0.000000000000000000, -0.000000000000000000, 1.000000000000000000 ) ) ;
#1427 = CARTESIAN_POINT ( 'NONE',  ( 277.3000000000000682, 113.0000000000000000, 6.000000000000000000 ) ) ;
#1428 = ADVANCED_FACE ( 'NONE', ( #610 ), #2402, .F. ) ;
#1429 = DIRECTION ( 'NONE',  ( 0.000000000000000000, 0.000000000000000000, -1.000000000000000000 ) ) ;
#1430 = VERTEX_POINT ( 'NONE', #1680 ) ;
#1431 = ORIENTED_EDGE ( 'NONE', *, *, #544, .T. ) ;
#1432 = CARTESIAN_POINT ( 'NONE',  ( 329.5000000000000000, 63.25000000000007105, 11.20820393249943692 ) ) ;
#1433 = DIRECTION ( 'NONE',  ( -0.000000000000000000, 0.000000000000000000, 1.000000000000000000 ) ) ;
#1434 = EDGE_CURVE ( 'NONE', #2526, #3758, #3064, .T. ) ;
#1435 = DIRECTION ( 'NONE',  ( -0.000000000000000000, 0.000000000000000000, -1.000000000000000000 ) ) ;
#1436 = ORIENTED_EDGE ( 'NONE', *, *, #1322, .T. ) ;
#1437 = DIRECTION ( 'NONE',  ( -0.000000000000000000, -0.000000000000000000, 1.000000000000000000 ) ) ;
#1438 = DIRECTION ( 'NONE',  ( 0.000000000000000000, 0.000000000000000000, -1.000000000000000000 ) ) ;
#1439 = CIRCLE ( 'NONE', #2648, 1.500000000000001332 ) ;
#1440 = DIRECTION ( 'NONE',  ( 0.7071067811865463515, 0.000000000000000000, 0.7071067811865487940 ) ) ;
#1441 = CIRCLE ( 'NONE', #4088, 1.500000000000001332 ) ;
#1442 = ORIENTED_EDGE ( 'NONE', *, *, #1639, .T. ) ;
#1443 = CARTESIAN_POINT ( 'NONE',  ( 2.200000000000002842, 61.74999999999998579, 4.000000000000000000 ) ) ;
#1444 = CARTESIAN_POINT ( 'NONE',  ( 1.499999999999985567, 58.75000000000001421, 11.20820393249943692 ) ) ;
#1445 = EDGE_LOOP ( 'NONE', ( #4606, #4299, #1481, #1640 ) ) ;
#1446 = ORIENTED_EDGE ( 'NONE', *, *, #4213, .T. ) ;
#1447 = AXIS2_PLACEMENT_3D ( 'NONE', #3479, #1647, #2742 ) ;
#1448 = EDGE_CURVE ( 'NONE', #4001, #126, #2063, .T. ) ;
#1449 = DIRECTION ( 'NONE',  ( 0.000000000000000000, -1.000000000000000000, 0.000000000000000000 ) ) ;
#1450 = LINE ( 'NONE', #3281, #474 ) ;
#1451 = AXIS2_PLACEMENT_3D ( 'NONE', #2588, #2687, #784 ) ;
#1452 = EDGE_LOOP ( 'NONE', ( #1303, #638, #3540, #3091 ) ) ;
#1453 = ORIENTED_EDGE ( 'NONE', *, *, #1248, .F. ) ;
#1454 = EDGE_CURVE ( 'NONE', #2554, #221, #3275, .T. ) ;
#1455 = VECTOR ( 'NONE', #3794, 1000.000000000000000 ) ;
#1456 = DIRECTION ( 'NONE',  ( -1.000000000000000000, 0.000000000000000000, 0.000000000000000000 ) ) ;
#1457 = CARTESIAN_POINT ( 'NONE',  ( 221.5000000000000284, 120.4999999999999716, -1.457329690985347238E-15 ) ) ;
#1458 = CARTESIAN_POINT ( 'NONE',  ( 326.5000000000000000, 6.000000000000003553, 6.000000000000000000 ) ) ;
#1459 = ORIENTED_EDGE ( 'NONE', *, *, #2872, .T. ) ;
#1460 = ADVANCED_FACE ( 'NONE', ( #951 ), #1657, .F. ) ;
#1461 = DIRECTION ( 'NONE',  ( 0.000000000000000000, -0.000000000000000000, 1.000000000000000000 ) ) ;
#1462 = CIRCLE ( 'NONE', #470, 1.500000000000001332 ) ;
#1463 = DIRECTION ( 'NONE',  ( 0.000000000000000000, -1.000000000000000000, 0.000000000000000000 ) ) ;
#1464 = AXIS2_PLACEMENT_3D ( 'NONE', #4150, #4450, #91 ) ;
#1465 = EDGE_CURVE ( 'NONE', #2331, #3966, #4327, .T. ) ;
#1466 = CARTESIAN_POINT ( 'NONE',  ( 326.5000000000000000, 6.000000000000003553, 6.000000000000000000 ) ) ;
#1467 = AXIS2_PLACEMENT_3D ( 'NONE', #1136, #2583, #1512 ) ;
#1468 = CARTESIAN_POINT ( 'NONE',  ( 267.5000000000000000, 117.5000000000000000, 5.700000000000045475 ) ) ;
#1469 = VERTEX_POINT ( 'NONE', #2347 ) ;
#1470 = AXIS2_PLACEMENT_3D ( 'NONE', #3368, #3742, #4115 ) ;
#1471 = CARTESIAN_POINT ( 'NONE',  ( 301.0000000000000568, 113.0000000000000000, 5.700000000000055245 ) ) ;
#1472 = FACE_OUTER_BOUND ( 'NONE', #842, .T. ) ;
#1473 = VERTEX_POINT ( 'NONE', #1704 ) ;
#1474 = ORIENTED_EDGE ( 'NONE', *, *, #4218, .T. ) ;
#1475 = DIRECTION ( 'NONE',  ( 1.000000000000000000, 0.000000000000000000, 0.000000000000000000 ) ) ;
#1476 = DIRECTION ( 'NONE',  ( -0.000000000000000000, -0.000000000000000000, 1.000000000000000000 ) ) ;
#1477 = AXIS2_PLACEMENT_3D ( 'NONE', #2971, #50, #2949 ) ;
#1478 = LINE ( 'NONE', #4007, #187 ) ;
#1479 = ADVANCED_FACE ( 'NONE', ( #1349 ), #875, .F. ) ;
#1480 = AXIS2_PLACEMENT_3D ( 'NONE', #4135, #2666, #4413 ) ;
#1481 = ORIENTED_EDGE ( 'NONE', *, *, #4349, .F. ) ;
#1482 = ORIENTED_EDGE ( 'NONE', *, *, #1044, .T. ) ;
#1483 = DIRECTION ( 'NONE',  ( -0.000000000000000000, -0.000000000000000000, 1.000000000000000000 ) ) ;
#1484 = DIRECTION ( 'NONE',  ( -0.000000000000000000, -0.000000000000000000, -1.000000000000000000 ) ) ;
#1485 = ADVANCED_FACE ( 'NONE', ( #305 ), #2442, .T. ) ;
#1486 = AXIS2_PLACEMENT_3D ( 'NONE', #2119, #3215, #1758 ) ;
#1487 = LINE ( 'NONE', #2254, #546 ) ;
#1488 = DIRECTION ( 'NONE',  ( 0.000000000000000000, 0.000000000000000000, -1.000000000000000000 ) ) ;
#1489 = ADVANCED_FACE ( 'NONE', ( #1050 ), #621, .F. ) ;
#1490 = ORIENTED_EDGE ( 'NONE', *, *, #2236, .T. ) ;
#1491 = CARTESIAN_POINT ( 'NONE',  ( 111.0000000000000000, 120.4999999999999858, 0.000000000000000000 ) ) ;
#1492 = FACE_OUTER_BOUND ( 'NONE', #443, .T. ) ;
#1493 = VERTEX_POINT ( 'NONE', #730 ) ;
#1494 = CARTESIAN_POINT ( 'NONE',  ( 6.000000000000003553, 99.49999999999998579, 4.500000000000000000 ) ) ;
#1495 = DIRECTION ( 'NONE',  ( -1.000000000000000000, 0.000000000000000000, -0.000000000000000000 ) ) ;
#1496 = CARTESIAN_POINT ( 'NONE',  ( 4.500000000000000888, 120.5000000000000000, 0.000000000000000000 ) ) ;
#1497 = CARTESIAN_POINT ( 'NONE',  ( 2.200000000000007283, 61.74999999999998579, 0.000000000000000000 ) ) ;
#1498 = ORIENTED_EDGE ( 'NONE', *, *, #331, .F. ) ;
#1499 = VERTEX_POINT ( 'NONE', #3272 ) ;
#1500 = ADVANCED_FACE ( 'NONE', ( #1813 ), #3248, .T. ) ;
#1501 = FACE_OUTER_BOUND ( 'NONE', #3874, .T. ) ;
#1502 = DIRECTION ( 'NONE',  ( 0.000000000000000000, -0.7071067811865617836, -0.7071067811865331398 ) ) ;
#1503 = EDGE_CURVE ( 'NONE', #739, #2113, #2829, .T. ) ;
#1504 = DIRECTION ( 'NONE',  ( 0.000000000000000000, 0.000000000000000000, -1.000000000000000000 ) ) ;
#1505 = CARTESIAN_POINT ( 'NONE',  ( 3.000000000000001332, 61.74999999999998579, 0.000000000000000000 ) ) ;
#1506 = EDGE_LOOP ( 'NONE', ( #4454, #135, #2967, #149, #3075 ) ) ;
#1507 = VERTEX_POINT ( 'NONE', #2137 ) ;
#1508 = ADVANCED_FACE ( 'NONE', ( #3231 ), #1605, .F. ) ;
#1509 = CIRCLE ( 'NONE', #4684, 0.7999999999999986011 ) ;
#1510 = CARTESIAN_POINT ( 'NONE',  ( 113.9999999999999716, 1.500000000000000000, 0.000000000000000000 ) ) ;
#1511 = ORIENTED_EDGE ( 'NONE', *, *, #1054, .T. ) ;
#1512 = DIRECTION ( 'NONE',  ( 0.000000000000000000, -0.000000000000000000, -1.000000000000000000 ) ) ;
#1513 = AXIS2_PLACEMENT_3D ( 'NONE', #2934, #1837, #3971 ) ;
#1514 = ORIENTED_EDGE ( 'NONE', *, *, #4166, .T. ) ;
#1515 = EDGE_CURVE ( 'NONE', #3037, #702, #2181, .T. ) ;
#1516 = EDGE_LOOP ( 'NONE', ( #70, #2112, #359, #1239 ) ) ;
#1517 = CARTESIAN_POINT ( 'NONE',  ( 110.9999999999999858, 3.000000000000002665, -1.457329690985347238E-15 ) ) ;
#1518 = AXIS2_PLACEMENT_3D ( 'NONE', #3041, #1232, #1962 ) ;
#1519 = FACE_OUTER_BOUND ( 'NONE', #4332, .T. ) ;
#1520 = CARTESIAN_POINT ( 'NONE',  ( 6.000000000000014211, 6.000000000000005329, 6.000000000000000000 ) ) ;
#1521 = CARTESIAN_POINT ( 'NONE',  ( 330.3000000000000114, 3.000000000000000000, 4.000000000000000000 ) ) ;
#1522 = ORIENTED_EDGE ( 'NONE', *, *, #3690, .T. ) ;
#1523 = VECTOR ( 'NONE', #3115, 1000.000000000000000 ) ;
#1524 = ORIENTED_EDGE ( 'NONE', *, *, #3055, .T. ) ;
#1525 = ORIENTED_EDGE ( 'NONE', *, *, #23, .F. ) ;
#1526 = DIRECTION ( 'NONE',  ( 0.000000000000000000, -1.000000000000000000, 0.000000000000000000 ) ) ;
#1527 = CARTESIAN_POINT ( 'NONE',  ( 326.5000000000000000, 122.0000000000000000, 11.20820393249943692 ) ) ;
#1528 = EDGE_LOOP ( 'NONE', ( #1624, #3170, #2328, #1474 ) ) ;
#1529 = VERTEX_POINT ( 'NONE', #3975 ) ;
#1530 = LINE ( 'NONE', #1128, #1152 ) ;
#1531 = AXIS2_PLACEMENT_3D ( 'NONE', #511, #152, #1606 ) ;
#1532 = DIRECTION ( 'NONE',  ( -1.000000000000000000, -0.000000000000000000, -0.000000000000000000 ) ) ;
#1533 = CARTESIAN_POINT ( 'NONE',  ( 329.5000000000000000, 120.4999999999999574, -1.457329690985347238E-15 ) ) ;
#1534 = AXIS2_PLACEMENT_3D ( 'NONE', #2251, #1148, #3689 ) ;
#1535 = AXIS2_PLACEMENT_3D ( 'NONE', #3496, #1686, #1732 ) ;
#1536 = EDGE_CURVE ( 'NONE', #702, #2757, #2088, .T. ) ;
#1537 = CIRCLE ( 'NONE', #3595, 1.700000000000034817 ) ;
#1538 = CIRCLE ( 'NONE', #4193, 0.7999999999999986011 ) ;
#1539 = CARTESIAN_POINT ( 'NONE',  ( 2.500000000000007550, 122.0000000000000000, 0.000000000000000000 ) ) ;
#1540 = VERTEX_POINT ( 'NONE', #4265 ) ;
#1541 = CARTESIAN_POINT ( 'NONE',  ( 301.0000000000000568, 114.5000000000000000, 4.500000000000000000 ) ) ;
#1542 = EDGE_CURVE ( 'NONE', #826, #2940, #4470, .T. ) ;
#1543 = ORIENTED_EDGE ( 'NONE', *, *, #1277, .T. ) ;
#1544 = CARTESIAN_POINT ( 'NONE',  ( 329.5000000000000000, 120.4999999999999574, -1.457329690985347238E-15 ) ) ;
#1545 = CARTESIAN_POINT ( 'NONE',  ( 26.80000000000000426, 119.5000000000000000, -59.10031446463138138 ) ) ;
#1546 = CARTESIAN_POINT ( 'NONE',  ( 3.799999999999998490, 120.5000000000000000, 4.000000000000000000 ) ) ;
#1547 = CARTESIAN_POINT ( 'NONE',  ( 111.0000000000000000, 120.4999999999999858, 4.000000000000000000 ) ) ;
#1548 = ORIENTED_EDGE ( 'NONE', *, *, #3154, .F. ) ;
#1549 = ORIENTED_EDGE ( 'NONE', *, *, #210, .F. ) ;
#1550 = ORIENTED_EDGE ( 'NONE', *, *, #867, .F. ) ;
#1551 = VECTOR ( 'NONE', #351, 1000.000000000000000 ) ;
#1552 = DIRECTION ( 'NONE',  ( 1.000000000000000000, 0.000000000000000000, 0.000000000000000000 ) ) ;
#1553 = DIRECTION ( 'NONE',  ( 1.000000000000000000, 0.000000000000000000, 0.000000000000000000 ) ) ;
#1554 = EDGE_LOOP ( 'NONE', ( #2682, #1269, #3356, #671, #426, #1773, #2519, #1459 ) ) ;
#1555 = EDGE_LOOP ( 'NONE', ( #61, #639, #3050, #4221 ) ) ;
#1556 = DIRECTION ( 'NONE',  ( -1.000000000000000000, -0.000000000000000000, -0.000000000000000000 ) ) ;
#1557 =( GEOMETRIC_REPRESENTATION_CONTEXT ( 3 ) GLOBAL_UNCERTAINTY_ASSIGNED_CONTEXT ( ( #4087 ) ) GLOBAL_UNIT_ASSIGNED_CONTEXT ( ( #3818, #3142, #4544 ) ) REPRESENTATION_CONTEXT ( 'NONE', 'WORKASPACE' ) );
#1558 = CARTESIAN_POINT ( 'NONE',  ( 24.80000000000000426, 101.5000000000000000, 5.700000000000045475 ) ) ;
#1559 = CARTESIAN_POINT ( 'NONE',  ( 3.000000000000002665, 3.000000000000000000, 4.500000000000000000 ) ) ;
#1560 = ORIENTED_EDGE ( 'NONE', *, *, #3147, .F. ) ;
#1561 = ADVANCED_FACE ( 'NONE', ( #3561 ), #2162, .F. ) ;
#1562 = PLANE ( 'NONE',  #3952 ) ;
#1563 = ORIENTED_EDGE ( 'NONE', *, *, #2337, .T. ) ;
#1564 = DIRECTION ( 'NONE',  ( 0.000000000000000000, 0.000000000000000000, -1.000000000000000000 ) ) ;
#1565 = ORIENTED_EDGE ( 'NONE', *, *, #4485, .F. ) ;
#1566 = ADVANCED_FACE ( 'NONE', ( #4610 ), #3205, .T. ) ;
#1567 = CARTESIAN_POINT ( 'NONE',  ( -2.315998030877886663E-14, 101.7999999999998977, 6.000000000000000000 ) ) ;
#1568 = DIRECTION ( 'NONE',  ( -0.000000000000000000, -0.000000000000000000, -1.000000000000000000 ) ) ;
#1569 = CARTESIAN_POINT ( 'NONE',  ( 267.5000000000000000, 117.5000000000000000, 4.500000000000000000 ) ) ;
#1570 = DIRECTION ( 'NONE',  ( -1.000000000000000000, 0.000000000000000000, 0.000000000000000000 ) ) ;
#1571 = ORIENTED_EDGE ( 'NONE', *, *, #2014, .T. ) ;
#1572 = ORIENTED_EDGE ( 'NONE', *, *, #1633, .T. ) ;
#1573 = ADVANCED_FACE ( 'NONE', ( #2857 ), #4662, .T. ) ;
#1574 = DIRECTION ( 'NONE',  ( 0.000000000000000000, 0.7071067811865617836, 0.7071067811865331398 ) ) ;
#1575 = DIRECTION ( 'NONE',  ( -0.000000000000000000, -0.000000000000000000, -1.000000000000000000 ) ) ;
#1576 = LINE ( 'NONE', #2557, #785 ) ;
#1577 = VERTEX_POINT ( 'NONE', #330 ) ;
#1578 = ADVANCED_FACE ( 'NONE', ( #1421 ), #1778, .T. ) ;
#1579 = ORIENTED_EDGE ( 'NONE', *, *, #3739, .T. ) ;
#1580 = FACE_OUTER_BOUND ( 'NONE', #3299, .T. ) ;
#1581 = DIRECTION ( 'NONE',  ( -0.000000000000000000, -0.000000000000000000, -1.000000000000000000 ) ) ;
#1582 = LINE ( 'NONE', #129, #922 ) ;
#1583 = VERTEX_POINT ( 'NONE', #707 ) ;
#1584 = DIRECTION ( 'NONE',  ( 0.000000000000000000, -0.000000000000000000, -1.000000000000000000 ) ) ;
#1585 = EDGE_CURVE ( 'NONE', #3420, #3023, #3608, .T. ) ;
#1586 = AXIS2_PLACEMENT_3D ( 'NONE', #3909, #304, #1747 ) ;
#1587 = EDGE_LOOP ( 'NONE', ( #3609, #4197 ) ) ;
#1588 = DIRECTION ( 'NONE',  ( -1.000000000000000000, 0.000000000000000000, 0.000000000000000000 ) ) ;
#1589 = ORIENTED_EDGE ( 'NONE', *, *, #2631, .F. ) ;
#1590 = CARTESIAN_POINT ( 'NONE',  ( 326.5000000000000000, 122.0000000000000000, 0.000000000000000000 ) ) ;
#1591 = DIRECTION ( 'NONE',  ( -0.000000000000000000, 0.000000000000000000, 1.000000000000000000 ) ) ;
#1592 = DIRECTION ( 'NONE',  ( 0.000000000000000000, -0.000000000000000000, -1.000000000000000000 ) ) ;
#1593 = EDGE_CURVE ( 'NONE', #3711, #2767, #3204, .T. ) ;
#1594 = ORIENTED_EDGE ( 'NONE', *, *, #2866, .T. ) ;
#1595 = VERTEX_POINT ( 'NONE', #1558 ) ;
#1596 = ORIENTED_EDGE ( 'NONE', *, *, #588, .T. ) ;
#1597 = VECTOR ( 'NONE', #3572, 1000.000000000000000 ) ;
#1598 = FACE_BOUND ( 'NONE', #4277, .T. ) ;
#1599 = DIRECTION ( 'NONE',  ( -1.000000000000000000, 0.000000000000000000, 0.000000000000000000 ) ) ;
#1600 = EDGE_LOOP ( 'NONE', ( #1017, #3321, #554, #1416 ) ) ;
#1601 = FACE_OUTER_BOUND ( 'NONE', #1320, .T. ) ;
#1602 = EDGE_CURVE ( 'NONE', #3570, #4101, #2587, .T. ) ;
#1603 = VERTEX_POINT ( 'NONE', #4416 ) ;
#1604 = ORIENTED_EDGE ( 'NONE', *, *, #3460, .F. ) ;
#1605 = CONICAL_SURFACE ( 'NONE', #3649, 0.7999999999999951594, 1.029744258676650981 ) ;
#1606 = DIRECTION ( 'NONE',  ( -1.000000000000000000, 0.000000000000000000, 0.000000000000000000 ) ) ;
#1607 = DIRECTION ( 'NONE',  ( 0.000000000000000000, -0.000000000000000000, -1.000000000000000000 ) ) ;
#1608 = EDGE_CURVE ( 'NONE', #1742, #1583, #2625, .T. ) ;
#1609 = VECTOR ( 'NONE', #38, 1000.000000000000000 ) ;
#1610 = VECTOR ( 'NONE', #559, 1000.000000000000000 ) ;
#1611 = DIRECTION ( 'NONE',  ( 1.000000000000000000, 0.000000000000000000, 0.000000000000000000 ) ) ;
#1612 = CIRCLE ( 'NONE', #2836, 2.700000000000045919 ) ;
#1613 = VERTEX_POINT ( 'NONE', #1861 ) ;
#1614 = LINE ( 'NONE', #1707, #259 ) ;
#1615 = CIRCLE ( 'NONE', #4264, 1.500000000000044631 ) ;
#1616 = VECTOR ( 'NONE', #2683, 1000.000000000000000 ) ;
#1617 = ORIENTED_EDGE ( 'NONE', *, *, #1803, .T. ) ;
#1618 = FACE_OUTER_BOUND ( 'NONE', #1867, .T. ) ;
#1619 = FACE_OUTER_BOUND ( 'NONE', #1941, .T. ) ;
#1620 = LINE ( 'NONE', #4053, #4556 ) ;
#1621 = AXIS2_PLACEMENT_3D ( 'NONE', #3106, #606, #1251 ) ;
#1622 = CARTESIAN_POINT ( 'NONE',  ( 221.5000000000000284, 120.4999999999999716, 4.480688495222048928 ) ) ;
#1623 = VERTEX_POINT ( 'NONE', #3010 ) ;
#1624 = ORIENTED_EDGE ( 'NONE', *, *, #1259, .T. ) ;
#1625 = AXIS2_PLACEMENT_3D ( 'NONE', #4158, #1318, #509 ) ;
#1626 = CARTESIAN_POINT ( 'NONE',  ( 1.500000000000000000, 2.500000000000007550, 4.500000000000000000 ) ) ;
#1627 = DIRECTION ( 'NONE',  ( -0.000000000000000000, -0.000000000000000000, -1.000000000000000000 ) ) ;
#1628 = EDGE_CURVE ( 'NONE', #2979, #2492, #78, .T. ) ;
#1629 = CARTESIAN_POINT ( 'NONE',  ( 110.2000000000000028, 120.4999999999999858, 4.000000000000000000 ) ) ;
#1630 = CONICAL_SURFACE ( 'NONE', #2233, 0.7999999999999951594, 1.029744258676650981 ) ;
#1631 = EDGE_LOOP ( 'NONE', ( #4082, #1800, #4207 ) ) ;
#1632 = DIRECTION ( 'NONE',  ( 0.7071067811865219266, -0.000000000000000000, 0.7071067811865731079 ) ) ;
#1633 = EDGE_CURVE ( 'NONE', #256, #4357, #1113, .T. ) ;
#1634 = AXIS2_PLACEMENT_3D ( 'NONE', #696, #47, #3946 ) ;
#1635 = CYLINDRICAL_SURFACE ( 'NONE', #1310, 1.500000000000001332 ) ;
#1636 = AXIS2_PLACEMENT_3D ( 'NONE', #2176, #1476, #1122 ) ;
#1637 = ORIENTED_EDGE ( 'NONE', *, *, #4426, .F. ) ;
#1638 = DIRECTION ( 'NONE',  ( -1.000000000000000000, 0.000000000000000000, 0.000000000000000000 ) ) ;
#1639 = EDGE_CURVE ( 'NONE', #3409, #1750, #2937, .T. ) ;
#1640 = ORIENTED_EDGE ( 'NONE', *, *, #1919, .F. ) ;
#1641 = CARTESIAN_POINT ( 'NONE',  ( 332.5000000000000000, 120.5000000000000000, 5.700000000000045475 ) ) ;
#1642 = ORIENTED_EDGE ( 'NONE', *, *, #1503, .T. ) ;
#1643 = DIRECTION ( 'NONE',  ( -1.000000000000000000, 0.000000000000000000, 0.000000000000000000 ) ) ;
#1644 = CARTESIAN_POINT ( 'NONE',  ( -2.315998030877886663E-14, 101.7999999999998977, 6.000000000000000000 ) ) ;
#1645 = ORIENTED_EDGE ( 'NONE', *, *, #4546, .F. ) ;
#1646 = ORIENTED_EDGE ( 'NONE', *, *, #3067, .F. ) ;
#1647 = DIRECTION ( 'NONE',  ( -0.000000000000000000, -0.000000000000000000, 1.000000000000000000 ) ) ;
#1648 = LINE ( 'NONE', #4602, #2240 ) ;
#1649 = DIRECTION ( 'NONE',  ( 0.000000000000000000, -0.000000000000000000, 1.000000000000000000 ) ) ;
#1650 = EDGE_CURVE ( 'NONE', #4506, #4242, #4064, .T. ) ;
#1651 = ORIENTED_EDGE ( 'NONE', *, *, #2325, .F. ) ;
#1652 = DIRECTION ( 'NONE',  ( 0.000000000000000000, 1.000000000000000000, 0.000000000000000000 ) ) ;
#1653 = ORIENTED_EDGE ( 'NONE', *, *, #582, .F. ) ;
#1654 = PLANE ( 'NONE',  #3209 ) ;
#1655 = DIRECTION ( 'NONE',  ( -1.000000000000000000, 0.000000000000000000, 0.000000000000000000 ) ) ;
#1656 = ADVANCED_FACE ( 'NONE', ( #4041 ), #4095, .T. ) ;
#1657 = CYLINDRICAL_SURFACE ( 'NONE', #1980, 1.500000000000001332 ) ;
#1658 = ORIENTED_EDGE ( 'NONE', *, *, #3640, .T. ) ;
#1659 = LINE ( 'NONE', #2404, #939 ) ;
#1660 = EDGE_CURVE ( 'NONE', #2747, #3877, #4014, .T. ) ;
#1661 = ORIENTED_EDGE ( 'NONE', *, *, #4523, .F. ) ;
#1662 = CARTESIAN_POINT ( 'NONE',  ( 110.1999999999999886, 3.000000000000002665, 4.000000000000000000 ) ) ;
#1663 = CARTESIAN_POINT ( 'NONE',  ( 2.200000000000005951, 120.5000000000000000, 0.000000000000000000 ) ) ;
#1664 = PLANE ( 'NONE',  #2977 ) ;
#1665 = EDGE_CURVE ( 'NONE', #1750, #1529, #2668, .T. ) ;
#1666 = EDGE_LOOP ( 'NONE', ( #2358, #3985, #4008, #4362 ) ) ;
#1667 = ORIENTED_EDGE ( 'NONE', *, *, #2296, .T. ) ;
#1668 = DIRECTION ( 'NONE',  ( 1.000000000000000000, 1.387778780781444413E-14, 0.000000000000000000 ) ) ;
#1669 = AXIS2_PLACEMENT_3D ( 'NONE', #4584, #299, #2797 ) ;
#1670 = DIRECTION ( 'NONE',  ( -1.000000000000000000, 0.000000000000000000, 0.000000000000000000 ) ) ;
#1671 = CARTESIAN_POINT ( 'NONE',  ( 329.5000000000000000, 3.000000000000000000, 5.700000000000045475 ) ) ;
#1672 = CIRCLE ( 'NONE', #4319, 1.499999999999987566 ) ;
#1673 = VERTEX_POINT ( 'NONE', #1931 ) ;
#1674 = VERTEX_POINT ( 'NONE', #1192 ) ;
#1675 = LINE ( 'NONE', #2032, #3940 ) ;
#1676 = FACE_OUTER_BOUND ( 'NONE', #2008, .T. ) ;
#1677 = AXIS2_PLACEMENT_3D ( 'NONE', #3306, #759, #695 ) ;
#1678 = CARTESIAN_POINT ( 'NONE',  ( 329.5000000000000000, 120.4999999999999574, 4.000000000000000000 ) ) ;
#1679 = VECTOR ( 'NONE', #715, 1000.000000000000114 ) ;
#1680 = CARTESIAN_POINT ( 'NONE',  ( 2.200000000000011280, 61.74999999999998579, -1.457329690985347238E-15 ) ) ;
#1681 = EDGE_LOOP ( 'NONE', ( #2692, #2688, #1658, #437 ) ) ;
#1682 = CARTESIAN_POINT ( 'NONE',  ( 2.200000000000004174, 3.000000000000000000, 4.000000000000000000 ) ) ;
#1683 = EDGE_CURVE ( 'NONE', #1892, #1979, #2827, .T. ) ;
#1684 = VERTEX_POINT ( 'NONE', #818 ) ;
#1685 = DIRECTION ( 'NONE',  ( 1.000000000000000000, 0.000000000000000000, 0.000000000000000000 ) ) ;
#1686 = DIRECTION ( 'NONE',  ( -0.000000000000000000, -0.000000000000000000, 1.000000000000000000 ) ) ;
#1687 = ADVANCED_FACE ( 'NONE', ( #2198 ), #3647, .T. ) ;
#1688 = VECTOR ( 'NONE', #12, 1000.000000000000000 ) ;
#1689 = CONICAL_SURFACE ( 'NONE', #3438, 1.700000000000034817, 0.7853981633974685961 ) ;
#1690 = ORIENTED_EDGE ( 'NONE', *, *, #1134, .F. ) ;
#1691 = ORIENTED_EDGE ( 'NONE', *, *, #973, .F. ) ;
#1692 = DIRECTION ( 'NONE',  ( 0.000000000000000000, 0.000000000000000000, -1.000000000000000000 ) ) ;
#1693 = VECTOR ( 'NONE', #1937, 1000.000000000000000 ) ;
#1694 = CARTESIAN_POINT ( 'NONE',  ( 3.700000000000050804, 4.167842117606672050E-16, 6.000000000000000000 ) ) ;
#1695 = ADVANCED_FACE ( 'NONE', ( #465 ), #1907, .F. ) ;
#1696 = DIRECTION ( 'NONE',  ( 1.000000000000000000, 0.000000000000000000, 0.000000000000000000 ) ) ;
#1697 = CIRCLE ( 'NONE', #3599, 1.500000000000015099 ) ;
#1698 = ORIENTED_EDGE ( 'NONE', *, *, #4598, .F. ) ;
#1699 = CARTESIAN_POINT ( 'NONE',  ( 267.5000000000000000, 117.5000000000000000, 5.700000000000045475 ) ) ;
#1700 = ORIENTED_EDGE ( 'NONE', *, *, #2964, .F. ) ;
#1701 = CARTESIAN_POINT ( 'NONE',  ( 299.5000000000000568, 106.4000000000000341, 6.000000000000000000 ) ) ;
#1702 = CARTESIAN_POINT ( 'NONE',  ( 110.9999999999999858, 3.000000000000002665, 4.500000000000000000 ) ) ;
#1703 = CIRCLE ( 'NONE', #489, 2.299999999999968736 ) ;
#1704 = CARTESIAN_POINT ( 'NONE',  ( 328.0000000000000000, 2.999999999999975131, 4.500000000000000000 ) ) ;
#1705 = ORIENTED_EDGE ( 'NONE', *, *, #4661, .F. ) ;
#1706 = ORIENTED_EDGE ( 'NONE', *, *, #4230, .T. ) ;
#1707 = CARTESIAN_POINT ( 'NONE',  ( 269.5000000000000000, 101.5000000000000000, -59.10031446463138138 ) ) ;
#1708 = DIRECTION ( 'NONE',  ( -0.8571673007021112234, 0.000000000000000000, -0.5150380749100560429 ) ) ;
#1709 = ORIENTED_EDGE ( 'NONE', *, *, #3482, .F. ) ;
#1710 = ADVANCED_FACE ( 'NONE', ( #1842 ), #3297, .F. ) ;
#1711 = DIRECTION ( 'NONE',  ( 0.000000000000000000, -0.000000000000000000, -1.000000000000000000 ) ) ;
#1712 = VECTOR ( 'NONE', #958, 1000.000000000000114 ) ;
#1713 = CARTESIAN_POINT ( 'NONE',  ( 112.5000000000000000, 120.4999999999999858, 11.20820393249943692 ) ) ;
#1714 = ORIENTED_EDGE ( 'NONE', *, *, #3993, .T. ) ;
#1715 = ORIENTED_EDGE ( 'NONE', *, *, #764, .F. ) ;
#1716 = EDGE_CURVE ( 'NONE', #4657, #4481, #844, .T. ) ;
#1717 = CARTESIAN_POINT ( 'NONE',  ( 265.5000000000000000, 117.5000000000000000, 6.000000000000000000 ) ) ;
#1718 = CARTESIAN_POINT ( 'NONE',  ( 0.000000000000000000, 0.000000000000000000, 4.500000000000000000 ) ) ;
#1719 = CARTESIAN_POINT ( 'NONE',  ( 326.5000000000000000, 2.999999999999975131, 4.500000000000000000 ) ) ;
#1720 = CARTESIAN_POINT ( 'NONE',  ( 299.5000000000000568, 108.1999999999999886, 6.000000000000000000 ) ) ;
#1721 = EDGE_CURVE ( 'NONE', #801, #3199, #1487, .T. ) ;
#1722 = ORIENTED_EDGE ( 'NONE', *, *, #2575, .T. ) ;
#1723 = DIRECTION ( 'NONE',  ( 0.000000000000000000, 0.000000000000000000, -1.000000000000000000 ) ) ;
#1724 = VERTEX_POINT ( 'NONE', #3740 ) ;
#1725 = CARTESIAN_POINT ( 'NONE',  ( 301.0000000000000568, 113.0000000000000000, 4.499999999999998224 ) ) ;
#1726 = CARTESIAN_POINT ( 'NONE',  ( 329.5000000000000000, 61.74999999999998579, 4.500000000000000000 ) ) ;
#1727 = DIRECTION ( 'NONE',  ( -0.000000000000000000, 0.000000000000000000, 1.000000000000000000 ) ) ;
#1728 = ORIENTED_EDGE ( 'NONE', *, *, #2579, .T. ) ;
#1729 = DIRECTION ( 'NONE',  ( 0.000000000000000000, 0.000000000000000000, -1.000000000000000000 ) ) ;
#1730 = CYLINDRICAL_SURFACE ( 'NONE', #3454, 0.7999999999999951594 ) ;
#1731 = FACE_OUTER_BOUND ( 'NONE', #2814, .T. ) ;
#1732 = DIRECTION ( 'NONE',  ( 1.000000000000000000, 0.000000000000000000, 0.000000000000000000 ) ) ;
#1733 = PRODUCT_DEFINITION ( 'UNKNOWN', '', #1934, #1030 ) ;
#1734 = ORIENTED_EDGE ( 'NONE', *, *, #1650, .F. ) ;
#1735 = ORIENTED_EDGE ( 'NONE', *, *, #1919, .T. ) ;
#1736 = DIRECTION ( 'NONE',  ( 0.000000000000000000, 0.000000000000000000, -1.000000000000000000 ) ) ;
#1737 = DIRECTION ( 'NONE',  ( 1.000000000000000000, 0.000000000000000000, 0.000000000000000000 ) ) ;
#1738 = DIRECTION ( 'NONE',  ( 0.000000000000000000, 0.000000000000000000, -1.000000000000000000 ) ) ;
#1739 = ADVANCED_FACE ( 'NONE', ( #488 ), #3389, .F. ) ;
#1740 = VERTEX_POINT ( 'NONE', #564 ) ;
#1741 = CARTESIAN_POINT ( 'NONE',  ( 275.8000000000000682, 108.1999999999999886, 4.500000000000000000 ) ) ;
#1742 = VERTEX_POINT ( 'NONE', #2011 ) ;
#1743 = CARTESIAN_POINT ( 'NONE',  ( 3.000000000000001332, 61.74999999999998579, 4.500000000000000000 ) ) ;
#1744 = FACE_OUTER_BOUND ( 'NONE', #1096, .T. ) ;
#1745 = ADVANCED_FACE ( 'NONE', ( #947 ), #1654, .T. ) ;
#1746 = CIRCLE ( 'NONE', #916, 1.500000000000015099 ) ;
#1747 = DIRECTION ( 'NONE',  ( -1.000000000000000000, 0.000000000000000000, 0.000000000000000000 ) ) ;
#1748 = VECTOR ( 'NONE', #4253, 1000.000000000000000 ) ;
#1749 = CARTESIAN_POINT ( 'NONE',  ( 329.5000000000000000, 3.000000000000000000, 0.000000000000000000 ) ) ;
#1750 = VERTEX_POINT ( 'NONE', #2034 ) ;
#1751 = DIRECTION ( 'NONE',  ( -1.000000000000000000, 0.000000000000000000, 0.000000000000000000 ) ) ;
#1752 = EDGE_CURVE ( 'NONE', #3544, #3121, #1760, .T. ) ;
#1753 = CARTESIAN_POINT ( 'NONE',  ( 329.5000000000000000, 0.000000000000000000, 4.500000000000000000 ) ) ;
#1754 = AXIS2_PLACEMENT_3D ( 'NONE', #1935, #3392, #4467 ) ;
#1755 = CARTESIAN_POINT ( 'NONE',  ( 4.000000000000000888, 119.5000000000000000, 6.000000000000000000 ) ) ;
#1756 = CARTESIAN_POINT ( 'NONE',  ( 301.3000000000000114, 108.1999999999999886, 6.000000000000000000 ) ) ;
#1757 = VECTOR ( 'NONE', #3837, 1000.000000000000000 ) ;
#1758 = DIRECTION ( 'NONE',  ( 1.000000000000000000, 0.000000000000000000, 0.000000000000000000 ) ) ;
#1759 = CARTESIAN_POINT ( 'NONE',  ( 111.7999999999999829, 3.000000000000002665, 4.000000000000000000 ) ) ;
#1760 = CIRCLE ( 'NONE', #2371, 2.000000000000001776 ) ;
#1761 = ORIENTED_EDGE ( 'NONE', *, *, #431, .F. ) ;
#1762 = ORIENTED_EDGE ( 'NONE', *, *, #4515, .T. ) ;
#1763 = DIRECTION ( 'NONE',  ( 0.000000000000000000, 0.000000000000000000, -1.000000000000000000 ) ) ;
#1764 = CARTESIAN_POINT ( 'NONE',  ( 275.8000000000000682, 114.5000000000000000, -0.001000000000000132727 ) ) ;
#1765 = VECTOR ( 'NONE', #3247, 1000.000000000000000 ) ;
#1766 = VECTOR ( 'NONE', #2811, 1000.000000000000000 ) ;
#1767 = LINE ( 'NONE', #4603, #3443 ) ;
#1768 = AXIS2_PLACEMENT_3D ( 'NONE', #2817, #2433, #3602 ) ;
#1769 = VECTOR ( 'NONE', #2883, 1000.000000000000000 ) ;
#1770 = VERTEX_POINT ( 'NONE', #2396 ) ;
#1771 = EDGE_CURVE ( 'NONE', #2249, #3407, #701, .T. ) ;
#1772 = FACE_BOUND ( 'NONE', #1077, .T. ) ;
#1773 = ORIENTED_EDGE ( 'NONE', *, *, #1253, .T. ) ;
#1774 = CARTESIAN_POINT ( 'NONE',  ( 3.000000000000000000, 0.000000000000000000, 5.700000000000045475 ) ) ;
#1775 = DIRECTION ( 'NONE',  ( -0.000000000000000000, 0.000000000000000000, 1.000000000000000000 ) ) ;
#1776 = AXIS2_PLACEMENT_3D ( 'NONE', #490, #3672, #1932 ) ;
#1777 = EDGE_CURVE ( 'NONE', #3259, #3831, #770, .T. ) ;
#1778 = CYLINDRICAL_SURFACE ( 'NONE', #3129, 1.500000000000001332 ) ;
#1779 = EDGE_LOOP ( 'NONE', ( #181, #2775, #666, #839 ) ) ;
#1780 = DIRECTION ( 'NONE',  ( 0.000000000000000000, 0.000000000000000000, -1.000000000000000000 ) ) ;
#1781 = CARTESIAN_POINT ( 'NONE',  ( 326.5000000000000000, 4.000000000000003553, 5.700000000000041922 ) ) ;
#1782 = EDGE_CURVE ( 'NONE', #227, #212, #894, .T. ) ;
#1783 = CARTESIAN_POINT ( 'NONE',  ( 3.000000000000001332, 61.74999999999998579, 4.000000000000000000 ) ) ;
#1784 = LINE ( 'NONE', #2523, #1769 ) ;
#1785 = VECTOR ( 'NONE', #3760, 1000.000000000000000 ) ;
#1786 = ORIENTED_EDGE ( 'NONE', *, *, #906, .T. ) ;
#1787 = ORIENTED_EDGE ( 'NONE', *, *, #2938, .F. ) ;
#1788 = STYLED_ITEM ( 'NONE', ( #1280 ), #4680 ) ;
#1789 = DIRECTION ( 'NONE',  ( -0.000000000000000000, -0.000000000000000000, -1.000000000000000000 ) ) ;
#1790 = CARTESIAN_POINT ( 'NONE',  ( 26.80000000000000426, 103.5000000000000000, 5.700000000000045475 ) ) ;
#1791 = PLANE ( 'NONE',  #398 ) ;
#1792 = LINE ( 'NONE', #767, #4612 ) ;
#1793 = PLANE ( 'NONE',  #3732 ) ;
#1794 = ADVANCED_FACE ( 'NONE', ( #605 ), #1293, .F. ) ;
#1795 = CARTESIAN_POINT ( 'NONE',  ( 0.000000000000000000, 0.000000000000000000, 4.500000000000000000 ) ) ;
#1796 = VERTEX_POINT ( 'NONE', #1954 ) ;
#1797 = FACE_OUTER_BOUND ( 'NONE', #323, .T. ) ;
#1798 = CARTESIAN_POINT ( 'NONE',  ( 107.9999999999999716, 1.500000000000056843, 11.20820393249943692 ) ) ;
#1799 = EDGE_CURVE ( 'NONE', #3699, #4132, #2832, .T. ) ;
#1800 = ORIENTED_EDGE ( 'NONE', *, *, #1879, .T. ) ;
#1801 = LINE ( 'NONE', #2167, #1296 ) ;
#1802 = CARTESIAN_POINT ( 'NONE',  ( 4.000000000000014211, 4.000000000000000000, 4.500000000000000000 ) ) ;
#1803 = EDGE_CURVE ( 'NONE', #2194, #2728, #3653, .T. ) ;
#1804 = EDGE_LOOP ( 'NONE', ( #1818, #3283, #2172, #2116 ) ) ;
#1805 = ORIENTED_EDGE ( 'NONE', *, *, #4166, .F. ) ;
#1806 = FACE_OUTER_BOUND ( 'NONE', #3571, .T. ) ;
#1807 = CARTESIAN_POINT ( 'NONE',  ( 329.5000000000000000, 58.75000000000001421, 0.000000000000000000 ) ) ;
#1808 = DIRECTION ( 'NONE',  ( -0.000000000000000000, -0.000000000000000000, -1.000000000000000000 ) ) ;
#1809 = ORIENTED_EDGE ( 'NONE', *, *, #4022, .F. ) ;
#1810 = DIRECTION ( 'NONE',  ( -0.000000000000000000, -0.000000000000000000, -1.000000000000000000 ) ) ;
#1811 = CARTESIAN_POINT ( 'NONE',  ( 2.500000000000007550, 122.0000000000000000, 4.500000000000000000 ) ) ;
#1812 = AXIS2_PLACEMENT_3D ( 'NONE', #1032, #714, #2478 ) ;
#1813 = FACE_OUTER_BOUND ( 'NONE', #3845, .T. ) ;
#1814 = CONICAL_SURFACE ( 'NONE', #4688, 2.299999999999968736, 0.7853981633974742582 ) ;
#1815 = DIRECTION ( 'NONE',  ( 0.7071067811865332509, 0.000000000000000000, -0.7071067811865618946 ) ) ;
#1816 = DIRECTION ( 'NONE',  ( 0.000000000000000000, -0.000000000000000000, -1.000000000000000000 ) ) ;
#1817 = ORIENTED_EDGE ( 'NONE', *, *, #3488, .T. ) ;
#1818 = ORIENTED_EDGE ( 'NONE', *, *, #2513, .F. ) ;
#1819 = VECTOR ( 'NONE', #2887, 1000.000000000000000 ) ;
#1820 = EDGE_CURVE ( 'NONE', #2619, #2108, #2323, .T. ) ;
#1821 = CARTESIAN_POINT ( 'NONE',  ( 221.5000000000000000, 3.000000000000002665, -1.457329690985347238E-15 ) ) ;
#1822 = DIRECTION ( 'NONE',  ( -0.000000000000000000, -0.000000000000000000, 1.000000000000000000 ) ) ;
#1823 = CIRCLE ( 'NONE', #538, 2.000000000000001776 ) ;
#1824 = ORIENTED_EDGE ( 'NONE', *, *, #3587, .F. ) ;
#1825 = ORIENTED_EDGE ( 'NONE', *, *, #1084, .F. ) ;
#1826 = VECTOR ( 'NONE', #4167, 1000.000000000000000 ) ;
#1827 = ADVANCED_FACE ( 'NONE', ( #1580 ), #1982, .F. ) ;
#1828 = DIRECTION ( 'NONE',  ( 0.000000000000000000, 0.000000000000000000, -1.000000000000000000 ) ) ;
#1829 = CARTESIAN_POINT ( 'NONE',  ( 332.5000000000000000, 3.000000000000000000, 0.000000000000000000 ) ) ;
#1830 = CARTESIAN_POINT ( 'NONE',  ( 26.80000000000000426, 117.5000000000000000, 4.499999999999997335 ) ) ;
#1831 = VECTOR ( 'NONE', #3558, 1000.000000000000000 ) ;
#1832 = ORIENTED_EDGE ( 'NONE', *, *, #3743, .T. ) ;
#1833 = ORIENTED_EDGE ( 'NONE', *, *, #4685, .T. ) ;
#1834 = DIRECTION ( 'NONE',  ( 1.000000000000000000, 1.734723475976805517E-15, 0.000000000000000000 ) ) ;
#1835 = CIRCLE ( 'NONE', #626, 1.500000000000056843 ) ;
#1836 = ADVANCED_FACE ( 'NONE', ( #4513 ), #1325, .F. ) ;
#1837 = DIRECTION ( 'NONE',  ( 0.000000000000000000, 0.000000000000000000, -1.000000000000000000 ) ) ;
#1838 = CIRCLE ( 'NONE', #250, 3.000000000000000000 ) ;
#1839 = FACE_OUTER_BOUND ( 'NONE', #2905, .T. ) ;
#1840 = AXIS2_PLACEMENT_3D ( 'NONE', #4136, #4509, #3781 ) ;
#1841 = VECTOR ( 'NONE', #3045, 1000.000000000000000 ) ;
#1842 = FACE_OUTER_BOUND ( 'NONE', #555, .T. ) ;
#1843 = CIRCLE ( 'NONE', #1397, 1.500000000000001332 ) ;
#1844 = CARTESIAN_POINT ( 'NONE',  ( 222.3000000000000114, 3.000000000000002665, 0.000000000000000000 ) ) ;
#1845 = DIRECTION ( 'NONE',  ( -0.8571673007021105573, 0.000000000000000000, -0.5150380749100571531 ) ) ;
#1846 = DIRECTION ( 'NONE',  ( -0.000000000000000000, 0.000000000000000000, 1.000000000000000000 ) ) ;
#1847 = ADVANCED_FACE ( 'NONE', ( #4190 ), #627, .F. ) ;
#1848 = ORIENTED_EDGE ( 'NONE', *, *, #1213, .T. ) ;
#1849 = LINE ( 'NONE', #2175, #2059 ) ;
#1850 = DIRECTION ( 'NONE',  ( 0.000000000000000000, -0.7071067811865567876, -0.7071067811865383579 ) ) ;
#1851 = CIRCLE ( 'NONE', #4498, 1.500000000000001332 ) ;
#1852 = DIRECTION ( 'NONE',  ( 0.000000000000000000, 0.000000000000000000, -1.000000000000000000 ) ) ;
#1853 = DIRECTION ( 'NONE',  ( -1.000000000000000000, 0.000000000000000000, 0.000000000000000000 ) ) ;
#1854 = ADVANCED_FACE ( 'NONE', ( #3059 ), #3834, .T. ) ;
#1855 = AXIS2_PLACEMENT_3D ( 'NONE', #581, #4579, #2463 ) ;
#1856 = ORIENTED_EDGE ( 'NONE', *, *, #726, .F. ) ;
#1857 = FACE_OUTER_BOUND ( 'NONE', #2348, .T. ) ;
#1858 = AXIS2_PLACEMENT_3D ( 'NONE', #1164, #1568, #136 ) ;
#1859 = DIRECTION ( 'NONE',  ( -0.000000000000000000, -0.000000000000000000, -1.000000000000000000 ) ) ;
#1860 = ADVANCED_FACE ( 'NONE', ( #1676 ), #1271, .F. ) ;
#1861 = CARTESIAN_POINT ( 'NONE',  ( 3.000000000000000444, 119.0000000000000000, 4.500000000000000000 ) ) ;
#1862 = CARTESIAN_POINT ( 'NONE',  ( 332.2000000000000455, 3.000000000000000000, 6.000000000000000000 ) ) ;
#1863 = EDGE_CURVE ( 'NONE', #2270, #2108, #2146, .T. ) ;
#1864 = ORIENTED_EDGE ( 'NONE', *, *, #3382, .F. ) ;
#1865 = VERTEX_POINT ( 'NONE', #3580 ) ;
#1866 = CARTESIAN_POINT ( 'NONE',  ( 328.0000000000000000, 61.74999999999998579, 0.000000000000000000 ) ) ;
#1867 = EDGE_LOOP ( 'NONE', ( #1875, #1691, #2065, #3440, #4442, #1805, #4488, #279, #4143, #2365, #3429, #3398, #3913, #4154, #2076, #2655 ) ) ;
#1868 = DIRECTION ( 'NONE',  ( -1.000000000000000000, 0.000000000000000000, 0.000000000000000000 ) ) ;
#1869 = EDGE_LOOP ( 'NONE', ( #1255, #2020 ) ) ;
#1870 = ORIENTED_EDGE ( 'NONE', *, *, #1314, .T. ) ;
#1871 = LINE ( 'NONE', #477, #311 ) ;
#1872 = LINE ( 'NONE', #3351, #2549 ) ;
#1873 = FACE_OUTER_BOUND ( 'NONE', #1911, .T. ) ;
#1874 = LINE ( 'NONE', #2264, #2299 ) ;
#1875 = ORIENTED_EDGE ( 'NONE', *, *, #117, .F. ) ;
#1876 = VERTEX_POINT ( 'NONE', #1774 ) ;
#1877 = FACE_BOUND ( 'NONE', #2783, .T. ) ;
#1878 = CARTESIAN_POINT ( 'NONE',  ( 24.80000000000000426, 101.5000000000000000, 5.700000000000045475 ) ) ;
#1879 = EDGE_CURVE ( 'NONE', #3161, #2331, #3661, .T. ) ;
#1880 = ORIENTED_EDGE ( 'NONE', *, *, #2366, .F. ) ;
#1881 = DIRECTION ( 'NONE',  ( 0.000000000000000000, -0.000000000000000000, -1.000000000000000000 ) ) ;
#1882 = DIRECTION ( 'NONE',  ( -1.000000000000000000, 0.000000000000000000, 0.000000000000000000 ) ) ;
#1883 = EDGE_CURVE ( 'NONE', #4357, #1207, #3354, .T. ) ;
#1884 = CARTESIAN_POINT ( 'NONE',  ( 0.000000000000000000, 3.000000000000000000, 5.700000000000045475 ) ) ;
#1885 = VERTEX_POINT ( 'NONE', #1701 ) ;
#1886 = VECTOR ( 'NONE', #1016, 1000.000000000000000 ) ;
#1887 = DIRECTION ( 'NONE',  ( 0.000000000000000000, -1.000000000000000000, 0.000000000000000000 ) ) ;
#1888 = EDGE_CURVE ( 'NONE', #4111, #1595, #324, .T. ) ;
#1889 = ORIENTED_EDGE ( 'NONE', *, *, #1129, .T. ) ;
#1890 = PLANE ( 'NONE',  #1467 ) ;
#1891 = VECTOR ( 'NONE', #4482, 1000.000000000000000 ) ;
#1892 = VERTEX_POINT ( 'NONE', #4586 ) ;
#1893 = CARTESIAN_POINT ( 'NONE',  ( 2.200000000000008171, 3.000000000000000000, 0.000000000000000000 ) ) ;
#1894 = DIRECTION ( 'NONE',  ( 1.000000000000000000, 0.000000000000000000, -0.000000000000000000 ) ) ;
#1895 = DIRECTION ( 'NONE',  ( -1.000000000000000000, 0.000000000000000000, 0.000000000000000000 ) ) ;
#1896 = FACE_OUTER_BOUND ( 'NONE', #2490, .T. ) ;
#1897 = AXIS2_PLACEMENT_3D ( 'NONE', #1491, #4019, #4444 ) ;
#1898 = ORIENTED_EDGE ( 'NONE', *, *, #3555, .T. ) ;
#1899 = ORIENTED_EDGE ( 'NONE', *, *, #4075, .T. ) ;
#1900 = PLANE ( 'NONE',  #4617 ) ;
#1901 = CARTESIAN_POINT ( 'NONE',  ( 0.000000000000000000, 0.000000000000000000, 4.500000000000000000 ) ) ;
#1902 = ORIENTED_EDGE ( 'NONE', *, *, #2325, .T. ) ;
#1903 = ORIENTED_EDGE ( 'NONE', *, *, #3133, .T. ) ;
#1904 = AXIS2_PLACEMENT_3D ( 'NONE', #2111, #1727, #3912 ) ;
#1905 = CARTESIAN_POINT ( 'NONE',  ( 24.80000000000000426, 101.7999999999999545, 6.000000000000000000 ) ) ;
#1906 = EDGE_CURVE ( 'NONE', #2401, #1263, #1984, .T. ) ;
#1907 = CYLINDRICAL_SURFACE ( 'NONE', #4552, 1.500000000000001332 ) ;
#1908 = CARTESIAN_POINT ( 'NONE',  ( 3.000000000000000000, 3.000000000000000000, 6.000000000000000000 ) ) ;
#1909 = VECTOR ( 'NONE', #4608, 1000.000000000000000 ) ;
#1910 = VECTOR ( 'NONE', #269, 1000.000000000000000 ) ;
#1911 = EDGE_LOOP ( 'NONE', ( #1490, #766, #4445, #1351 ) ) ;
#1912 = EDGE_CURVE ( 'NONE', #1374, #2722, #4235, .T. ) ;
#1913 = ORIENTED_EDGE ( 'NONE', *, *, #2912, .T. ) ;
#1914 = AXIS2_PLACEMENT_3D ( 'NONE', #131, #1180, #2279 ) ;
#1915 = DIRECTION ( 'NONE',  ( 1.000000000000000000, 0.000000000000000000, 0.000000000000000000 ) ) ;
#1916 = ORIENTED_EDGE ( 'NONE', *, *, #1153, .F. ) ;
#1917 = CARTESIAN_POINT ( 'NONE',  ( 299.5000000000000568, 114.7999999999999545, 6.000000000000000000 ) ) ;
#1918 = AXIS2_PLACEMENT_3D ( 'NONE', #2060, #3487, #921 ) ;
#1919 = EDGE_CURVE ( 'NONE', #553, #3685, #3958, .T. ) ;
#1920 = VERTEX_POINT ( 'NONE', #4607 ) ;
#1921 = CYLINDRICAL_SURFACE ( 'NONE', #2203, 0.7999999999999951594 ) ;
#1922 = CYLINDRICAL_SURFACE ( 'NONE', #196, 1.500000000000014655 ) ;
#1923 = FACE_OUTER_BOUND ( 'NONE', #4565, .T. ) ;
#1924 = CARTESIAN_POINT ( 'NONE',  ( 111.0000000000000000, 120.4999999999999858, 0.000000000000000000 ) ) ;
#1925 = ORIENTED_EDGE ( 'NONE', *, *, #1906, .F. ) ;
#1926 = ORIENTED_EDGE ( 'NONE', *, *, #1089, .T. ) ;
#1927 = AXIS2_PLACEMENT_3D ( 'NONE', #614, #3888, #2447 ) ;
#1928 = DIRECTION ( 'NONE',  ( -0.000000000000000000, 0.7071067811865495711, 0.7071067811865455743 ) ) ;
#1929 = DIRECTION ( 'NONE',  ( 1.000000000000000000, 0.000000000000000000, 0.000000000000000000 ) ) ;
#1930 = DIRECTION ( 'NONE',  ( 0.000000000000000000, 1.000000000000000000, 0.000000000000000000 ) ) ;
#1931 = CARTESIAN_POINT ( 'NONE',  ( 109.8819660112500998, 119.5000000000000000, 4.500000000000000000 ) ) ;
#1932 = DIRECTION ( 'NONE',  ( 1.000000000000000000, 0.000000000000000000, 0.000000000000000000 ) ) ;
#1933 = EDGE_CURVE ( 'NONE', #3921, #2572, #3200, .T. ) ;
#1934 = PRODUCT_DEFINITION_FORMATION_WITH_SPECIFIED_SOURCE ( 'ANY', '', #2235, .NOT_KNOWN. ) ;
#1935 = CARTESIAN_POINT ( 'NONE',  ( 110.9999999999999858, 3.000000000000002665, 4.000000000000000000 ) ) ;
#1936 = ORIENTED_EDGE ( 'NONE', *, *, #3524, .F. ) ;
#1937 = DIRECTION ( 'NONE',  ( -0.000000000000000000, -0.000000000000000000, -1.000000000000000000 ) ) ;
#1938 = ADVANCED_FACE ( 'NONE', ( #3227 ), #4658, .F. ) ;
#1939 = ORIENTED_EDGE ( 'NONE', *, *, #1799, .T. ) ;
#1940 = LINE ( 'NONE', #4448, #3039 ) ;
#1941 = EDGE_LOOP ( 'NONE', ( #1245, #2033, #3714, #109 ) ) ;
#1942 = CYLINDRICAL_SURFACE ( 'NONE', #2703, 3.000000000000000000 ) ;
#1943 = DIRECTION ( 'NONE',  ( 1.000000000000000000, 2.275047181608928137E-16, 0.000000000000000000 ) ) ;
#1944 = EDGE_CURVE ( 'NONE', #516, #1008, #2569, .T. ) ;
#1945 = DIRECTION ( 'NONE',  ( -0.000000000000000000, -0.000000000000000000, -1.000000000000000000 ) ) ;
#1946 = ORIENTED_EDGE ( 'NONE', *, *, #544, .F. ) ;
#1947 = CARTESIAN_POINT ( 'NONE',  ( 111.0000000000000000, 120.4999999999999858, 4.000000000000000000 ) ) ;
#1948 = DIRECTION ( 'NONE',  ( -0.000000000000000000, -0.000000000000000000, -1.000000000000000000 ) ) ;
#1949 = ORIENTED_EDGE ( 'NONE', *, *, #4452, .T. ) ;
#1950 = EDGE_CURVE ( 'NONE', #3807, #623, #1838, .T. ) ;
#1951 = CARTESIAN_POINT ( 'NONE',  ( 220.0000000000000000, 3.000000000000030198, 11.20820393249943692 ) ) ;
#1952 = ORIENTED_EDGE ( 'NONE', *, *, #3972, .T. ) ;
#1953 = ORIENTED_EDGE ( 'NONE', *, *, #2014, .F. ) ;
#1954 = CARTESIAN_POINT ( 'NONE',  ( 6.000000000000013323, 4.000000000000000000, 4.500000000000000000 ) ) ;
#1955 = CARTESIAN_POINT ( 'NONE',  ( 328.5000000000000000, 6.000000000000003553, 6.000000000000000000 ) ) ;
#1956 = CARTESIAN_POINT ( 'NONE',  ( 3.000000000000000000, 61.74999999999998579, 4.480688495222048928 ) ) ;
#1957 = EDGE_LOOP ( 'NONE', ( #4594, #1898, #3635, #3816, #592, #935, #4649, #1949 ) ) ;
#1958 = DIRECTION ( 'NONE',  ( 0.000000000000000000, 0.000000000000000000, -1.000000000000000000 ) ) ;
#1959 = AXIS2_PLACEMENT_3D ( 'NONE', #8, #387, #1834 ) ;
#1960 = EDGE_LOOP ( 'NONE', ( #2357, #3533, #339, #401 ) ) ;
#1961 = EDGE_CURVE ( 'NONE', #3509, #2740, #1462, .T. ) ;
#1962 = DIRECTION ( 'NONE',  ( 1.000000000000000000, 0.000000000000000000, 0.000000000000000000 ) ) ;
#1963 = ORIENTED_EDGE ( 'NONE', *, *, #1820, .F. ) ;
#1964 = DIRECTION ( 'NONE',  ( 0.000000000000000000, 0.000000000000000000, -1.000000000000000000 ) ) ;
#1965 = LINE ( 'NONE', #2311, #3057 ) ;
#1966 = CIRCLE ( 'NONE', #2650, 0.7999999999999986011 ) ;
#1967 = CARTESIAN_POINT ( 'NONE',  ( 328.6999999999999886, 120.4999999999999574, 0.000000000000000000 ) ) ;
#1968 = ORIENTED_EDGE ( 'NONE', *, *, #1171, .F. ) ;
#1969 = VERTEX_POINT ( 'NONE', #3308 ) ;
#1970 = ORIENTED_EDGE ( 'NONE', *, *, #111, .F. ) ;
#1971 = ADVANCED_FACE ( 'NONE', ( #2439 ), #4100, .F. ) ;
#1972 = CIRCLE ( 'NONE', #3866, 1.500000000000001332 ) ;
#1973 = CARTESIAN_POINT ( 'NONE',  ( 329.5000000000000000, 120.4999999999999574, 4.480688495222048928 ) ) ;
#1974 = CARTESIAN_POINT ( 'NONE',  ( 24.80000000000000426, 101.5000000000000000, 4.499999999999997335 ) ) ;
#1975 = DIRECTION ( 'NONE',  ( 0.000000000000000000, 0.000000000000000000, -1.000000000000000000 ) ) ;
#1976 = CIRCLE ( 'NONE', #3271, 0.7999999999999899414 ) ;
#1977 = VERTEX_POINT ( 'NONE', #2468 ) ;
#1978 = ADVANCED_FACE ( 'NONE', ( #3536 ), #18, .F. ) ;
#1979 = VERTEX_POINT ( 'NONE', #1496 ) ;
#1980 = AXIS2_PLACEMENT_3D ( 'NONE', #3514, #261, #1299 ) ;
#1981 = VERTEX_POINT ( 'NONE', #1018 ) ;
#1982 = CYLINDRICAL_SURFACE ( 'NONE', #2525, 0.8000000000000229150 ) ;
#1983 = CARTESIAN_POINT ( 'NONE',  ( 220.0000000000000284, 120.5000000000000000, 4.500000000000000000 ) ) ;
#1984 = CIRCLE ( 'NONE', #1305, 1.500000000000001332 ) ;
#1985 = CONICAL_SURFACE ( 'NONE', #3358, 2.299999999999968736, 0.7853981633974657095 ) ;
#1986 = CARTESIAN_POINT ( 'NONE',  ( 111.7999999999999972, 120.4999999999999858, 4.000000000000000000 ) ) ;
#1987 = ORIENTED_EDGE ( 'NONE', *, *, #348, .F. ) ;
#1988 = FACE_OUTER_BOUND ( 'NONE', #2973, .T. ) ;
#1989 = VECTOR ( 'NONE', #1738, 1000.000000000000000 ) ;
#1990 = ORIENTED_EDGE ( 'NONE', *, *, #3678, .F. ) ;
#1991 = EDGE_LOOP ( 'NONE', ( #1787, #533, #2147 ) ) ;
#1992 = PLANE ( 'NONE',  #461 ) ;
#1993 = SURFACE_STYLE_FILL_AREA ( #2381 ) ;
#1994 = CARTESIAN_POINT ( 'NONE',  ( 328.6999999999999886, 3.000000000000000000, 0.000000000000000000 ) ) ;
#1995 = VECTOR ( 'NONE', #2578, 1000.000000000000114 ) ;
#1996 = EDGE_CURVE ( 'NONE', #2201, #3290, #2948, .T. ) ;
#1997 = ORIENTED_EDGE ( 'NONE', *, *, #1961, .T. ) ;
#1998 = VERTEX_POINT ( 'NONE', #257 ) ;
#1999 = APPLICATION_CONTEXT ( 'automotive_design' ) ;
#2000 = ORIENTED_EDGE ( 'NONE', *, *, #4546, .T. ) ;
#2001 = VECTOR ( 'NONE', #1556, 1000.000000000000000 ) ;
#2002 = CARTESIAN_POINT ( 'NONE',  ( 3.000000000000000000, 120.5000000000000000, 0.000000000000000000 ) ) ;
#2003 = DIRECTION ( 'NONE',  ( -1.000000000000000000, -0.000000000000000000, -0.000000000000000000 ) ) ;
#2004 = CARTESIAN_POINT ( 'NONE',  ( 0.000000000000000000, 120.5000000000000000, 5.700000000000045475 ) ) ;
#2005 = EDGE_CURVE ( 'NONE', #2393, #1100, #659, .T. ) ;
#2006 = VECTOR ( 'NONE', #3401, 1000.000000000000000 ) ;
#2007 = VERTEX_POINT ( 'NONE', #301 ) ;
#2008 = EDGE_LOOP ( 'NONE', ( #4178, #3139, #3679, #2339 ) ) ;
#2009 = DIRECTION ( 'NONE',  ( 1.000000000000000000, 0.000000000000000000, 0.000000000000000000 ) ) ;
#2010 = EDGE_LOOP ( 'NONE', ( #1350, #892, #2798, #1093 ) ) ;
#2011 = CARTESIAN_POINT ( 'NONE',  ( 5.999999999999976019, 1.500000000000112355, 0.000000000000000000 ) ) ;
#2012 = AXIS2_PLACEMENT_3D ( 'NONE', #1170, #1948, #530 ) ;
#2013 = CARTESIAN_POINT ( 'NONE',  ( 326.4999999999998863, 4.000000000000003553, 4.500000000000000000 ) ) ;
#2014 = EDGE_CURVE ( 'NONE', #2271, #3641, #4020, .T. ) ;
#2015 = AXIS2_PLACEMENT_3D ( 'NONE', #115, #2262, #428 ) ;
#2016 = CARTESIAN_POINT ( 'NONE',  ( 3.000000000000000000, 3.000000000000000000, 5.700000000000045475 ) ) ;
#2017 = VERTEX_POINT ( 'NONE', #4286 ) ;
#2018 = DIRECTION ( 'NONE',  ( -0.000000000000000000, 0.000000000000000000, 1.000000000000000000 ) ) ;
#2019 = EDGE_CURVE ( 'NONE', #199, #180, #2714, .T. ) ;
#2020 = ORIENTED_EDGE ( 'NONE', *, *, #4022, .T. ) ;
#2021 = DIRECTION ( 'NONE',  ( -0.000000000000000000, 0.000000000000000000, 1.000000000000000000 ) ) ;
#2022 =( LENGTH_UNIT ( ) NAMED_UNIT ( * ) SI_UNIT ( .MILLI., .METRE. ) );
#2023 = CARTESIAN_POINT ( 'NONE',  ( 328.5000000000000000, 119.5000000000000000, 5.700000000000041922 ) ) ;
#2024 = ORIENTED_EDGE ( 'NONE', *, *, #1888, .F. ) ;
#2025 = ORIENTED_EDGE ( 'NONE', *, *, #491, .T. ) ;
#2026 = DIRECTION ( 'NONE',  ( 0.000000000000000000, -0.000000000000000000, -1.000000000000000000 ) ) ;
#2027 = CARTESIAN_POINT ( 'NONE',  ( 224.5000000000000284, 122.0000000000000000, 0.000000000000000000 ) ) ;
#2028 = DIRECTION ( 'NONE',  ( 0.000000000000000000, 0.000000000000000000, -1.000000000000000000 ) ) ;
#2029 = VERTEX_POINT ( 'NONE', #1201 ) ;
#2030 = ORIENTED_EDGE ( 'NONE', *, *, #291, .T. ) ;
#2031 = EDGE_CURVE ( 'NONE', #981, #1577, #1965, .T. ) ;
#2032 = CARTESIAN_POINT ( 'NONE',  ( 3.000000000000000000, 0.2999999999999538036, 6.000000000000000000 ) ) ;
#2033 = ORIENTED_EDGE ( 'NONE', *, *, #4322, .F. ) ;
#2034 = CARTESIAN_POINT ( 'NONE',  ( 110.2000000000000028, 120.4999999999999858, -1.457329690985347238E-15 ) ) ;
#2035 = LINE ( 'NONE', #2725, #27 ) ;
#2036 = ADVANCED_FACE ( 'NONE', ( #137 ), #3656, .F. ) ;
#2037 = CARTESIAN_POINT ( 'NONE',  ( 329.5000000000000000, 61.74999999999998579, -1.457329690985347238E-15 ) ) ;
#2038 = ORIENTED_EDGE ( 'NONE', *, *, #3948, .T. ) ;
#2039 = DIRECTION ( 'NONE',  ( 1.000000000000000000, -4.163336342344333240E-14, 0.000000000000000000 ) ) ;
#2040 = ORIENTED_EDGE ( 'NONE', *, *, #186, .T. ) ;
#2041 = ADVANCED_FACE ( 'NONE', ( #1873 ), #2374, .F. ) ;
#2042 = DIRECTION ( 'NONE',  ( -0.000000000000000000, -0.000000000000000000, -1.000000000000000000 ) ) ;
#2043 = DIRECTION ( 'NONE',  ( -0.000000000000000000, -0.000000000000000000, 1.000000000000000000 ) ) ;
#2044 = FACE_OUTER_BOUND ( 'NONE', #2385, .T. ) ;
#2045 = FACE_OUTER_BOUND ( 'NONE', #982, .T. ) ;
#2046 = AXIS2_PLACEMENT_3D ( 'NONE', #1393, #2084, #1652 ) ;
#2047 = ORIENTED_EDGE ( 'NONE', *, *, #1465, .F. ) ;
#2048 = ORIENTED_EDGE ( 'NONE', *, *, #4433, .F. ) ;
#2049 = DIRECTION ( 'NONE',  ( -0.000000000000000000, -0.000000000000000000, 1.000000000000000000 ) ) ;
#2050 = CONICAL_SURFACE ( 'NONE', #3497, 2.700000000000035705, 0.7853981633974469467 ) ;
#2051 = CYLINDRICAL_SURFACE ( 'NONE', #1855, 1.500000000000001332 ) ;
#2052 = CARTESIAN_POINT ( 'NONE',  ( 329.5000000000000000, 6.000000000000143885, 0.000000000000000000 ) ) ;
#2053 = VECTOR ( 'NONE', #1199, 1000.000000000000000 ) ;
#2054 = ORIENTED_EDGE ( 'NONE', *, *, #2417, .T. ) ;
#2055 = VERTEX_POINT ( 'NONE', #1546 ) ;
#2056 = DIRECTION ( 'NONE',  ( 0.000000000000000000, 0.000000000000000000, -1.000000000000000000 ) ) ;
#2057 = ORIENTED_EDGE ( 'NONE', *, *, #2886, .T. ) ;
#2058 = DIRECTION ( 'NONE',  ( -0.000000000000000000, -0.000000000000000000, -1.000000000000000000 ) ) ;
#2059 = VECTOR ( 'NONE', #379, 1000.000000000000000 ) ;
#2060 = CARTESIAN_POINT ( 'NONE',  ( 3.000000000000000000, 120.5000000000000000, 6.000000000000000000 ) ) ;
#2061 = ADVANCED_FACE ( 'NONE', ( #1185 ), #502, .F. ) ;
#2062 = VECTOR ( 'NONE', #1073, 1000.000000000000000 ) ;
#2063 = LINE ( 'NONE', #2781, #1757 ) ;
#2064 = VERTEX_POINT ( 'NONE', #4476 ) ;
#2065 = ORIENTED_EDGE ( 'NONE', *, *, #2412, .F. ) ;
#2066 = DIRECTION ( 'NONE',  ( 1.000000000000000000, 0.000000000000000000, 0.000000000000000000 ) ) ;
#2067 = AXIS2_PLACEMENT_3D ( 'NONE', #1176, #4440, #104 ) ;
#2068 = DIRECTION ( 'NONE',  ( -1.000000000000000000, 0.000000000000000000, 0.000000000000000000 ) ) ;
#2069 = EDGE_CURVE ( 'NONE', #4101, #3402, #1230, .T. ) ;
#2070 = AXIS2_PLACEMENT_3D ( 'NONE', #2824, #633, #1123 ) ;
#2071 = LINE ( 'NONE', #194, #1001 ) ;
#2072 = CARTESIAN_POINT ( 'NONE',  ( 329.5000000000000000, 3.000000000000000000, 4.480688495222048928 ) ) ;
#2073 = AXIS2_PLACEMENT_3D ( 'NONE', #2343, #2028, #3125 ) ;
#2074 = EDGE_CURVE ( 'NONE', #2055, #3549, #2910, .T. ) ;
#2075 = AXIS2_PLACEMENT_3D ( 'NONE', #1382, #3797, #2788 ) ;
#2076 = ORIENTED_EDGE ( 'NONE', *, *, #3214, .T. ) ;
#2077 = ORIENTED_EDGE ( 'NONE', *, *, #3435, .F. ) ;
#2078 = CARTESIAN_POINT ( 'NONE',  ( 275.8000000000000682, 114.5000000000000000, -0.001000000000000132727 ) ) ;
#2079 = VECTOR ( 'NONE', #2943, 1000.000000000000000 ) ;
#2080 = DIRECTION ( 'NONE',  ( -1.126443815569355400E-16, 1.000000000000000000, 0.000000000000000000 ) ) ;
#2081 = CARTESIAN_POINT ( 'NONE',  ( 3.000000000000000888, 63.24999999999998579, 0.000000000000000000 ) ) ;
#2082 = ADVANCED_FACE ( 'NONE', ( #1923 ), #4405, .T. ) ;
#2083 = CIRCLE ( 'NONE', #2306, 1.500000000000001332 ) ;
#2084 = DIRECTION ( 'NONE',  ( 0.7071067811865373587, 0.000000000000000000, -0.7071067811865577868 ) ) ;
#2085 = EDGE_LOOP ( 'NONE', ( #2980, #293, #4468 ) ) ;
#2086 = DIRECTION ( 'NONE',  ( -0.000000000000000000, 0.000000000000000000, 1.000000000000000000 ) ) ;
#2087 = CARTESIAN_POINT ( 'NONE',  ( 0.000000000000000000, 0.000000000000000000, 4.500000000000000000 ) ) ;
#2088 = LINE ( 'NONE', #3626, #1216 ) ;
#2089 = ORIENTED_EDGE ( 'NONE', *, *, #2706, .T. ) ;
#2090 = ORIENTED_EDGE ( 'NONE', *, *, #3640, .F. ) ;
#2091 = DIRECTION ( 'NONE',  ( -1.000000000000000000, 0.000000000000000000, 0.000000000000000000 ) ) ;
#2092 = DIRECTION ( 'NONE',  ( -0.000000000000000000, -1.000000000000000000, -0.000000000000000000 ) ) ;
#2093 = ORIENTED_EDGE ( 'NONE', *, *, #1448, .F. ) ;
#2094 = CIRCLE ( 'NONE', #3537, 0.7999999999999951594 ) ;
#2095 = EDGE_CURVE ( 'NONE', #1998, #2055, #1620, .T. ) ;
#2096 = DIRECTION ( 'NONE',  ( 0.000000000000000000, 0.000000000000000000, -1.000000000000000000 ) ) ;
#2097 = DIRECTION ( 'NONE',  ( 0.000000000000000000, -0.7071067811865455743, 0.7071067811865495711 ) ) ;
#2098 = CONICAL_SURFACE ( 'NONE', #1858, 0.8000000000000229150, 1.029744258676666302 ) ;
#2099 = CARTESIAN_POINT ( 'NONE',  ( 114.0000000000000000, 122.0000000000000000, 0.000000000000000000 ) ) ;
#2100 = ORIENTED_EDGE ( 'NONE', *, *, #3983, .F. ) ;
#2101 = ORIENTED_EDGE ( 'NONE', *, *, #133, .T. ) ;
#2102 = EDGE_CURVE ( 'NONE', #2007, #2216, #429, .T. ) ;
#2103 = CARTESIAN_POINT ( 'NONE',  ( 221.5000000000000284, 120.4999999999999716, 4.000000000000000000 ) ) ;
#2104 = DIRECTION ( 'NONE',  ( 1.000000000000000000, 0.000000000000000000, 0.000000000000000000 ) ) ;
#2105 = DIRECTION ( 'NONE',  ( 1.000000000000000000, 0.000000000000000000, 0.000000000000000000 ) ) ;
#2106 = ADVANCED_FACE ( 'NONE', ( #2659 ), #523, .T. ) ;
#2107 = CARTESIAN_POINT ( 'NONE',  ( 3.000000000000002665, 3.000000000000000000, 4.000000000000000000 ) ) ;
#2108 = VERTEX_POINT ( 'NONE', #1261 ) ;
#2109 = CARTESIAN_POINT ( 'NONE',  ( 331.0000000000000568, 6.000000000000143885, 11.20820393249943692 ) ) ;
#2110 = CARTESIAN_POINT ( 'NONE',  ( 4.000000000000000888, 101.5000000000000000, 5.700000000000045475 ) ) ;
#2111 = CARTESIAN_POINT ( 'NONE',  ( 329.5000000000000000, 120.5000000000000000, 6.000000000000000000 ) ) ;
#2112 = ORIENTED_EDGE ( 'NONE', *, *, #609, .T. ) ;
#2113 = VERTEX_POINT ( 'NONE', #3754 ) ;
#2114 = DIRECTION ( 'NONE',  ( 1.000000000000000000, 0.000000000000000000, 0.000000000000000000 ) ) ;
#2115 = DIRECTION ( 'NONE',  ( -0.000000000000000000, 0.000000000000000000, 1.000000000000000000 ) ) ;
#2116 = ORIENTED_EDGE ( 'NONE', *, *, #354, .F. ) ;
#2117 = PLANE ( 'NONE',  #2812 ) ;
#2118 = DIRECTION ( 'NONE',  ( -1.000000000000000000, 0.000000000000000000, 0.000000000000000000 ) ) ;
#2119 = CARTESIAN_POINT ( 'NONE',  ( 0.000000000000000000, 0.000000000000000000, 0.000000000000000000 ) ) ;
#2120 = LINE ( 'NONE', #1802, #933 ) ;
#2121 = EDGE_CURVE ( 'NONE', #3943, #2307, #1612, .T. ) ;
#2122 = VERTEX_POINT ( 'NONE', #1235 ) ;
#2123 = ORIENTED_EDGE ( 'NONE', *, *, #1063, .F. ) ;
#2124 = EDGE_LOOP ( 'NONE', ( #3196, #925, #3439, #2965 ) ) ;
#2125 = DIRECTION ( 'NONE',  ( -1.000000000000000000, 0.000000000000000000, 0.000000000000000000 ) ) ;
#2126 = DIRECTION ( 'NONE',  ( -0.7071067811865577868, 0.000000000000000000, 0.7071067811865373587 ) ) ;
#2127 = DIRECTION ( 'NONE',  ( 1.000000000000000000, 0.000000000000000000, 0.000000000000000000 ) ) ;
#2128 = ADVANCED_FACE ( 'NONE', ( #4128 ), #883, .F. ) ;
#2129 = AXIS2_PLACEMENT_3D ( 'NONE', #1383, #1309, #2840 ) ;
#2130 = CARTESIAN_POINT ( 'NONE',  ( 332.2000000000000455, 120.5000000000000000, 6.000000000000000000 ) ) ;
#2131 = ORIENTED_EDGE ( 'NONE', *, *, #2533, .T. ) ;
#2132 = DIRECTION ( 'NONE',  ( 0.000000000000000000, -0.000000000000000000, -1.000000000000000000 ) ) ;
#2133 = DIRECTION ( 'NONE',  ( 1.000000000000000000, 0.000000000000000000, 0.000000000000000000 ) ) ;
#2134 = VECTOR ( 'NONE', #1552, 1000.000000000000000 ) ;
#2135 = EDGE_CURVE ( 'NONE', #2122, #3024, #3516, .T. ) ;
#2136 = AXIS2_PLACEMENT_3D ( 'NONE', #1544, #2281, #2995 ) ;
#2137 = CARTESIAN_POINT ( 'NONE',  ( 329.5000000000000000, 0.000000000000000000, 5.700000000000045475 ) ) ;
#2138 = ORIENTED_EDGE ( 'NONE', *, *, #1398, .T. ) ;
#2139 = LINE ( 'NONE', #1468, #3218 ) ;
#2140 = CARTESIAN_POINT ( 'NONE',  ( 0.000000000000000000, 0.000000000000000000, 0.000000000000000000 ) ) ;
#2141 = VECTOR ( 'NONE', #1379, 1000.000000000000114 ) ;
#2142 = ORIENTED_EDGE ( 'NONE', *, *, #4354, .F. ) ;
#2143 = DIRECTION ( 'NONE',  ( -0.000000000000000000, -0.000000000000000000, -1.000000000000000000 ) ) ;
#2144 = VECTOR ( 'NONE', #3813, 1000.000000000000000 ) ;
#2145 = DIRECTION ( 'NONE',  ( -1.000000000000000000, 0.000000000000000000, 0.000000000000000000 ) ) ;
#2146 = CIRCLE ( 'NONE', #2904, 1.500000000000001332 ) ;
#2147 = ORIENTED_EDGE ( 'NONE', *, *, #2074, .T. ) ;
#2148 = ORIENTED_EDGE ( 'NONE', *, *, #504, .F. ) ;
#2149 = CARTESIAN_POINT ( 'NONE',  ( 6.000000000000001776, 120.5000000000000000, 4.500000000000000000 ) ) ;
#2150 = PLANE ( 'NONE',  #3462 ) ;
#2151 = VECTOR ( 'NONE', #840, 1000.000000000000000 ) ;
#2152 = ADVANCED_FACE ( 'NONE', ( #165 ), #829, .T. ) ;
#2153 = AXIS2_PLACEMENT_3D ( 'NONE', #4336, #1846, #374 ) ;
#2154 = FACE_OUTER_BOUND ( 'NONE', #3565, .T. ) ;
#2155 = VECTOR ( 'NONE', #2591, 1000.000000000000000 ) ;
#2156 = AXIS2_PLACEMENT_3D ( 'NONE', #3137, #593, #2758 ) ;
#2157 = CARTESIAN_POINT ( 'NONE',  ( 6.000000000000014211, 4.000000000000000000, 6.000000000000000000 ) ) ;
#2158 = ORIENTED_EDGE ( 'NONE', *, *, #3889, .F. ) ;
#2159 = EDGE_CURVE ( 'NONE', #2571, #585, #3682, .T. ) ;
#2160 = LINE ( 'NONE', #4678, #2834 ) ;
#2161 = VECTOR ( 'NONE', #4373, 1000.000000000000000 ) ;
#2162 = CYLINDRICAL_SURFACE ( 'NONE', #3428, 0.8000000000000229150 ) ;
#2163 = EDGE_CURVE ( 'NONE', #3290, #1172, #549, .T. ) ;
#2164 = DIRECTION ( 'NONE',  ( -1.000000000000000000, 0.000000000000000000, 0.000000000000000000 ) ) ;
#2165 = DIRECTION ( 'NONE',  ( -0.000000000000000000, 0.000000000000000000, -1.000000000000000000 ) ) ;
#2166 = VECTOR ( 'NONE', #1237, 1000.000000000000000 ) ;
#2167 = CARTESIAN_POINT ( 'NONE',  ( 1.499999999999915845, 117.4999999999998295, 11.20820393249943692 ) ) ;
#2168 = EDGE_CURVE ( 'NONE', #1724, #3258, #773, .T. ) ;
#2169 = APPLICATION_PROTOCOL_DEFINITION ( 'draft international standard', 'automotive_design', 1998, #1999 ) ;
#2170 = CARTESIAN_POINT ( 'NONE',  ( 301.3000000000000114, 113.0000000000000000, 6.000000000000000000 ) ) ;
#2171 = AXIS2_PLACEMENT_3D ( 'NONE', #3826, #1042, #1737 ) ;
#2172 = ORIENTED_EDGE ( 'NONE', *, *, #1160, .T. ) ;
#2173 = ORIENTED_EDGE ( 'NONE', *, *, #4312, .T. ) ;
#2174 = CIRCLE ( 'NONE', #576, 1.500000000000014877 ) ;
#2175 = CARTESIAN_POINT ( 'NONE',  ( 328.0000000000000000, 2.999999999999975131, 11.20820393249943692 ) ) ;
#2176 = CARTESIAN_POINT ( 'NONE',  ( 326.5000000000000000, 2.999999999999975131, 0.000000000000000000 ) ) ;
#2177 = CARTESIAN_POINT ( 'NONE',  ( 328.5000000000000000, 99.50000000000000000, 4.500000000000000000 ) ) ;
#2178 = LINE ( 'NONE', #2892, #2577 ) ;
#2179 = CARTESIAN_POINT ( 'NONE',  ( 301.3000000000000114, 108.1999999999999886, 6.000000000000000000 ) ) ;
#2180 = EDGE_CURVE ( 'NONE', #1499, #2270, #3453, .T. ) ;
#2181 = LINE ( 'NONE', #4679, #2367 ) ;
#2182 = FACE_OUTER_BOUND ( 'NONE', #1681, .T. ) ;
#2183 = LINE ( 'NONE', #2898, #417 ) ;
#2184 = ORIENTED_EDGE ( 'NONE', *, *, #382, .F. ) ;
#2185 = ADVANCED_FACE ( 'NONE', ( #960 ), #1006, .F. ) ;
#2186 = CARTESIAN_POINT ( 'NONE',  ( 330.3000000000000114, 61.74999999999998579, 4.000000000000000000 ) ) ;
#2187 = DIRECTION ( 'NONE',  ( -1.000000000000000000, 0.000000000000000000, 0.000000000000000000 ) ) ;
#2188 = EDGE_CURVE ( 'NONE', #1297, #1603, #577, .T. ) ;
#2189 = ORIENTED_EDGE ( 'NONE', *, *, #914, .F. ) ;
#2190 = ORIENTED_EDGE ( 'NONE', *, *, #4152, .F. ) ;
#2191 = DIRECTION ( 'NONE',  ( -1.000000000000000000, 0.000000000000000000, 0.000000000000000000 ) ) ;
#2192 = LINE ( 'NONE', #1790, #3082 ) ;
#2193 = CARTESIAN_POINT ( 'NONE',  ( 330.3000000000000114, 3.000000000000000000, 0.000000000000000000 ) ) ;
#2194 = VERTEX_POINT ( 'NONE', #3476 ) ;
#2195 = DIRECTION ( 'NONE',  ( -1.000000000000000000, -0.000000000000000000, -0.000000000000000000 ) ) ;
#2196 = DIRECTION ( 'NONE',  ( 0.000000000000000000, 0.000000000000000000, -1.000000000000000000 ) ) ;
#2197 = VECTOR ( 'NONE', #608, 1000.000000000000000 ) ;
#2198 = FACE_OUTER_BOUND ( 'NONE', #3003, .T. ) ;
#2199 = CARTESIAN_POINT ( 'NONE',  ( 5.999999999999976019, 1.500000000000112355, 11.20820393249943692 ) ) ;
#2200 = EDGE_CURVE ( 'NONE', #1499, #1540, #3865, .T. ) ;
#2201 = VERTEX_POINT ( 'NONE', #2072 ) ;
#2202 = EDGE_LOOP ( 'NONE', ( #968, #4278 ) ) ;
#2203 = AXIS2_PLACEMENT_3D ( 'NONE', #2261, #2633, #2309 ) ;
#2204 = CARTESIAN_POINT ( 'NONE',  ( 224.5000000000000284, 3.000000000000030198, 11.20820393249943692 ) ) ;
#2205 = LINE ( 'NONE', #1099, #400 ) ;
#2206 = ADVANCED_FACE ( 'NONE', ( #3523 ), #1664, .F. ) ;
#2207 = VECTOR ( 'NONE', #4358, 1000.000000000000114 ) ;
#2208 = ORIENTED_EDGE ( 'NONE', *, *, #1138, .T. ) ;
#2209 = VECTOR ( 'NONE', #2538, 1000.000000000000000 ) ;
#2210 = FACE_OUTER_BOUND ( 'NONE', #378, .T. ) ;
#2211 = CARTESIAN_POINT ( 'NONE',  ( 28.80000000000000782, 117.5000000000000000, 5.700000000000045475 ) ) ;
#2212 = CARTESIAN_POINT ( 'NONE',  ( 221.5000000000000000, 3.000000000000002665, 4.500000000000000000 ) ) ;
#2213 = EDGE_CURVE ( 'NONE', #4481, #4355, #2454, .T. ) ;
#2214 = DIRECTION ( 'NONE',  ( -1.000000000000000000, 0.000000000000000000, 0.000000000000000000 ) ) ;
#2215 = AXIS2_PLACEMENT_3D ( 'NONE', #3510, #1419, #410 ) ;
#2216 = VERTEX_POINT ( 'NONE', #1281 ) ;
#2217 = VERTEX_POINT ( 'NONE', #2735 ) ;
#2218 = AXIS2_PLACEMENT_3D ( 'NONE', #1726, #2893, #682 ) ;
#2219 = CYLINDRICAL_SURFACE ( 'NONE', #232, 1.500000000000001332 ) ;
#2220 = VECTOR ( 'NONE', #932, 1000.000000000000000 ) ;
#2221 = EDGE_CURVE ( 'NONE', #3867, #2561, #3167, .T. ) ;
#2222 = CARTESIAN_POINT ( 'NONE',  ( 3.000000000000000000, 120.5000000000000000, 4.000000000000000000 ) ) ;
#2223 = AXIS2_PLACEMENT_3D ( 'NONE', #1082, #3224, #1341 ) ;
#2224 = CIRCLE ( 'NONE', #2760, 1.500000000000001332 ) ;
#2225 = DIRECTION ( 'NONE',  ( 1.000000000000000000, 0.000000000000000000, 0.000000000000000000 ) ) ;
#2226 = VECTOR ( 'NONE', #1729, 1000.000000000000000 ) ;
#2227 = LINE ( 'NONE', #2675, #3741 ) ;
#2228 = VERTEX_POINT ( 'NONE', #2099 ) ;
#2229 = ORIENTED_EDGE ( 'NONE', *, *, #646, .F. ) ;
#2230 = AXIS2_PLACEMENT_3D ( 'NONE', #3785, #3764, #512 ) ;
#2231 = LINE ( 'NONE', #43, #2825 ) ;
#2232 = CARTESIAN_POINT ( 'NONE',  ( 4.000000000000007105, 60.63196601125008556, 4.500000000000000000 ) ) ;
#2233 = AXIS2_PLACEMENT_3D ( 'NONE', #1547, #1808, #1853 ) ;
#2234 = ORIENTED_EDGE ( 'NONE', *, *, #3391, .F. ) ;
#2235 = PRODUCT ( 'e2cov', 'e2cov', '', ( #716 ) ) ;
#2236 = EDGE_CURVE ( 'NONE', #4090, #2420, #4571, .T. ) ;
#2237 = VERTEX_POINT ( 'NONE', #3844 ) ;
#2238 = PLANE ( 'NONE',  #4464 ) ;
#2239 = CARTESIAN_POINT ( 'NONE',  ( 3.000000000000000000, 120.5000000000000000, 4.500000000000000000 ) ) ;
#2240 = VECTOR ( 'NONE', #2003, 1000.000000000000000 ) ;
#2241 = DIRECTION ( 'NONE',  ( 0.000000000000000000, -0.000000000000000000, 1.000000000000000000 ) ) ;
#2242 = CARTESIAN_POINT ( 'NONE',  ( 277.3000000000000682, 108.1999999999999886, 5.700000000000055245 ) ) ;
#2243 = CARTESIAN_POINT ( 'NONE',  ( 28.80000000000000782, 117.5000000000000000, -59.10031446463138138 ) ) ;
#2244 = VECTOR ( 'NONE', #4052, 1000.000000000000000 ) ;
#2245 = EDGE_LOOP ( 'NONE', ( #678, #1446, #1832, #1550 ) ) ;
#2246 = EDGE_LOOP ( 'NONE', ( #510, #3395, #3499, #2642 ) ) ;
#2247 = ADVANCED_FACE ( 'NONE', ( #4248 ), #1689, .T. ) ;
#2248 = DIRECTION ( 'NONE',  ( 1.126443815569355400E-16, -1.000000000000000000, 0.000000000000000000 ) ) ;
#2249 = VERTEX_POINT ( 'NONE', #595 ) ;
#2250 =( GEOMETRIC_REPRESENTATION_CONTEXT ( 3 ) GLOBAL_UNCERTAINTY_ASSIGNED_CONTEXT ( ( #3341 ) ) GLOBAL_UNIT_ASSIGNED_CONTEXT ( ( #2022, #2406, #3452 ) ) REPRESENTATION_CONTEXT ( 'NONE', 'WORKASPACE' ) );
#2251 = CARTESIAN_POINT ( 'NONE',  ( 329.5000000000000000, 120.4999999999999574, 0.000000000000000000 ) ) ;
#2252 = EDGE_CURVE ( 'NONE', #4090, #516, #4483, .T. ) ;
#2253 = ORIENTED_EDGE ( 'NONE', *, *, #838, .T. ) ;
#2254 = CARTESIAN_POINT ( 'NONE',  ( 26.80000000000000426, 119.5000000000000000, 5.700000000000045475 ) ) ;
#2255 = DIRECTION ( 'NONE',  ( -0.000000000000000000, 1.000000000000000000, -0.000000000000000000 ) ) ;
#2256 = ORIENTED_EDGE ( 'NONE', *, *, #4390, .T. ) ;
#2257 = DIRECTION ( 'NONE',  ( 0.000000000000000000, -0.7071067811865567876, 0.7071067811865383579 ) ) ;
#2258 = ORIENTED_EDGE ( 'NONE', *, *, #3651, .F. ) ;
#2259 = DIRECTION ( 'NONE',  ( 1.000000000000000000, 1.069167011387862821E-17, 0.000000000000000000 ) ) ;
#2260 = ORIENTED_EDGE ( 'NONE', *, *, #4180, .F. ) ;
#2261 = CARTESIAN_POINT ( 'NONE',  ( 110.9999999999999858, 3.000000000000002665, 0.000000000000000000 ) ) ;
#2262 = DIRECTION ( 'NONE',  ( -0.7071067811865487940, 0.000000000000000000, 0.7071067811865462405 ) ) ;
#2263 = CARTESIAN_POINT ( 'NONE',  ( 329.5000000000000000, 123.5000000000000000, 4.500000000000000000 ) ) ;
#2264 = CARTESIAN_POINT ( 'NONE',  ( 1.500000000000000000, 2.500000000000007550, 0.000000000000000000 ) ) ;
#2265 = EDGE_CURVE ( 'NONE', #1207, #4357, #20, .T. ) ;
#2266 = ORIENTED_EDGE ( 'NONE', *, *, #3314, .T. ) ;
#2267 = ORIENTED_EDGE ( 'NONE', *, *, #2276, .F. ) ;
#2268 = CARTESIAN_POINT ( 'NONE',  ( 329.5000000000000000, 123.5000000000000000, 5.700000000000045475 ) ) ;
#2269 = DIRECTION ( 'NONE',  ( -0.000000000000000000, 0.000000000000000000, 1.000000000000000000 ) ) ;
#2270 = VERTEX_POINT ( 'NONE', #243 ) ;
#2271 = VERTEX_POINT ( 'NONE', #4203 ) ;
#2272 = LINE ( 'NONE', #54, #4039 ) ;
#2273 = ADVANCED_FACE ( 'NONE', ( #2044 ), #3591, .F. ) ;
#2274 = CARTESIAN_POINT ( 'NONE',  ( 328.6999999999999886, 61.74999999999998579, 4.000000000000000000 ) ) ;
#2275 = CARTESIAN_POINT ( 'NONE',  ( 1.500000000000001110, 64.75000000000008527, 11.20820393249943692 ) ) ;
#2276 = EDGE_CURVE ( 'NONE', #3328, #2271, #854, .T. ) ;
#2277 = CARTESIAN_POINT ( 'NONE',  ( 269.5000000000000000, 103.5000000000000000, 5.700000000000045475 ) ) ;
#2278 = ORIENTED_EDGE ( 'NONE', *, *, #3207, .F. ) ;
#2279 = DIRECTION ( 'NONE',  ( 0.000000000000000000, 0.000000000000000000, 1.000000000000000000 ) ) ;
#2280 = CIRCLE ( 'NONE', #993, 2.299999999999968736 ) ;
#2281 = DIRECTION ( 'NONE',  ( -0.000000000000000000, -0.000000000000000000, -1.000000000000000000 ) ) ;
#2282 = AXIS2_PLACEMENT_3D ( 'NONE', #720, #1828, #1456 ) ;
#2283 = DIRECTION ( 'NONE',  ( 0.000000000000000000, 0.000000000000000000, -1.000000000000000000 ) ) ;
#2284 = DIRECTION ( 'NONE',  ( 1.000000000000000000, 0.000000000000000000, 0.000000000000000000 ) ) ;
#2285 = LINE ( 'NONE', #907, #4121 ) ;
#2286 = VECTOR ( 'NONE', #1887, 1000.000000000000000 ) ;
#2287 = ORIENTED_EDGE ( 'NONE', *, *, #4452, .F. ) ;
#2288 = EDGE_CURVE ( 'NONE', #2790, #2401, #4225, .T. ) ;
#2289 = LINE ( 'NONE', #507, #3573 ) ;
#2290 = DIRECTION ( 'NONE',  ( -0.000000000000000000, 0.000000000000000000, 1.000000000000000000 ) ) ;
#2291 = ORIENTED_EDGE ( 'NONE', *, *, #317, .T. ) ;
#2292 = VECTOR ( 'NONE', #1532, 1000.000000000000000 ) ;
#2293 = LINE ( 'NONE', #487, #3132 ) ;
#2294 = AXIS2_PLACEMENT_3D ( 'NONE', #869, #3105, #2751 ) ;
#2295 = ORIENTED_EDGE ( 'NONE', *, *, #2903, .T. ) ;
#2296 = EDGE_CURVE ( 'NONE', #1008, #2420, #2677, .T. ) ;
#2297 = DIRECTION ( 'NONE',  ( 0.000000000000000000, -1.000000000000000000, 0.000000000000000000 ) ) ;
#2298 = CARTESIAN_POINT ( 'NONE',  ( 329.5000000000000000, 123.2000000000000313, 6.000000000000000000 ) ) ;
#2299 = VECTOR ( 'NONE', #362, 1000.000000000000000 ) ;
#2300 = ADVANCED_FACE ( 'NONE', ( #1472 ), #2924, .F. ) ;
#2301 = CIRCLE ( 'NONE', #2378, 1.500000000000001332 ) ;
#2302 = CARTESIAN_POINT ( 'NONE',  ( 3.000000000000002665, 3.000000000000000000, -1.457329690985347238E-15 ) ) ;
#2303 = ORIENTED_EDGE ( 'NONE', *, *, #2992, .F. ) ;
#2304 = CARTESIAN_POINT ( 'NONE',  ( 277.3000000000000682, 108.1999999999999886, 6.000000000000000000 ) ) ;
#2305 = DIRECTION ( 'NONE',  ( -1.000000000000000000, -2.275047181608928137E-16, 0.000000000000000000 ) ) ;
#2306 = AXIS2_PLACEMENT_3D ( 'NONE', #2346, #209, #4191 ) ;
#2307 = VERTEX_POINT ( 'NONE', #3633 ) ;
#2308 = ADVANCED_FACE ( 'NONE', ( #3920 ), #670, .T. ) ;
#2309 = DIRECTION ( 'NONE',  ( -1.000000000000000000, 0.000000000000000000, 0.000000000000000000 ) ) ;
#2310 = CARTESIAN_POINT ( 'NONE',  ( 329.5000000000000000, 0.2999999999999538036, 6.000000000000000000 ) ) ;
#2311 = CARTESIAN_POINT ( 'NONE',  ( 330.3000000000000114, 120.4999999999999574, 0.000000000000000000 ) ) ;
#2312 = FACE_OUTER_BOUND ( 'NONE', #4206, .T. ) ;
#2313 = ORIENTED_EDGE ( 'NONE', *, *, #878, .F. ) ;
#2314 = EDGE_LOOP ( 'NONE', ( #2843, #833, #2785, #1653 ) ) ;
#2315 = AXIS2_PLACEMENT_3D ( 'NONE', #3000, #3683, #1186 ) ;
#2316 = LINE ( 'NONE', #3359, #3862 ) ;
#2317 = CARTESIAN_POINT ( 'NONE',  ( 328.7999999999999545, 6.000000000000003553, 6.000000000000000000 ) ) ;
#2318 = EDGE_LOOP ( 'NONE', ( #285, #2974, #4520, #2990 ) ) ;
#2319 = CARTESIAN_POINT ( 'NONE',  ( 3.000000000000002665, 3.000000000000000000, 4.000000000000000000 ) ) ;
#2320 = CIRCLE ( 'NONE', #273, 0.7999999999999951594 ) ;
#2321 = EDGE_LOOP ( 'NONE', ( #2759, #1667, #4690, #4125 ) ) ;
#2322 = PRESENTATION_LAYER_ASSIGNMENT (  '', '', ( #1788 ) ) ;
#2323 = LINE ( 'NONE', #127, #322 ) ;
#2324 = CARTESIAN_POINT ( 'NONE',  ( 326.5000000000000000, 101.5000000000000000, 4.499999999999997335 ) ) ;
#2325 = EDGE_CURVE ( 'NONE', #2502, #1770, #4274, .T. ) ;
#2326 = ORIENTED_EDGE ( 'NONE', *, *, #4523, .T. ) ;
#2327 = CYLINDRICAL_SURFACE ( 'NONE', #3873, 0.7999999999999942712 ) ;
#2328 = ORIENTED_EDGE ( 'NONE', *, *, #2102, .T. ) ;
#2329 = DIRECTION ( 'NONE',  ( 1.000000000000000000, 0.000000000000000000, 0.000000000000000000 ) ) ;
#2330 = EDGE_CURVE ( 'NONE', #1796, #4171, #2120, .T. ) ;
#2331 = VERTEX_POINT ( 'NONE', #1759 ) ;
#2332 = LINE ( 'NONE', #4380, #2895 ) ;
#2333 = ORIENTED_EDGE ( 'NONE', *, *, #3856, .T. ) ;
#2334 = DIRECTION ( 'NONE',  ( -1.000000000000000000, 0.000000000000000000, 0.000000000000000000 ) ) ;
#2335 = CARTESIAN_POINT ( 'NONE',  ( 0.000000000000000000, 0.000000000000000000, 4.500000000000000000 ) ) ;
#2336 = LINE ( 'NONE', #2833, #4042 ) ;
#2337 = EDGE_CURVE ( 'NONE', #2932, #1233, #3964, .T. ) ;
#2338 = ORIENTED_EDGE ( 'NONE', *, *, #3349, .F. ) ;
#2339 = ORIENTED_EDGE ( 'NONE', *, *, #4180, .T. ) ;
#2340 = ORIENTED_EDGE ( 'NONE', *, *, #4322, .T. ) ;
#2341 = FACE_BOUND ( 'NONE', #855, .T. ) ;
#2342 = LINE ( 'NONE', #2362, #4044 ) ;
#2343 = CARTESIAN_POINT ( 'NONE',  ( 3.000000000000000000, 117.4999999999998295, 11.20820393249943692 ) ) ;
#2344 = ORIENTED_EDGE ( 'NONE', *, *, #560, .F. ) ;
#2345 = CARTESIAN_POINT ( 'NONE',  ( 329.5000000000000000, 120.4999999999999574, 0.000000000000000000 ) ) ;
#2346 = CARTESIAN_POINT ( 'NONE',  ( 111.0000000000000000, 120.4999999999999858, 4.500000000000000000 ) ) ;
#2347 = CARTESIAN_POINT ( 'NONE',  ( 267.7999999999999545, 117.5000000000000000, 6.000000000000000000 ) ) ;
#2348 = EDGE_LOOP ( 'NONE', ( #790, #1038, #2927, #3691 ) ) ;
#2349 = CARTESIAN_POINT ( 'NONE',  ( 301.0000000000000568, 113.0000000000000000, 4.500000000000000000 ) ) ;
#2350 = ORIENTED_EDGE ( 'NONE', *, *, #1933, .T. ) ;
#2351 = EDGE_CURVE ( 'NONE', #3076, #3001, #4687, .T. ) ;
#2352 = PLANE ( 'NONE',  #4543 ) ;
#2353 = DIRECTION ( 'NONE',  ( -1.000000000000000000, 0.000000000000000000, 0.000000000000000000 ) ) ;
#2354 = DIRECTION ( 'NONE',  ( -1.000000000000000000, 0.000000000000000000, 0.000000000000000000 ) ) ;
#2355 = CARTESIAN_POINT ( 'NONE',  ( 6.000000000000001776, 122.0000000000000000, 4.500000000000000000 ) ) ;
#2356 = ORIENTED_EDGE ( 'NONE', *, *, #2667, .T. ) ;
#2357 = ORIENTED_EDGE ( 'NONE', *, *, #297, .F. ) ;
#2358 = ORIENTED_EDGE ( 'NONE', *, *, #1076, .T. ) ;
#2359 = CIRCLE ( 'NONE', #1451, 1.500000000000001332 ) ;
#2360 = EDGE_CURVE ( 'NONE', #160, #3886, #1450, .T. ) ;
#2361 = FACE_OUTER_BOUND ( 'NONE', #3960, .T. ) ;
#2362 = CARTESIAN_POINT ( 'NONE',  ( 220.7000000000000171, 3.000000000000002665, 4.000000000000000000 ) ) ;
#2363 = CARTESIAN_POINT ( 'NONE',  ( 2.500000000000007550, 1.500000000000000000, 4.500000000000000000 ) ) ;
#2364 = AXIS2_PLACEMENT_3D ( 'NONE', #3421, #162, #2380 ) ;
#2365 = ORIENTED_EDGE ( 'NONE', *, *, #2920, .T. ) ;
#2366 = EDGE_CURVE ( 'NONE', #4316, #2672, #3135, .T. ) ;
#2367 = VECTOR ( 'NONE', #637, 1000.000000000000000 ) ;
#2368 = ORIENTED_EDGE ( 'NONE', *, *, #1404, .F. ) ;
#2369 = DIRECTION ( 'NONE',  ( 0.000000000000000000, 0.000000000000000000, -1.000000000000000000 ) ) ;
#2370 = DIRECTION ( 'NONE',  ( 1.000000000000000000, 0.000000000000000000, 0.000000000000000000 ) ) ;
#2371 = AXIS2_PLACEMENT_3D ( 'NONE', #3087, #2704, #1218 ) ;
#2372 = VECTOR ( 'NONE', #4012, 1000.000000000000000 ) ;
#2373 = DIRECTION ( 'NONE',  ( 1.126443815569355400E-16, -1.000000000000000000, 0.000000000000000000 ) ) ;
#2374 = CONICAL_SURFACE ( 'NONE', #1311, 2.299999999999963407, 0.7853981633974570498 ) ;
#2375 = VERTEX_POINT ( 'NONE', #22 ) ;
#2376 = DIRECTION ( 'NONE',  ( 0.000000000000000000, 0.000000000000000000, -1.000000000000000000 ) ) ;
#2377 = AXIS2_PLACEMENT_3D ( 'NONE', #2794, #4321, #1696 ) ;
#2378 = AXIS2_PLACEMENT_3D ( 'NONE', #235, #4198, #2039 ) ;
#2379 = ORIENTED_EDGE ( 'NONE', *, *, #4576, .T. ) ;
#2380 = DIRECTION ( 'NONE',  ( 1.000000000000000000, 0.000000000000000000, 0.000000000000000000 ) ) ;
#2381 = FILL_AREA_STYLE ('',( #4202 ) ) ;
#2382 = CARTESIAN_POINT ( 'NONE',  ( 3.799999999999997158, 3.000000000000000000, 0.000000000000000000 ) ) ;
#2383 = AXIS2_PLACEMENT_3D ( 'NONE', #3390, #1581, #871 ) ;
#2384 = EDGE_CURVE ( 'NONE', #4526, #3921, #3939, .T. ) ;
#2385 = EDGE_LOOP ( 'NONE', ( #3799, #2662, #1278, #2287 ) ) ;
#2386 = EDGE_LOOP ( 'NONE', ( #4291, #3657, #1560, #493 ) ) ;
#2387 = CARTESIAN_POINT ( 'NONE',  ( 3.799999999999992717, 3.000000000000000000, -1.457329690985347238E-15 ) ) ;
#2388 = CARTESIAN_POINT ( 'NONE',  ( 3.799999999999994493, 120.5000000000000000, 0.000000000000000000 ) ) ;
#2389 = LINE ( 'NONE', #3827, #1229 ) ;
#2390 = EDGE_CURVE ( 'NONE', #1529, #1750, #4107, .T. ) ;
#2391 = VECTOR ( 'NONE', #2807, 1000.000000000000000 ) ;
#2392 = ORIENTED_EDGE ( 'NONE', *, *, #3911, .T. ) ;
#2393 = VERTEX_POINT ( 'NONE', #3593 ) ;
#2394 = CARTESIAN_POINT ( 'NONE',  ( 329.5000000000000000, 61.74999999999998579, 0.000000000000000000 ) ) ;
#2395 = EDGE_LOOP ( 'NONE', ( #4153, #2678, #3152, #4585 ) ) ;
#2396 = CARTESIAN_POINT ( 'NONE',  ( 331.0000000000000568, 117.4999999999998295, 0.000000000000000000 ) ) ;
#2397 = AXIS2_PLACEMENT_3D ( 'NONE', #1901, #2269, #1553 ) ;
#2398 = DIRECTION ( 'NONE',  ( 1.000000000000000000, 0.000000000000000000, 0.000000000000000000 ) ) ;
#2399 = ADVANCED_FACE ( 'NONE', ( #1492 ), #4314, .F. ) ;
#2400 = MECHANICAL_DESIGN_GEOMETRIC_PRESENTATION_REPRESENTATION (  '', ( #1788 ), #1557 ) ;
#2401 = VERTEX_POINT ( 'NONE', #337 ) ;
#2402 = CYLINDRICAL_SURFACE ( 'NONE', #4016, 1.500000000000001332 ) ;
#2403 = EDGE_LOOP ( 'NONE', ( #2158, #2472, #1442, #649 ) ) ;
#2404 = CARTESIAN_POINT ( 'NONE',  ( 0.000000000000000000, 0.000000000000000000, 0.000000000000000000 ) ) ;
#2405 = CARTESIAN_POINT ( 'NONE',  ( 3.000000000000002665, 3.000000000000000000, 0.000000000000000000 ) ) ;
#2406 =( NAMED_UNIT ( * ) PLANE_ANGLE_UNIT ( ) SI_UNIT ( $, .RADIAN. ) );
#2407 = DIRECTION ( 'NONE',  ( 0.000000000000000000, -0.000000000000000000, -1.000000000000000000 ) ) ;
#2408 = ORIENTED_EDGE ( 'NONE', *, *, #150, .F. ) ;
#2409 = EDGE_LOOP ( 'NONE', ( #2638, #4474, #2148, #4489, #2392, #3721 ) ) ;
#2410 = DIRECTION ( 'NONE',  ( 0.000000000000000000, 0.000000000000000000, -1.000000000000000000 ) ) ;
#2411 = FACE_OUTER_BOUND ( 'NONE', #432, .T. ) ;
#2412 = EDGE_CURVE ( 'NONE', #1264, #4133, #1784, .T. ) ;
#2413 = DIRECTION ( 'NONE',  ( 0.000000000000000000, 0.000000000000000000, -1.000000000000000000 ) ) ;
#2414 = ORIENTED_EDGE ( 'NONE', *, *, #4112, .T. ) ;
#2415 = DIRECTION ( 'NONE',  ( -0.000000000000000000, 0.000000000000000000, -1.000000000000000000 ) ) ;
#2416 = DIRECTION ( 'NONE',  ( -0.000000000000000000, 0.000000000000000000, 1.000000000000000000 ) ) ;
#2417 = EDGE_CURVE ( 'NONE', #2740, #2819, #2205, .T. ) ;
#2418 = CARTESIAN_POINT ( 'NONE',  ( 326.5000000000000000, 99.50000000000000000, 4.499999999999997335 ) ) ;
#2419 = FACE_OUTER_BOUND ( 'NONE', #4305, .T. ) ;
#2421 = EDGE_CURVE ( 'NONE', #4504, #2393, #1316, .T. ) ;
#2420 = VERTEX_POINT ( 'NONE', #3238 ) ;
#2422 = ORIENTED_EDGE ( 'NONE', *, *, #520, .F. ) ;
#2423 = FACE_OUTER_BOUND ( 'NONE', #2593, .T. ) ;
#2424 = DIRECTION ( 'NONE',  ( 0.8571673007021105573, 1.049727191138616477E-16, -0.5150380749100571531 ) ) ;
#2425 = ADVANCED_FACE ( 'NONE', ( #356 ), #2545, .F. ) ;
#2426 = DIRECTION ( 'NONE',  ( -0.000000000000000000, -0.000000000000000000, -1.000000000000000000 ) ) ;
#2427 = CARTESIAN_POINT ( 'NONE',  ( 110.9999999999999858, 3.000000000000002665, -1.457329690985347238E-15 ) ) ;
#2428 = ORIENTED_EDGE ( 'NONE', *, *, #3230, .T. ) ;
#2429 = ORIENTED_EDGE ( 'NONE', *, *, #3470, .T. ) ;
#2430 = CARTESIAN_POINT ( 'NONE',  ( 275.8000000000000682, 114.5000000000000000, 5.700000000000055245 ) ) ;
#2431 = CIRCLE ( 'NONE', #3642, 2.000000000000001776 ) ;
#2432 = CARTESIAN_POINT ( 'NONE',  ( 3.799999999999991385, 61.74999999999998579, -1.457329690985347238E-15 ) ) ;
#2433 = DIRECTION ( 'NONE',  ( 0.000000000000000000, 0.000000000000000000, 1.000000000000000000 ) ) ;
#2434 = CIRCLE ( 'NONE', #3949, 0.7999999999999951594 ) ;
#2435 = ADVANCED_FACE ( 'NONE', ( #2481 ), #2630, .F. ) ;
#2436 = EDGE_LOOP ( 'NONE', ( #3414, #3232, #1181, #495 ) ) ;
#2437 = DIRECTION ( 'NONE',  ( 1.000000000000000000, 0.000000000000000000, 0.000000000000000000 ) ) ;
#2438 = ORIENTED_EDGE ( 'NONE', *, *, #1593, .T. ) ;
#2439 = FACE_OUTER_BOUND ( 'NONE', #1991, .T. ) ;
#2440 = PLANE ( 'NONE',  #4634 ) ;
#2441 = EDGE_CURVE ( 'NONE', #4171, #1231, #802, .T. ) ;
#2442 = CYLINDRICAL_SURFACE ( 'NONE', #1302, 1.500000000000000888 ) ;
#2443 = VERTEX_POINT ( 'NONE', #2232 ) ;
#2444 = ORIENTED_EDGE ( 'NONE', *, *, #1628, .F. ) ;
#2445 = CARTESIAN_POINT ( 'NONE',  ( 220.7000000000000171, 3.000000000000002665, -1.457329690985347238E-15 ) ) ;
#2446 = VECTOR ( 'NONE', #3932, 1000.000000000000000 ) ;
#2447 = DIRECTION ( 'NONE',  ( 1.000000000000000000, 0.000000000000000000, 0.000000000000000000 ) ) ;
#2448 = ORIENTED_EDGE ( 'NONE', *, *, #231, .T. ) ;
#2449 = EDGE_CURVE ( 'NONE', #2571, #2664, #1538, .T. ) ;
#2450 = CIRCLE ( 'NONE', #1223, 1.500000000000001332 ) ;
#2451 = AXIS2_PLACEMENT_3D ( 'NONE', #3567, #1822, #310 ) ;
#2452 = DIRECTION ( 'NONE',  ( -1.000000000000000000, 0.000000000000000000, 0.000000000000000000 ) ) ;
#2453 = CARTESIAN_POINT ( 'NONE',  ( 2.500000000000007550, 122.0000000000000000, 0.000000000000000000 ) ) ;
#2454 = LINE ( 'NONE', #3096, #3962 ) ;
#2455 = PLANE ( 'NONE',  #2129 ) ;
#2456 = CONICAL_SURFACE ( 'NONE', #2909, 0.7999999999999986011, 1.029744258676652313 ) ;
#2457 = AXIS2_PLACEMENT_3D ( 'NONE', #645, #2407, #290 ) ;
#2458 = ADVANCED_FACE ( 'NONE', ( #3676 ), #1890, .T. ) ;
#2459 = ORIENTED_EDGE ( 'NONE', *, *, #1138, .F. ) ;
#2460 = VERTEX_POINT ( 'NONE', #472 ) ;
#2461 = CARTESIAN_POINT ( 'NONE',  ( 223.0000000000000284, 120.4999999999999858, 11.20820393249943692 ) ) ;
#2462 = CIRCLE ( 'NONE', #2983, 1.500000000000001332 ) ;
#2463 = DIRECTION ( 'NONE',  ( -1.000000000000000000, 0.000000000000000000, 0.000000000000000000 ) ) ;
#2464 = DIRECTION ( 'NONE',  ( 1.000000000000000000, 0.000000000000000000, 0.000000000000000000 ) ) ;
#2465 = AXIS2_PLACEMENT_3D ( 'NONE', #1678, #895, #1655 ) ;
#2466 = CARTESIAN_POINT ( 'NONE',  ( 221.5000000000000284, 120.4999999999999716, 4.500000000000000000 ) ) ;
#2467 = ORIENTED_EDGE ( 'NONE', *, *, #2881, .T. ) ;
#2468 = CARTESIAN_POINT ( 'NONE',  ( 328.7999999999999545, 99.50000000000000000, 6.000000000000000000 ) ) ;
#2469 = DIRECTION ( 'NONE',  ( -0.7071067811865731079, 0.000000000000000000, -0.7071067811865219266 ) ) ;
#2470 = VECTOR ( 'NONE', #3252, 1000.000000000000000 ) ;
#2471 = CARTESIAN_POINT ( 'NONE',  ( 3.000000000000000000, 120.5000000000000000, 11.20820393249943692 ) ) ;
#2472 = ORIENTED_EDGE ( 'NONE', *, *, #4375, .F. ) ;
#2473 = ORIENTED_EDGE ( 'NONE', *, *, #2121, .F. ) ;
#2474 = DIRECTION ( 'NONE',  ( -0.000000000000000000, -0.000000000000000000, -1.000000000000000000 ) ) ;
#2475 = EDGE_CURVE ( 'NONE', #1207, #2554, #780, .T. ) ;
#2476 = FACE_OUTER_BOUND ( 'NONE', #1329, .T. ) ;
#2477 = CIRCLE ( 'NONE', #1636, 1.500000000000001332 ) ;
#2478 = DIRECTION ( 'NONE',  ( 1.000000000000000000, 0.000000000000000000, 0.000000000000000000 ) ) ;
#2479 = LINE ( 'NONE', #4668, #2207 ) ;
#2480 = AXIS2_PLACEMENT_3D ( 'NONE', #1200, #786, #3325 ) ;
#2481 = FACE_OUTER_BOUND ( 'NONE', #2409, .T. ) ;
#2482 = ADVANCED_FACE ( 'NONE', ( #425 ), #777, .F. ) ;
#2483 = CYLINDRICAL_SURFACE ( 'NONE', #1586, 1.500000000000014877 ) ;
#2484 = EDGE_LOOP ( 'NONE', ( #3942, #3127, #3319, #1735, #2868, #4346, #2000, #172, #2138, #1953, #2267, #3185, #3762, #954, #1344, #719 ) ) ;
#2485 = ORIENTED_EDGE ( 'NONE', *, *, #1716, .T. ) ;
#2486 = LINE ( 'NONE', #4340, #1597 ) ;
#2487 = CARTESIAN_POINT ( 'NONE',  ( 6.000000000000003553, 101.5000000000000000, 4.499999999999997335 ) ) ;
#2488 = EDGE_CURVE ( 'NONE', #4466, #4141, #708, .T. ) ;
#2489 = CARTESIAN_POINT ( 'NONE',  ( 224.5000000000000284, 122.0000000000000142, 11.20820393249943692 ) ) ;
#2490 = EDGE_LOOP ( 'NONE', ( #946, #4455, #1187 ) ) ;
#2491 = DIRECTION ( 'NONE',  ( 0.000000000000000000, -0.000000000000000000, -1.000000000000000000 ) ) ;
#2492 = VERTEX_POINT ( 'NONE', #1227 ) ;
#2493 = DIRECTION ( 'NONE',  ( 0.000000000000000000, 0.000000000000000000, 1.000000000000000000 ) ) ;
#2494 = CARTESIAN_POINT ( 'NONE',  ( 221.5000000000000284, 120.4999999999999716, 4.500000000000000000 ) ) ;
#2495 = CARTESIAN_POINT ( 'NONE',  ( 299.5000000000000568, 108.1999999999999886, 6.000000000000000000 ) ) ;
#2496 = CARTESIAN_POINT ( 'NONE',  ( 222.6180339887498576, 4.000000000000002665, 4.500000000000000000 ) ) ;
#2497 = LINE ( 'NONE', #334, #3606 ) ;
#2498 = EDGE_LOOP ( 'NONE', ( #1946, #363, #3012, #612 ) ) ;
#2499 = DIRECTION ( 'NONE',  ( 0.000000000000000000, 1.000000000000000000, 0.000000000000000000 ) ) ;
#2500 = CARTESIAN_POINT ( 'NONE',  ( 275.8000000000000682, 106.6999999999999886, 4.500000000000000000 ) ) ;
#2501 = ORIENTED_EDGE ( 'NONE', *, *, #849, .T. ) ;
#2502 = VERTEX_POINT ( 'NONE', #825 ) ;
#2503 = EDGE_CURVE ( 'NONE', #543, #2460, #2962, .T. ) ;
#2504 = CARTESIAN_POINT ( 'NONE',  ( 267.5000000000000000, 119.4999999999999858, -59.10031446463138138 ) ) ;
#2505 = CARTESIAN_POINT ( 'NONE',  ( 299.5000000000000568, 113.0000000000000000, 6.000000000000000000 ) ) ;
#2506 = DIRECTION ( 'NONE',  ( -0.000000000000000000, 0.000000000000000000, 1.000000000000000000 ) ) ;
#2507 = ADVANCED_FACE ( 'NONE', ( #4398 ), #2608, .F. ) ;
#2508 = CIRCLE ( 'NONE', #830, 1.500000000000001332 ) ;
#2509 = FACE_BOUND ( 'NONE', #3448, .T. ) ;
#2510 = ORIENTED_EDGE ( 'NONE', *, *, #3880, .F. ) ;
#2511 = CARTESIAN_POINT ( 'NONE',  ( 26.80000000000000426, 103.5000000000000000, 5.700000000000045475 ) ) ;
#2512 = AXIS2_PLACEMENT_3D ( 'NONE', #3386, #4456, #174 ) ;
#2513 = EDGE_CURVE ( 'NONE', #1613, #467, #3394, .T. ) ;
#2514 = AXIS2_PLACEMENT_3D ( 'NONE', #617, #216, #1685 ) ;
#2515 = DIRECTION ( 'NONE',  ( 0.000000000000000000, 0.7071067811865577868, 0.7071067811865373587 ) ) ;
#2516 = FACE_OUTER_BOUND ( 'NONE', #3928, .T. ) ;
#2517 = LINE ( 'NONE', #733, #3375 ) ;
#2518 = AXIS2_PLACEMENT_3D ( 'NONE', #240, #267, #2452 ) ;
#2519 = ORIENTED_EDGE ( 'NONE', *, *, #2121, .T. ) ;
#2520 = ORIENTED_EDGE ( 'NONE', *, *, #244, .T. ) ;
#2521 = LINE ( 'NONE', #1117, #2141 ) ;
#2522 = AXIS2_PLACEMENT_3D ( 'NONE', #1795, #1400, #4638 ) ;
#2523 = CARTESIAN_POINT ( 'NONE',  ( 2.500000000000007550, 122.0000000000000000, 4.500000000000000000 ) ) ;
#2524 = DIRECTION ( 'NONE',  ( -1.000000000000000000, 0.000000000000000000, 0.000000000000000000 ) ) ;
#2525 = AXIS2_PLACEMENT_3D ( 'NONE', #2345, #3784, #183 ) ;
#2526 = VERTEX_POINT ( 'NONE', #1196 ) ;
#2527 = VERTEX_POINT ( 'NONE', #84 ) ;
#2528 = DIRECTION ( 'NONE',  ( -1.069167011387862667E-17, 1.000000000000000000, 0.000000000000000000 ) ) ;
#2529 = CARTESIAN_POINT ( 'NONE',  ( 269.5000000000000000, 103.5000000000000000, -59.10031446463138138 ) ) ;
#2530 = CONICAL_SURFACE ( 'NONE', #3590, 0.7999999999999986011, 1.029744258676652313 ) ;
#2531 = VECTOR ( 'NONE', #4176, 1000.000000000000000 ) ;
#2532 = CARTESIAN_POINT ( 'NONE',  ( 269.5000000000000000, 101.5000000000000000, 4.499999999999997335 ) ) ;
#2533 = EDGE_CURVE ( 'NONE', #2572, #2619, #3015, .T. ) ;
#2534 = AXIS2_PLACEMENT_3D ( 'NONE', #1069, #3586, #3936 ) ;
#2535 = CARTESIAN_POINT ( 'NONE',  ( 24.80000000000000426, 103.5000000000000000, 5.700000000000045475 ) ) ;
#2536 = DIRECTION ( 'NONE',  ( 0.000000000000000000, 0.000000000000000000, 1.000000000000000000 ) ) ;
#2537 = ADVANCED_FACE ( 'NONE', ( #4423 ), #4446, .F. ) ;
#2538 = DIRECTION ( 'NONE',  ( 0.000000000000000000, 0.000000000000000000, -1.000000000000000000 ) ) ;
#2539 = ORIENTED_EDGE ( 'NONE', *, *, #2180, .T. ) ;
#2540 = CARTESIAN_POINT ( 'NONE',  ( 3.799999999999999822, 61.74999999999998579, 4.000000000000000000 ) ) ;
#2541 = EDGE_CURVE ( 'NONE', #4102, #812, #3722, .T. ) ;
#2542 = DIRECTION ( 'NONE',  ( 0.000000000000000000, 0.000000000000000000, -1.000000000000000000 ) ) ;
#2543 = AXIS2_PLACEMENT_3D ( 'NONE', #4365, #2570, #2214 ) ;
#2544 = LINE ( 'NONE', #373, #384 ) ;
#2545 = CYLINDRICAL_SURFACE ( 'NONE', #3738, 1.500000000000001332 ) ;
#2546 = AXIS2_PLACEMENT_3D ( 'NONE', #1266, #2622, #1599 ) ;
#2547 = ORIENTED_EDGE ( 'NONE', *, *, #3948, .F. ) ;
#2548 = ORIENTED_EDGE ( 'NONE', *, *, #2562, .T. ) ;
#2549 = VECTOR ( 'NONE', #4475, 1000.000000000000000 ) ;
#2550 = PLANE ( 'NONE',  #2818 ) ;
#2551 = CARTESIAN_POINT ( 'NONE',  ( 109.5000000000000000, 120.4999999999999858, 4.500000000000000000 ) ) ;
#2552 = DIRECTION ( 'NONE',  ( 1.000000000000000000, 0.000000000000000000, 0.000000000000000000 ) ) ;
#2553 = CARTESIAN_POINT ( 'NONE',  ( 328.5000000000000000, 99.50000000000000000, 4.499999999999997335 ) ) ;
#2554 = VERTEX_POINT ( 'NONE', #2653 ) ;
#2555 = EDGE_CURVE ( 'NONE', #1009, #3001, #2462, .T. ) ;
#2556 = CARTESIAN_POINT ( 'NONE',  ( 28.80000000000000782, 117.5000000000000000, 5.999999999999998224 ) ) ;
#2557 = CARTESIAN_POINT ( 'NONE',  ( 331.0000000000000000, 2.500000000000007105, 0.000000000000000000 ) ) ;
#2558 = EDGE_CURVE ( 'NONE', #1540, #3688, #3891, .T. ) ;
#2559 = DIRECTION ( 'NONE',  ( -0.000000000000000000, -0.000000000000000000, -1.000000000000000000 ) ) ;
#2560 = CARTESIAN_POINT ( 'NONE',  ( 108.0000000000000000, 120.4999999999999858, 4.500000000000000000 ) ) ;
#2561 = VERTEX_POINT ( 'NONE', #4469 ) ;
#2562 = EDGE_CURVE ( 'NONE', #2249, #923, #877, .T. ) ;
#2563 = DIRECTION ( 'NONE',  ( 1.000000000000000000, 0.000000000000000000, 0.000000000000000000 ) ) ;
#2564 = CARTESIAN_POINT ( 'NONE',  ( 113.9999999999999716, 3.000000000000071942, 11.20820393249943692 ) ) ;
#2565 = ORIENTED_EDGE ( 'NONE', *, *, #3889, .T. ) ;
#2566 = EDGE_CURVE ( 'NONE', #3807, #3450, #1659, .T. ) ;
#2567 = DIRECTION ( 'NONE',  ( -1.000000000000000000, 0.000000000000000000, 0.000000000000000000 ) ) ;
#2568 = CARTESIAN_POINT ( 'NONE',  ( 299.5000000000000568, 114.5000000000000000, 4.500000000000000000 ) ) ;
#2569 = LINE ( 'NONE', #1366, #3433 ) ;
#2570 = DIRECTION ( 'NONE',  ( 0.000000000000000000, 0.000000000000000000, -1.000000000000000000 ) ) ;
#2571 = VERTEX_POINT ( 'NONE', #4144 ) ;
#2572 = VERTEX_POINT ( 'NONE', #2349 ) ;
#2573 = DIRECTION ( 'NONE',  ( -0.000000000000000000, -0.000000000000000000, -1.000000000000000000 ) ) ;
#2574 = DIRECTION ( 'NONE',  ( -1.000000000000000000, 0.000000000000000000, 0.000000000000000000 ) ) ;
#2575 = EDGE_CURVE ( 'NONE', #2375, #1175, #213, .T. ) ;
#2576 = DIRECTION ( 'NONE',  ( 0.000000000000000000, 0.000000000000000000, 1.000000000000000000 ) ) ;
#2577 = VECTOR ( 'NONE', #3623, 1000.000000000000000 ) ;
#2578 = DIRECTION ( 'NONE',  ( 0.7071067811865617836, 0.000000000000000000, 0.7071067811865331398 ) ) ;
#2579 = EDGE_CURVE ( 'NONE', #801, #3758, #541, .T. ) ;
#2580 = EDGE_LOOP ( 'NONE', ( #2723, #413, #2717, #4049 ) ) ;
#2581 = AXIS2_PLACEMENT_3D ( 'NONE', #2, #1789, #2125 ) ;
#2582 = FACE_OUTER_BOUND ( 'NONE', #1869, .T. ) ;
#2583 = DIRECTION ( 'NONE',  ( 0.000000000000000000, -1.000000000000000000, 0.000000000000000000 ) ) ;
#2584 = CIRCLE ( 'NONE', #1897, 1.500000000000001332 ) ;
#2585 = ADVANCED_FACE ( 'NONE', ( #1988 ), #2729, .F. ) ;
#2586 = ORIENTED_EDGE ( 'NONE', *, *, #1777, .T. ) ;
#2587 = CIRCLE ( 'NONE', #3798, 1.500000000000004885 ) ;
#2588 = CARTESIAN_POINT ( 'NONE',  ( 224.5000000000000284, 3.000000000000030198, 0.000000000000000000 ) ) ;
#2589 = DIRECTION ( 'NONE',  ( -0.000000000000000000, -0.000000000000000000, 1.000000000000000000 ) ) ;
#2590 = DIRECTION ( 'NONE',  ( -0.000000000000000000, 0.000000000000000000, -1.000000000000000000 ) ) ;
#2591 = DIRECTION ( 'NONE',  ( -0.000000000000000000, 0.000000000000000000, -1.000000000000000000 ) ) ;
#2592 = AXIS2_PLACEMENT_3D ( 'NONE', #4533, #4138, #3763 ) ;
#2593 = EDGE_LOOP ( 'NONE', ( #4122, #1565, #1140, #170 ) ) ;
#2594 = EDGE_LOOP ( 'NONE', ( #182, #3120, #4155, #4056 ) ) ;
#2595 = DIRECTION ( 'NONE',  ( -0.000000000000000000, -0.000000000000000000, -1.000000000000000000 ) ) ;
#2596 = VECTOR ( 'NONE', #4597, 1000.000000000000000 ) ;
#2597 = FACE_OUTER_BOUND ( 'NONE', #1312, .T. ) ;
#2598 = CIRCLE ( 'NONE', #2676, 2.700000000000035705 ) ;
#2599 = CIRCLE ( 'NONE', #557, 0.7999999999999674039 ) ;
#2600 = ORIENTED_EDGE ( 'NONE', *, *, #2789, .T. ) ;
#2601 = DIRECTION ( 'NONE',  ( -1.000000000000000000, 0.000000000000000000, 0.000000000000000000 ) ) ;
#2602 = AXIS2_PLACEMENT_3D ( 'NONE', #2603, #1488, #3718 ) ;
#2603 = CARTESIAN_POINT ( 'NONE',  ( 329.5000000000000000, 120.4999999999999574, 11.20820393249943692 ) ) ;
#2604 = ORIENTED_EDGE ( 'NONE', *, *, #3460, .T. ) ;
#2605 = EDGE_CURVE ( 'NONE', #157, #2228, #4169, .T. ) ;
#2606 = FACE_OUTER_BOUND ( 'NONE', #3557, .T. ) ;
#2607 = ORIENTED_EDGE ( 'NONE', *, *, #1888, .T. ) ;
#2608 = CYLINDRICAL_SURFACE ( 'NONE', #175, 1.500000000000001332 ) ;
#2609 = VECTOR ( 'NONE', #665, 1000.000000000000000 ) ;
#2610 = ORIENTED_EDGE ( 'NONE', *, *, #3545, .T. ) ;
#2611 = EDGE_CURVE ( 'NONE', #1175, #826, #3815, .T. ) ;
#2612 = DIRECTION ( 'NONE',  ( -0.000000000000000000, -0.000000000000000000, 1.000000000000000000 ) ) ;
#2613 = CARTESIAN_POINT ( 'NONE',  ( 329.5000000000000000, 4.499999999999988454, 4.500000000000000000 ) ) ;
#2614 = VECTOR ( 'NONE', #1340, 1000.000000000000000 ) ;
#2615 = DIRECTION ( 'NONE',  ( 1.000000000000000000, 0.000000000000000000, 0.000000000000000000 ) ) ;
#2616 = DIRECTION ( 'NONE',  ( -1.000000000000000000, -1.069167011387862667E-17, 0.000000000000000000 ) ) ;
#2617 = ORIENTED_EDGE ( 'NONE', *, *, #3349, .T. ) ;
#2618 = CIRCLE ( 'NONE', #4581, 0.8000000000000229150 ) ;
#2619 = VERTEX_POINT ( 'NONE', #1276 ) ;
#2620 = EDGE_CURVE ( 'NONE', #3197, #1796, #2841, .T. ) ;
#2621 = DIRECTION ( 'NONE',  ( -0.000000000000000000, -0.000000000000000000, -1.000000000000000000 ) ) ;
#2622 = DIRECTION ( 'NONE',  ( 0.000000000000000000, 0.000000000000000000, -1.000000000000000000 ) ) ;
#2623 = ORIENTED_EDGE ( 'NONE', *, *, #2710, .F. ) ;
#2624 = DIRECTION ( 'NONE',  ( 0.000000000000000000, 0.000000000000000000, 1.000000000000000000 ) ) ;
#2625 = LINE ( 'NONE', #771, #1083 ) ;
#2626 = CARTESIAN_POINT ( 'NONE',  ( 329.5000000000000000, 0.2999999999999538036, 6.000000000000000000 ) ) ;
#2627 = ORIENTED_EDGE ( 'NONE', *, *, #76, .F. ) ;
#2628 = DIRECTION ( 'NONE',  ( -1.000000000000000000, 0.000000000000000000, 0.000000000000000000 ) ) ;
#2629 = ORIENTED_EDGE ( 'NONE', *, *, #406, .F. ) ;
#2630 = PLANE ( 'NONE',  #3062 ) ;
#2631 = EDGE_CURVE ( 'NONE', #4232, #1979, #3518, .T. ) ;
#2632 = EDGE_LOOP ( 'NONE', ( #3190, #3008, #1963, #692 ) ) ;
#2633 = DIRECTION ( 'NONE',  ( -0.000000000000000000, -0.000000000000000000, -1.000000000000000000 ) ) ;
#2634 = DIRECTION ( 'NONE',  ( -0.000000000000000000, -0.000000000000000000, -1.000000000000000000 ) ) ;
#2635 = DIRECTION ( 'NONE',  ( 0.000000000000000000, 0.000000000000000000, -1.000000000000000000 ) ) ;
#2636 = DIRECTION ( 'NONE',  ( -0.000000000000000000, -0.000000000000000000, -1.000000000000000000 ) ) ;
#2637 = EDGE_CURVE ( 'NONE', #2572, #4355, #2224, .T. ) ;
#2638 = ORIENTED_EDGE ( 'NONE', *, *, #3806, .F. ) ;
#2639 = ORIENTED_EDGE ( 'NONE', *, *, #3983, .T. ) ;
#2640 = DIRECTION ( 'NONE',  ( -0.000000000000000000, 0.000000000000000000, 1.000000000000000000 ) ) ;
#2641 = CARTESIAN_POINT ( 'NONE',  ( 6.000000000000014211, 3.700000000000036593, 6.000000000000000000 ) ) ;
#2642 = ORIENTED_EDGE ( 'NONE', *, *, #2566, .T. ) ;
#2643 = LINE ( 'NONE', #4079, #2151 ) ;
#2644 = ADVANCED_FACE ( 'NONE', ( #3491 ), #1301, .T. ) ;
#2645 = EDGE_LOOP ( 'NONE', ( #1392, #1968, #3868, #2184 ) ) ;
#2646 = DIRECTION ( 'NONE',  ( -1.000000000000000000, 0.000000000000000000, 0.000000000000000000 ) ) ;
#2647 = LINE ( 'NONE', #3693, #4492 ) ;
#2648 = AXIS2_PLACEMENT_3D ( 'NONE', #2394, #2415, #4215 ) ;
#2649 = EDGE_CURVE ( 'NONE', #923, #4251, #2301, .T. ) ;
#2650 = AXIS2_PLACEMENT_3D ( 'NONE', #4323, #3225, #1085 ) ;
#2651 = DIRECTION ( 'NONE',  ( -0.000000000000000000, -0.000000000000000000, -1.000000000000000000 ) ) ;
#2652 = ORIENTED_EDGE ( 'NONE', *, *, #4057, .T. ) ;
#2653 = CARTESIAN_POINT ( 'NONE',  ( 330.2999999999999545, 61.74999999999998579, -1.457329690985347238E-15 ) ) ;
#2654 = AXIS2_PLACEMENT_3D ( 'NONE', #3700, #521, #4473 ) ;
#2655 = ORIENTED_EDGE ( 'NONE', *, *, #1373, .T. ) ;
#2656 = CARTESIAN_POINT ( 'NONE',  ( 3.000000000000001332, 61.74999999999998579, 4.000000000000000000 ) ) ;
#2657 = CIRCLE ( 'NONE', #1377, 1.500000000000056843 ) ;
#2658 = PLANE ( 'NONE',  #3980 ) ;
#2659 = FACE_OUTER_BOUND ( 'NONE', #4147, .T. ) ;
#2660 = CARTESIAN_POINT ( 'NONE',  ( 4.000000000000000888, 119.5000000000000000, 4.500000000000000000 ) ) ;
#2661 = CIRCLE ( 'NONE', #3646, 2.000000000000001776 ) ;
#2662 = ORIENTED_EDGE ( 'NONE', *, *, #3133, .F. ) ;
#2663 = ORIENTED_EDGE ( 'NONE', *, *, #3629, .F. ) ;
#2664 = VERTEX_POINT ( 'NONE', #1682 ) ;
#2665 = DIRECTION ( 'NONE',  ( 0.000000000000000000, 0.000000000000000000, -1.000000000000000000 ) ) ;
#2666 = DIRECTION ( 'NONE',  ( 0.000000000000000000, 0.000000000000000000, -1.000000000000000000 ) ) ;
#2667 = EDGE_CURVE ( 'NONE', #3831, #1920, #3860, .T. ) ;
#2668 = CIRCLE ( 'NONE', #1221, 0.7999999999999951594 ) ;
#2669 = DIRECTION ( 'NONE',  ( 1.000000000000000000, 0.000000000000000000, 0.000000000000000000 ) ) ;
#2670 = AXIS2_PLACEMENT_3D ( 'NONE', #4259, #282, #762 ) ;
#2671 = ORIENTED_EDGE ( 'NONE', *, *, #2611, .F. ) ;
#2672 = VERTEX_POINT ( 'NONE', #1330 ) ;
#2673 = CARTESIAN_POINT ( 'NONE',  ( 329.5000000000000000, 61.74999999999998579, 4.500000000000000000 ) ) ;
#2674 = EDGE_CURVE ( 'NONE', #2201, #3750, #2784, .T. ) ;
#2675 = CARTESIAN_POINT ( 'NONE',  ( 328.5000000000000000, 119.5000000000000000, 4.500000000000000000 ) ) ;
#2676 = AXIS2_PLACEMENT_3D ( 'NONE', #1062, #655, #4231 ) ;
#2677 = CIRCLE ( 'NONE', #2451, 2.000000000000000000 ) ;
#2678 = ORIENTED_EDGE ( 'NONE', *, *, #4123, .F. ) ;
#2679 = AXIS2_PLACEMENT_3D ( 'NONE', #2804, #4243, #999 ) ;
#2680 = FACE_OUTER_BOUND ( 'NONE', #2245, .T. ) ;
#2681 = EDGE_CURVE ( 'NONE', #3206, #3544, #1614, .T. ) ;
#2682 = ORIENTED_EDGE ( 'NONE', *, *, #3560, .T. ) ;
#2683 = DIRECTION ( 'NONE',  ( 0.000000000000000000, -1.000000000000000000, 0.000000000000000000 ) ) ;
#2684 = VECTOR ( 'NONE', #154, 1000.000000000000000 ) ;
#2685 = ORIENTED_EDGE ( 'NONE', *, *, #3836, .F. ) ;
#2686 = ORIENTED_EDGE ( 'NONE', *, *, #244, .F. ) ;
#2687 = DIRECTION ( 'NONE',  ( 0.000000000000000000, -0.000000000000000000, 1.000000000000000000 ) ) ;
#2688 = ORIENTED_EDGE ( 'NONE', *, *, #23, .T. ) ;
#2689 = CARTESIAN_POINT ( 'NONE',  ( 4.000000000000000888, 101.5000000000000000, 4.499999999999997335 ) ) ;
#2690 = DIRECTION ( 'NONE',  ( -0.000000000000000000, -0.000000000000000000, -1.000000000000000000 ) ) ;
#2691 = CARTESIAN_POINT ( 'NONE',  ( 0.000000000000000000, 120.5000000000000000, 0.000000000000000000 ) ) ;
#2692 = ORIENTED_EDGE ( 'NONE', *, *, #710, .F. ) ;
#2693 = ORIENTED_EDGE ( 'NONE', *, *, #1, .F. ) ;
#2694 = EDGE_LOOP ( 'NONE', ( #2040, #3266, #3153, #4214 ) ) ;
#2695 = CIRCLE ( 'NONE', #1405, 3.000000000000000000 ) ;
#2696 = DIRECTION ( 'NONE',  ( 0.000000000000000000, -0.000000000000000000, 1.000000000000000000 ) ) ;
#2697 = CYLINDRICAL_SURFACE ( 'NONE', #1480, 1.500000000000001332 ) ;
#2698 = CARTESIAN_POINT ( 'NONE',  ( 277.3000000000000682, 113.0000000000000000, 5.700000000000055245 ) ) ;
#2699 = AXIS2_PLACEMENT_3D ( 'NONE', #3480, #558, #1361 ) ;
#2700 = ADVANCED_FACE ( 'NONE', ( #2423 ), #3365, .F. ) ;
#2701 = ORIENTED_EDGE ( 'NONE', *, *, #2180, .F. ) ;
#2702 = ORIENTED_EDGE ( 'NONE', *, *, #3524, .T. ) ;
#2703 = AXIS2_PLACEMENT_3D ( 'NONE', #2239, #1964, #65 ) ;
#2704 = DIRECTION ( 'NONE',  ( 0.000000000000000000, -0.000000000000000000, -1.000000000000000000 ) ) ;
#2705 = DIRECTION ( 'NONE',  ( 1.000000000000000000, 0.000000000000000000, 0.000000000000000000 ) ) ;
#2706 = EDGE_CURVE ( 'NONE', #2237, #3409, #4640, .T. ) ;
#2707 = DIRECTION ( 'NONE',  ( -1.000000000000000000, 0.000000000000000000, 0.000000000000000000 ) ) ;
#2708 = VERTEX_POINT ( 'NONE', #2445 ) ;
#2709 = DIRECTION ( 'NONE',  ( -0.000000000000000000, -1.000000000000000000, -0.000000000000000000 ) ) ;
#2710 = EDGE_CURVE ( 'NONE', #1172, #2527, #2599, .T. ) ;
#2711 = ORIENTED_EDGE ( 'NONE', *, *, #3262, .F. ) ;
#2712 = DIRECTION ( 'NONE',  ( -0.000000000000000000, 0.000000000000000000, 1.000000000000000000 ) ) ;
#2713 = CARTESIAN_POINT ( 'NONE',  ( 110.9999999999999858, 3.000000000000002665, 4.000000000000000000 ) ) ;
#2714 = LINE ( 'NONE', #1569, #1841 ) ;
#2715 = CARTESIAN_POINT ( 'NONE',  ( 2.999999999999976463, 6.000000000000282441, 0.000000000000000000 ) ) ;
#2716 = EDGE_CURVE ( 'NONE', #3699, #881, #3066, .T. ) ;
#2717 = ORIENTED_EDGE ( 'NONE', *, *, #591, .T. ) ;
#2718 = ORIENTED_EDGE ( 'NONE', *, *, #3895, .T. ) ;
#2719 = CARTESIAN_POINT ( 'NONE',  ( 28.80000000000000071, 119.5000000000000000, 4.500000000000000000 ) ) ;
#2720 = FACE_OUTER_BOUND ( 'NONE', #2124, .T. ) ;
#2721 = FACE_OUTER_BOUND ( 'NONE', #1411, .T. ) ;
#2722 = VERTEX_POINT ( 'NONE', #2540 ) ;
#2723 = ORIENTED_EDGE ( 'NONE', *, *, #2351, .F. ) ;
#2724 = CARTESIAN_POINT ( 'NONE',  ( 6.000000000000003553, 99.49999999999998579, 6.000000000000000000 ) ) ;
#2725 = CARTESIAN_POINT ( 'NONE',  ( 267.5000000000000000, 119.4999999999999858, 4.499999999999997335 ) ) ;
#2726 = ADVANCED_FACE ( 'NONE', ( #2182 ), #4614, .T. ) ;
#2727 = CARTESIAN_POINT ( 'NONE',  ( 26.50000000000004263, 0.000000000000000000, 6.000000000000000000 ) ) ;
#2728 = VERTEX_POINT ( 'NONE', #1423 ) ;
#2729 = CYLINDRICAL_SURFACE ( 'NONE', #4266, 1.499999999999987566 ) ;
#2730 = ADVANCED_FACE ( 'NONE', ( #3273 ), #2879, .F. ) ;
#2731 = EDGE_LOOP ( 'NONE', ( #462, #4076, #2295, #775 ) ) ;
#2732 = ORIENTED_EDGE ( 'NONE', *, *, #2736, .F. ) ;
#2733 = DIRECTION ( 'NONE',  ( 1.000000000000000000, 1.243218491116710699E-14, 0.000000000000000000 ) ) ;
#2734 = FACE_OUTER_BOUND ( 'NONE', #4189, .T. ) ;
#2735 = CARTESIAN_POINT ( 'NONE',  ( 329.5000000000000000, 4.499999999999988454, 0.000000000000000000 ) ) ;
#2736 = EDGE_CURVE ( 'NONE', #199, #1469, #2139, .T. ) ;
#2737 = CIRCLE ( 'NONE', #757, 1.700000000000031264 ) ;
#2738 = ORIENTED_EDGE ( 'NONE', *, *, #3168, .T. ) ;
#2739 = ORIENTED_EDGE ( 'NONE', *, *, #2744, .F. ) ;
#2740 = VERTEX_POINT ( 'NONE', #3957 ) ;
#2741 = CIRCLE ( 'NONE', #3342, 1.500000000000001332 ) ;
#2742 = DIRECTION ( 'NONE',  ( -1.000000000000000000, 0.000000000000000000, 0.000000000000000000 ) ) ;
#2743 = CYLINDRICAL_SURFACE ( 'NONE', #2699, 0.7999999999999951594 ) ;
#2744 = EDGE_CURVE ( 'NONE', #2017, #3022, #1843, .T. ) ;
#2745 = CARTESIAN_POINT ( 'NONE',  ( 328.0000000000000000, 61.74999999999998579, 11.20820393249943692 ) ) ;
#2746 = VECTOR ( 'NONE', #309, 1000.000000000000000 ) ;
#2747 = VERTEX_POINT ( 'NONE', #3183 ) ;
#2748 = ORIENTED_EDGE ( 'NONE', *, *, #1650, .T. ) ;
#2749 = CARTESIAN_POINT ( 'NONE',  ( 329.5000000000000000, 118.9999999999999716, 4.500000000000000000 ) ) ;
#2750 = VERTEX_POINT ( 'NONE', #307 ) ;
#2751 = DIRECTION ( 'NONE',  ( -1.000000000000000000, 0.000000000000000000, 0.000000000000000000 ) ) ;
#2752 = CARTESIAN_POINT ( 'NONE',  ( 221.5000000000000000, 3.000000000000002665, 4.500000000000000000 ) ) ;
#2753 = VECTOR ( 'NONE', #3177, 1000.000000000000000 ) ;
#2754 = VECTOR ( 'NONE', #3855, 1000.000000000000000 ) ;
#2755 = DIRECTION ( 'NONE',  ( -1.000000000000000000, 0.000000000000000000, 0.000000000000000000 ) ) ;
#2756 = VECTOR ( 'NONE', #4648, 1000.000000000000000 ) ;
#2757 = VERTEX_POINT ( 'NONE', #4309 ) ;
#2758 = DIRECTION ( 'NONE',  ( -1.000000000000000000, 0.000000000000000000, 0.000000000000000000 ) ) ;
#2759 = ORIENTED_EDGE ( 'NONE', *, *, #1044, .F. ) ;
#2760 = AXIS2_PLACEMENT_3D ( 'NONE', #3542, #2018, #4538 ) ;
#2761 = ORIENTED_EDGE ( 'NONE', *, *, #2637, .T. ) ;
#2762 = ADVANCED_FACE ( 'NONE', ( #2516 ), #664, .T. ) ;
#2763 = DIRECTION ( 'NONE',  ( 1.000000000000000000, 0.000000000000000000, 0.000000000000000000 ) ) ;
#2764 = DIRECTION ( 'NONE',  ( -0.000000000000000000, -0.000000000000000000, -1.000000000000000000 ) ) ;
#2765 = CIRCLE ( 'NONE', #179, 1.500000000000001332 ) ;
#2766 = ORIENTED_EDGE ( 'NONE', *, *, #442, .F. ) ;
#2767 = VERTEX_POINT ( 'NONE', #333 ) ;
#2768 = EDGE_CURVE ( 'NONE', #1684, #3450, #4341, .T. ) ;
#2769 = FACE_OUTER_BOUND ( 'NONE', #3085, .T. ) ;
#2770 = DIRECTION ( 'NONE',  ( 0.000000000000000000, -0.000000000000000000, 1.000000000000000000 ) ) ;
#2771 = PLANE ( 'NONE',  #1625 ) ;
#2772 = VECTOR ( 'NONE', #3426, 1000.000000000000000 ) ;
#2773 = EDGE_LOOP ( 'NONE', ( #3990, #4583, #4285 ) ) ;
#2774 = EDGE_CURVE ( 'NONE', #4360, #2747, #1697, .T. ) ;
#2775 = ORIENTED_EDGE ( 'NONE', *, *, #4302, .T. ) ;
#2776 = DIRECTION ( 'NONE',  ( -1.000000000000000000, 0.000000000000000000, -0.000000000000000000 ) ) ;
#2777 = ORIENTED_EDGE ( 'NONE', *, *, #1633, .F. ) ;
#2778 = CARTESIAN_POINT ( 'NONE',  ( 299.5000000000000568, 108.1999999999999886, 5.700000000000055245 ) ) ;
#2779 = DIRECTION ( 'NONE',  ( -0.000000000000000000, 0.000000000000000000, 1.000000000000000000 ) ) ;
#2780 = VECTOR ( 'NONE', #4301, 1000.000000000000000 ) ;
#2781 = CARTESIAN_POINT ( 'NONE',  ( 331.0000000000000000, 64.75000000000008527, 11.20820393249943692 ) ) ;
#2782 = VERTEX_POINT ( 'NONE', #1375 ) ;
#2783 = EDGE_LOOP ( 'NONE', ( #4258, #2101, #2913, #4557, #3515, #4622, #513, #526, #3838, #740, #2748, #1162, #4663, #3500, #1543, #4146, #3156, #4345, #1833, #4025, #2808, #4374, #857, #4437, #4575, #1300, #1522, #2333, #2922, #2617, #1410, #3108, #1714, #2842, #4414, #2438, #424, #545, #3058, #2256, #1132 ) ) ;
#2784 = LINE ( 'NONE', #4222, #3812 ) ;
#2785 = ORIENTED_EDGE ( 'NONE', *, *, #620, .T. ) ;
#2786 = CARTESIAN_POINT ( 'NONE',  ( 2.500000000000007550, 1.500000000000000000, 0.000000000000000000 ) ) ;
#2787 = LINE ( 'NONE', #1663, #2863 ) ;
#2788 = DIRECTION ( 'NONE',  ( 1.000000000000000000, 0.000000000000000000, 0.000000000000000000 ) ) ;
#2789 = EDGE_CURVE ( 'NONE', #3750, #3290, #3367, .T. ) ;
#2790 = VERTEX_POINT ( 'NONE', #4642 ) ;
#2791 = EDGE_LOOP ( 'NONE', ( #3220, #1889, #2350, #2131 ) ) ;
#2792 = DIRECTION ( 'NONE',  ( 0.000000000000000000, 0.000000000000000000, -1.000000000000000000 ) ) ;
#2793 = DIRECTION ( 'NONE',  ( 0.000000000000000000, 0.000000000000000000, -1.000000000000000000 ) ) ;
#2794 = CARTESIAN_POINT ( 'NONE',  ( 6.000000000000003553, 99.49999999999998579, 5.700000000000041922 ) ) ;
#2795 = ADVANCED_FACE ( 'NONE', ( #286 ), #2919, .F. ) ;
#2796 = ORIENTED_EDGE ( 'NONE', *, *, #620, .F. ) ;
#2797 = DIRECTION ( 'NONE',  ( -1.000000000000000000, 0.000000000000000000, 0.000000000000000000 ) ) ;
#2798 = ORIENTED_EDGE ( 'NONE', *, *, #2999, .T. ) ;
#2799 = DIRECTION ( 'NONE',  ( 0.7071067811865536790, 0.000000000000000000, -0.7071067811865414665 ) ) ;
#2800 = CARTESIAN_POINT ( 'NONE',  ( 6.000000000000003553, 99.49999999999998579, 6.000000000000000000 ) ) ;
#2801 = ADVANCED_FACE ( 'NONE', ( #3208 ), #350, .F. ) ;
#2802 = DIRECTION ( 'NONE',  ( -0.000000000000000000, -0.000000000000000000, 1.000000000000000000 ) ) ;
#2803 = ORIENTED_EDGE ( 'NONE', *, *, #4037, .F. ) ;
#2804 = CARTESIAN_POINT ( 'NONE',  ( 111.0000000000000000, 120.4999999999999858, 4.000000000000000000 ) ) ;
#2805 = ADVANCED_FACE ( 'NONE', ( #1797 ), #1097, .F. ) ;
#2806 = PRODUCT_DEFINITION_SHAPE ( 'NONE', 'NONE',  #1733 ) ;
#2807 = DIRECTION ( 'NONE',  ( 0.000000000000000000, -1.000000000000000000, 0.000000000000000000 ) ) ;
#2808 = ORIENTED_EDGE ( 'NONE', *, *, #560, .T. ) ;
#2809 = CARTESIAN_POINT ( 'NONE',  ( 4.000000000000014211, 6.000000000000005329, 5.700000000000041922 ) ) ;
#2810 = CARTESIAN_POINT ( 'NONE',  ( 328.0000000000000000, 120.5000000000000000, 11.20820393249943692 ) ) ;
#2811 = DIRECTION ( 'NONE',  ( 1.000000000000000000, 0.000000000000000000, 0.000000000000000000 ) ) ;
#2812 = AXIS2_PLACEMENT_3D ( 'NONE', #1755, #2988, #3357 ) ;
#2813 = VERTEX_POINT ( 'NONE', #1443 ) ;
#2814 = EDGE_LOOP ( 'NONE', ( #1126, #562, #2326, #3823 ) ) ;
#2815 = CARTESIAN_POINT ( 'NONE',  ( 221.5000000000000000, 3.000000000000002665, 4.480688495222048928 ) ) ;
#2816 = DIRECTION ( 'NONE',  ( -1.000000000000000000, -0.000000000000000000, -0.000000000000000000 ) ) ;
#2817 = CARTESIAN_POINT ( 'NONE',  ( 24.80000000000000426, 103.5000000000000000, -59.10031446463138138 ) ) ;
#2818 = AXIS2_PLACEMENT_3D ( 'NONE', #4673, #2528, #3286 ) ;
#2819 = VERTEX_POINT ( 'NONE', #2496 ) ;
#2820 = EDGE_LOOP ( 'NONE', ( #584, #662, #1899, #4496 ) ) ;
#2821 = ADVANCED_FACE ( 'NONE', ( #732 ), #3627, .F. ) ;
#2822 = CYLINDRICAL_SURFACE ( 'NONE', #1287, 3.000000000000002665 ) ;
#2823 = ORIENTED_EDGE ( 'NONE', *, *, #3709, .F. ) ;
#2824 = CARTESIAN_POINT ( 'NONE',  ( 3.000000000000000000, 120.5000000000000000, 4.000000000000000000 ) ) ;
#2825 = VECTOR ( 'NONE', #1845, 1000.000000000000000 ) ;
#2826 = DIRECTION ( 'NONE',  ( 1.000000000000000000, 0.000000000000000000, 0.000000000000000000 ) ) ;
#2827 = CIRCLE ( 'NONE', #3730, 1.500000000000001332 ) ;
#2828 = EDGE_CURVE ( 'NONE', #3831, #1742, #1115, .T. ) ;
#2829 = LINE ( 'NONE', #996, #2209 ) ;
#2830 = ORIENTED_EDGE ( 'NONE', *, *, #2999, .F. ) ;
#2831 = DIRECTION ( 'NONE',  ( 1.000000000000000000, 0.000000000000000000, 0.000000000000000000 ) ) ;
#2832 = CIRCLE ( 'NONE', #3053, 2.299999999999968736 ) ;
#2833 = CARTESIAN_POINT ( 'NONE',  ( 275.8000000000000682, 108.1999999999999886, 5.700000000000055245 ) ) ;
#2834 = VECTOR ( 'NONE', #3605, 1000.000000000000000 ) ;
#2835 = EDGE_CURVE ( 'NONE', #3800, #4094, #39, .T. ) ;
#2836 = AXIS2_PLACEMENT_3D ( 'NONE', #3380, #4073, #3400 ) ;
#2837 = CARTESIAN_POINT ( 'NONE',  ( 6.000000000000001776, 122.0000000000000000, 11.20820393249943692 ) ) ;
#2838 = APPLICATION_PROTOCOL_DEFINITION ( 'draft international standard', 'automotive_design', 1998, #1270 ) ;
#2839 = CARTESIAN_POINT ( 'NONE',  ( 329.5000000000000000, 60.25000000000003553, 11.20820393249943692 ) ) ;
#2840 = DIRECTION ( 'NONE',  ( 0.000000000000000000, 0.000000000000000000, 1.000000000000000000 ) ) ;
#2841 = CIRCLE ( 'NONE', #4031, 2.000000000000000000 ) ;
#2842 = ORIENTED_EDGE ( 'NONE', *, *, #4394, .T. ) ;
#2843 = ORIENTED_EDGE ( 'NONE', *, *, #3658, .F. ) ;
#2844 = CARTESIAN_POINT ( 'NONE',  ( 329.5000000000000000, 61.74999999999998579, 0.000000000000000000 ) ) ;
#2845 = CIRCLE ( 'NONE', #1020, 1.500000000000001332 ) ;
#2846 = CARTESIAN_POINT ( 'NONE',  ( 328.5000000000000000, 6.000000000000032863, 4.500000000000000000 ) ) ;
#2847 = CARTESIAN_POINT ( 'NONE',  ( 275.5000000000000568, 113.0000000000000000, 6.000000000000000000 ) ) ;
#2848 = CONICAL_SURFACE ( 'NONE', #3437, 0.8000000000000229150, 1.029744258676666302 ) ;
#2849 = VERTEX_POINT ( 'NONE', #441 ) ;
#2850 = FACE_OUTER_BOUND ( 'NONE', #1666, .T. ) ;
#2851 = ORIENTED_EDGE ( 'NONE', *, *, #1188, .F. ) ;
#2852 = DIRECTION ( 'NONE',  ( 1.000000000000000000, -9.251858538542943823E-15, 0.000000000000000000 ) ) ;
#2853 = CARTESIAN_POINT ( 'NONE',  ( 267.5000000000000000, 103.5000000000000000, -59.10031446463138138 ) ) ;
#2854 = CONICAL_SURFACE ( 'NONE', #722, 0.7999999999999951594, 1.029744258676650981 ) ;
#2855 = ADVANCED_FACE ( 'NONE', ( #57 ), #3011, .T. ) ;
#2856 = AXIS2_PLACEMENT_3D ( 'NONE', #1190, #486, #1929 ) ;
#2857 = FACE_OUTER_BOUND ( 'NONE', #3846, .T. ) ;
#2858 = ORIENTED_EDGE ( 'NONE', *, *, #368, .T. ) ;
#2859 = ORIENTED_EDGE ( 'NONE', *, *, #2213, .F. ) ;
#2860 = CARTESIAN_POINT ( 'NONE',  ( 221.5000000000000000, 3.000000000000002665, 0.000000000000000000 ) ) ;
#2861 = DIRECTION ( 'NONE',  ( 1.000000000000000000, 0.000000000000000000, 0.000000000000000000 ) ) ;
#2862 = ADVANCED_FACE ( 'NONE', ( #3298 ), #1151, .F. ) ;
#2863 = VECTOR ( 'NONE', #2426, 1000.000000000000000 ) ;
#2864 = LINE ( 'NONE', #2186, #1679 ) ;
#2865 = DIRECTION ( 'NONE',  ( 0.000000000000000000, 0.000000000000000000, -1.000000000000000000 ) ) ;
#2866 = EDGE_CURVE ( 'NONE', #4001, #2502, #2647, .T. ) ;
#2867 = ORIENTED_EDGE ( 'NONE', *, *, #2417, .F. ) ;
#2868 = ORIENTED_EDGE ( 'NONE', *, *, #3025, .T. ) ;
#2869 = CARTESIAN_POINT ( 'NONE',  ( 1.499999999999976463, 6.000000000000282441, 4.500000000000000000 ) ) ;
#2870 = FACE_OUTER_BOUND ( 'NONE', #3614, .T. ) ;
#2871 = CYLINDRICAL_SURFACE ( 'NONE', #1768, 2.000000000000001776 ) ;
#2872 = EDGE_CURVE ( 'NONE', #2307, #4590, #1131, .T. ) ;
#2873 = DIRECTION ( 'NONE',  ( 0.000000000000000000, 1.000000000000000000, 0.000000000000000000 ) ) ;
#2874 = ORIENTED_EDGE ( 'NONE', *, *, #1182, .F. ) ;
#2875 = CARTESIAN_POINT ( 'NONE',  ( 3.000000000000000000, 120.5000000000000000, 0.000000000000000000 ) ) ;
#2876 = DIRECTION ( 'NONE',  ( 1.000000000000000000, 0.000000000000000000, 0.000000000000000000 ) ) ;
#2877 = DIRECTION ( 'NONE',  ( -1.000000000000000000, 0.000000000000000000, 0.000000000000000000 ) ) ;
#2878 = VERTEX_POINT ( 'NONE', #1884 ) ;
#2879 = CYLINDRICAL_SURFACE ( 'NONE', #635, 2.000000000000001776 ) ;
#2880 = CARTESIAN_POINT ( 'NONE',  ( 0.2999999999999538036, 3.000000000000000000, 6.000000000000000000 ) ) ;
#2881 = EDGE_CURVE ( 'NONE', #3770, #1577, #561, .T. ) ;
#2882 = LINE ( 'NONE', #3616, #3126 ) ;
#2883 = DIRECTION ( 'NONE',  ( -1.000000000000000000, -0.000000000000000000, -0.000000000000000000 ) ) ;
#2884 = EDGE_LOOP ( 'NONE', ( #1705, #1343 ) ) ;
#2885 = ORIENTED_EDGE ( 'NONE', *, *, #1933, .F. ) ;
#2886 = EDGE_CURVE ( 'NONE', #782, #3259, #408, .T. ) ;
#2887 = DIRECTION ( 'NONE',  ( 0.000000000000000000, 0.000000000000000000, -1.000000000000000000 ) ) ;
#2888 = DIRECTION ( 'NONE',  ( -1.000000000000000000, 0.000000000000000000, 0.000000000000000000 ) ) ;
#2889 = DIRECTION ( 'NONE',  ( -0.000000000000000000, -0.000000000000000000, 1.000000000000000000 ) ) ;
#2890 = ORIENTED_EDGE ( 'NONE', *, *, #936, .F. ) ;
#2891 = ADVANCED_FACE ( 'NONE', ( #819 ), #2985, .T. ) ;
#2892 = CARTESIAN_POINT ( 'NONE',  ( 1.500000000000000000, 2.500000000000007550, 0.000000000000000000 ) ) ;
#2893 = DIRECTION ( 'NONE',  ( 0.000000000000000000, -0.000000000000000000, -1.000000000000000000 ) ) ;
#2894 = AXIS2_PLACEMENT_3D ( 'NONE', #1947, #2621, #4058 ) ;
#2895 = VECTOR ( 'NONE', #2946, 1000.000000000000000 ) ;
#2896 = CARTESIAN_POINT ( 'NONE',  ( 221.5000000000000000, 3.000000000000002665, 11.20820393249943692 ) ) ;
#2897 = DIRECTION ( 'NONE',  ( -0.000000000000000000, 0.000000000000000000, 1.000000000000000000 ) ) ;
#2898 = CARTESIAN_POINT ( 'NONE',  ( 220.7000000000000171, 3.000000000000002665, 0.000000000000000000 ) ) ;
#2899 = AXIS2_PLACEMENT_3D ( 'NONE', #1821, #2143, #3279 ) ;
#2900 = VERTEX_POINT ( 'NONE', #772 ) ;
#2901 = PLANE ( 'NONE',  #77 ) ;
#2902 = DIRECTION ( 'NONE',  ( 0.000000000000000000, 0.000000000000000000, -1.000000000000000000 ) ) ;
#2903 = EDGE_CURVE ( 'NONE', #3328, #386, #799, .T. ) ;
#2904 = AXIS2_PLACEMENT_3D ( 'NONE', #2778, #971, #4216 ) ;
#2905 = EDGE_LOOP ( 'NONE', ( #997, #1321, #604, #3182, #898, #734 ) ) ;
#2906 = VERTEX_POINT ( 'NONE', #1862 ) ;
#2907 = LINE ( 'NONE', #3967, #1370 ) ;
#2908 = FACE_OUTER_BOUND ( 'NONE', #3822, .T. ) ;
#2909 = AXIS2_PLACEMENT_3D ( 'NONE', #2319, #4486, #531 ) ;
#2910 = CIRCLE ( 'NONE', #1013, 0.7999999999999986011 ) ;
#2911 = DIRECTION ( 'NONE',  ( 0.000000000000000000, 0.000000000000000000, -1.000000000000000000 ) ) ;
#2912 = EDGE_CURVE ( 'NONE', #3641, #2443, #3068, .T. ) ;
#2913 = ORIENTED_EDGE ( 'NONE', *, *, #4399, .T. ) ;
#2914 = FACE_OUTER_BOUND ( 'NONE', #4068, .T. ) ;
#2915 = DIRECTION ( 'NONE',  ( 0.000000000000000000, -0.000000000000000000, -1.000000000000000000 ) ) ;
#2916 = CIRCLE ( 'NONE', #1776, 1.500000000000084599 ) ;
#2917 = EDGE_CURVE ( 'NONE', #3890, #3043, #3032, .T. ) ;
#2918 = DIRECTION ( 'NONE',  ( 0.000000000000000000, 0.000000000000000000, 1.000000000000000000 ) ) ;
#2919 = CYLINDRICAL_SURFACE ( 'NONE', #1319, 1.500000000000001332 ) ;
#2920 = EDGE_CURVE ( 'NONE', #923, #3596, #2227, .T. ) ;
#2921 = VECTOR ( 'NONE', #2092, 1000.000000000000000 ) ;
#2922 = ORIENTED_EDGE ( 'NONE', *, *, #3603, .T. ) ;
#2923 = DIRECTION ( 'NONE',  ( -1.000000000000000000, 0.000000000000000000, 0.000000000000000000 ) ) ;
#2924 = CYLINDRICAL_SURFACE ( 'NONE', #4185, 1.500000000000056843 ) ;
#2925 = CIRCLE ( 'NONE', #873, 2.000000000000001776 ) ;
#2926 = ORIENTED_EDGE ( 'NONE', *, *, #2337, .F. ) ;
#2927 = ORIENTED_EDGE ( 'NONE', *, *, #2579, .F. ) ;
#2928 = COLOUR_RGB ( '',0.7921568627450980005, 0.8196078431372548767, 0.9333333333333333481 ) ;
#2929 = CYLINDRICAL_SURFACE ( 'NONE', #841, 0.8000000000000229150 ) ;
#2930 = CYLINDRICAL_SURFACE ( 'NONE', #3974, 2.000000000000001776 ) ;
#2931 = DIRECTION ( 'NONE',  ( 0.000000000000000000, 0.000000000000000000, -1.000000000000000000 ) ) ;
#2932 = VERTEX_POINT ( 'NONE', #3648 ) ;
#2933 = EDGE_LOOP ( 'NONE', ( #4311, #4385, #3776, #1024 ) ) ;
#2934 = CARTESIAN_POINT ( 'NONE',  ( 329.5000000000000000, 3.000000000000000000, 4.500000000000000000 ) ) ;
#2935 = ADVANCED_FACE ( 'NONE', ( #4418 ), #1022, .F. ) ;
#2936 = CYLINDRICAL_SURFACE ( 'NONE', #4333, 1.500000000000001332 ) ;
#2937 = LINE ( 'NONE', #4392, #2966 ) ;
#2938 = EDGE_CURVE ( 'NONE', #1998, #3549, #105, .T. ) ;
#2939 = DIRECTION ( 'NONE',  ( 0.000000000000000000, 0.000000000000000000, -1.000000000000000000 ) ) ;
#2940 = VERTEX_POINT ( 'NONE', #2298 ) ;
#2941 = CARTESIAN_POINT ( 'NONE',  ( 112.1180339887498576, 4.000000000000000888, 4.500000000000000000 ) ) ;
#2942 = EDGE_CURVE ( 'NONE', #739, #782, #2916, .T. ) ;
#2943 = DIRECTION ( 'NONE',  ( -0.000000000000000000, 1.000000000000000000, -0.000000000000000000 ) ) ;
#2944 = ORIENTED_EDGE ( 'NONE', *, *, #1863, .F. ) ;
#2945 = ORIENTED_EDGE ( 'NONE', *, *, #3658, .T. ) ;
#2946 = DIRECTION ( 'NONE',  ( 1.000000000000000000, 0.000000000000000000, 0.000000000000000000 ) ) ;
#2947 = CARTESIAN_POINT ( 'NONE',  ( 218.5000000000000284, 1.500000000000000000, 4.500000000000000000 ) ) ;
#2948 = LINE ( 'NONE', #787, #3876 ) ;
#2949 = DIRECTION ( 'NONE',  ( 0.000000000000000000, 0.000000000000000000, -1.000000000000000000 ) ) ;
#2950 = ORIENTED_EDGE ( 'NONE', *, *, #4123, .T. ) ;
#2951 = ORIENTED_EDGE ( 'NONE', *, *, #3084, .T. ) ;
#2952 = DIRECTION ( 'NONE',  ( -1.000000000000000000, 0.000000000000000000, 0.000000000000000000 ) ) ;
#2953 = DIRECTION ( 'NONE',  ( -0.000000000000000000, -0.000000000000000000, -1.000000000000000000 ) ) ;
#2954 = EDGE_CURVE ( 'NONE', #1116, #2460, #4411, .T. ) ;
#2955 = DIRECTION ( 'NONE',  ( -1.000000000000000000, 0.000000000000000000, 0.000000000000000000 ) ) ;
#2956 = AXIS2_PLACEMENT_3D ( 'NONE', #3079, #2665, #889 ) ;
#2957 = DIRECTION ( 'NONE',  ( -0.000000000000000000, -0.000000000000000000, -1.000000000000000000 ) ) ;
#2958 = EDGE_CURVE ( 'NONE', #2460, #1493, #394, .T. ) ;
#2959 = AXIS2_PLACEMENT_3D ( 'NONE', #1080, #3924, #360 ) ;
#2960 = DIRECTION ( 'NONE',  ( 7.560152439733059192E-18, -0.7071067811865414665, -0.7071067811865536790 ) ) ;
#2961 = ORIENTED_EDGE ( 'NONE', *, *, #1585, .F. ) ;
#2962 = LINE ( 'NONE', #517, #480 ) ;
#2963 = VECTOR ( 'NONE', #1406, 1000.000000000000000 ) ;
#2964 = EDGE_CURVE ( 'NONE', #1885, #1540, #3316, .T. ) ;
#2965 = ORIENTED_EDGE ( 'NONE', *, *, #2987, .F. ) ;
#2966 = VECTOR ( 'NONE', #1150, 1000.000000000000000 ) ;
#2967 = ORIENTED_EDGE ( 'NONE', *, *, #2649, .T. ) ;
#2968 = DIRECTION ( 'NONE',  ( -0.000000000000000000, -0.000000000000000000, -1.000000000000000000 ) ) ;
#2969 = PLANE ( 'NONE',  #4048 ) ;
#2970 = DIRECTION ( 'NONE',  ( -0.000000000000000000, -0.000000000000000000, -1.000000000000000000 ) ) ;
#2971 = CARTESIAN_POINT ( 'NONE',  ( 1.500000000000000000, 2.500000000000007550, 4.500000000000000000 ) ) ;
#2972 = EDGE_LOOP ( 'NONE', ( #73, #1786, #910, #4060 ) ) ;
#2973 = EDGE_LOOP ( 'NONE', ( #4471, #3040, #3345, #4559 ) ) ;
#2974 = ORIENTED_EDGE ( 'NONE', *, *, #885, .T. ) ;
#2975 = VECTOR ( 'NONE', #3295, 1000.000000000000114 ) ;
#2976 = DIRECTION ( 'NONE',  ( -1.000000000000000000, 0.000000000000000000, -0.000000000000000000 ) ) ;
#2977 = AXIS2_PLACEMENT_3D ( 'NONE', #1644, #3143, #218 ) ;
#2978 = FACE_OUTER_BOUND ( 'NONE', #2773, .T. ) ;
#2979 = VERTEX_POINT ( 'NONE', #2324 ) ;
#2980 = ORIENTED_EDGE ( 'NONE', *, *, #1362, .F. ) ;
#2981 = CARTESIAN_POINT ( 'NONE',  ( 269.5000000000000000, 101.7999999999999545, 6.000000000000000000 ) ) ;
#2982 = CIRCLE ( 'NONE', #2377, 2.000000000000000000 ) ;
#2983 = AXIS2_PLACEMENT_3D ( 'NONE', #4120, #852, #496 ) ;
#2984 = CARTESIAN_POINT ( 'NONE',  ( 3.000000000000001332, 61.74999999999998579, 0.000000000000000000 ) ) ;
#2985 = CONICAL_SURFACE ( 'NONE', #3144, 2.700000000000045919, 0.7853981633974469467 ) ;
#2986 = DIRECTION ( 'NONE',  ( 0.000000000000000000, 0.000000000000000000, -1.000000000000000000 ) ) ;
#2987 = EDGE_CURVE ( 'NONE', #220, #1233, #2765, .T. ) ;
#2988 = DIRECTION ( 'NONE',  ( 1.000000000000000000, 1.126443815569355400E-16, -0.000000000000000000 ) ) ;
#2989 = DIRECTION ( 'NONE',  ( -1.000000000000000000, 0.000000000000000000, -0.000000000000000000 ) ) ;
#2990 = ORIENTED_EDGE ( 'NONE', *, *, #1277, .F. ) ;
#2991 = CARTESIAN_POINT ( 'NONE',  ( 3.000000000000000444, 119.0000000000000000, 11.20820393249943692 ) ) ;
#2992 = EDGE_CURVE ( 'NONE', #3014, #1673, #2083, .T. ) ;
#2993 = CIRCLE ( 'NONE', #3151, 1.500000000000000444 ) ;
#2994 = ORIENTED_EDGE ( 'NONE', *, *, #3078, .T. ) ;
#2995 = DIRECTION ( 'NONE',  ( -1.000000000000000000, 0.000000000000000000, 0.000000000000000000 ) ) ;
#2996 = CARTESIAN_POINT ( 'NONE',  ( 2.999999999999976907, 4.500000000000198064, 0.000000000000000000 ) ) ;
#2997 = CIRCLE ( 'NONE', #1107, 1.500000000000001332 ) ;
#2998 = CARTESIAN_POINT ( 'NONE',  ( 328.5000000000000000, 101.5000000000000000, -59.10031446463138138 ) ) ;
#2999 = EDGE_CURVE ( 'NONE', #2747, #3372, #3835, .T. ) ;
#3000 = CARTESIAN_POINT ( 'NONE',  ( 221.5000000000000284, 120.4999999999999716, 0.000000000000000000 ) ) ;
#3001 = VERTEX_POINT ( 'NONE', #589 ) ;
#3002 = AXIS2_PLACEMENT_3D ( 'NONE', #1184, #2634, #4072 ) ;
#3003 = EDGE_LOOP ( 'NONE', ( #2994, #3951, #3226, #685, #4168, #3110 ) ) ;
#3004 = FACE_BOUND ( 'NONE', #2884, .T. ) ;
#3005 = CARTESIAN_POINT ( 'NONE',  ( 329.5000000000000000, 0.000000000000000000, 0.000000000000000000 ) ) ;
#3006 = ORIENTED_EDGE ( 'NONE', *, *, #4390, .F. ) ;
#3007 = ADVANCED_FACE ( 'NONE', ( #258 ), #3446, .T. ) ;
#3008 = ORIENTED_EDGE ( 'NONE', *, *, #1863, .T. ) ;
#3009 = CARTESIAN_POINT ( 'NONE',  ( 5.999999999999977796, 3.000000000000113687, 0.000000000000000000 ) ) ;
#3010 = CARTESIAN_POINT ( 'NONE',  ( 4.000000000000003553, 99.50000000000000000, 4.500000000000000000 ) ) ;
#3011 = CYLINDRICAL_SURFACE ( 'NONE', #2602, 1.500000000000001332 ) ;
#3012 = ORIENTED_EDGE ( 'NONE', *, *, #4354, .T. ) ;
#3013 = PLANE ( 'NONE',  #3504 ) ;
#3014 = VERTEX_POINT ( 'NONE', #4493 ) ;
#3015 = LINE ( 'NONE', #1541, #1616 ) ;
#3016 = ORIENTED_EDGE ( 'NONE', *, *, #1, .T. ) ;
#3017 = EDGE_CURVE ( 'NONE', #3121, #180, #2035, .T. ) ;
#3018 = FACE_OUTER_BOUND ( 'NONE', #1506, .T. ) ;
#3019 = CARTESIAN_POINT ( 'NONE',  ( 326.5000000000000000, 120.5000000000000000, 0.000000000000000000 ) ) ;
#3020 = DIRECTION ( 'NONE',  ( 0.000000000000000000, 1.000000000000000000, 0.000000000000000000 ) ) ;
#3021 = CARTESIAN_POINT ( 'NONE',  ( 111.7999999999999972, 120.4999999999999858, 0.000000000000000000 ) ) ;
#3022 = VERTEX_POINT ( 'NONE', #948 ) ;
#3023 = VERTEX_POINT ( 'NONE', #3131 ) ;
#3024 = VERTEX_POINT ( 'NONE', #537 ) ;
#3025 = EDGE_CURVE ( 'NONE', #3685, #1674, #1295, .T. ) ;
#3026 = CARTESIAN_POINT ( 'NONE',  ( 4.000000000000000888, 119.5000000000000000, 5.700000000000041922 ) ) ;
#3027 = DIRECTION ( 'NONE',  ( 0.000000000000000000, 0.7071067811865536790, -0.7071067811865414665 ) ) ;
#3028 = CARTESIAN_POINT ( 'NONE',  ( 2.500000000000007550, 1.500000000000000000, 4.500000000000000000 ) ) ;
#3029 = CARTESIAN_POINT ( 'NONE',  ( 328.0000000000000000, 61.74999999999998579, 4.500000000000000000 ) ) ;
#3030 = EDGE_CURVE ( 'NONE', #3596, #2979, #636, .T. ) ;
#3031 = DIRECTION ( 'NONE',  ( 1.000000000000000000, 0.000000000000000000, 0.000000000000000000 ) ) ;
#3032 = LINE ( 'NONE', #4085, #2161 ) ;
#3033 = CIRCLE ( 'NONE', #1959, 1.500000000000001332 ) ;
#3034 = ORIENTED_EDGE ( 'NONE', *, *, #4297, .F. ) ;
#3035 = CIRCLE ( 'NONE', #3415, 1.500000000000083711 ) ;
#3036 = DIRECTION ( 'NONE',  ( -0.000000000000000000, -0.000000000000000000, 1.000000000000000000 ) ) ;
#3037 = VERTEX_POINT ( 'NONE', #229 ) ;
#3038 = DIRECTION ( 'NONE',  ( 1.000000000000000000, 0.000000000000000000, 0.000000000000000000 ) ) ;
#3039 = VECTOR ( 'NONE', #4124, 1000.000000000000000 ) ;
#3040 = ORIENTED_EDGE ( 'NONE', *, *, #1409, .T. ) ;
#3041 = CARTESIAN_POINT ( 'NONE',  ( 329.5000000000000000, 120.5000000000000000, 5.700000000000045475 ) ) ;
#3042 = AXIS2_PLACEMENT_3D ( 'NONE', #4045, #3696, #4067 ) ;
#3043 = VERTEX_POINT ( 'NONE', #185 ) ;
#3044 = LINE ( 'NONE', #805, #2244 ) ;
#3045 = DIRECTION ( 'NONE',  ( -0.000000000000000000, 0.000000000000000000, -1.000000000000000000 ) ) ;
#3046 = DIRECTION ( 'NONE',  ( 0.000000000000000000, 0.000000000000000000, -1.000000000000000000 ) ) ;
#3047 = EDGE_CURVE ( 'NONE', #956, #981, #3894, .T. ) ;
#3048 = AXIS2_PLACEMENT_3D ( 'NONE', #4589, #4536, #233 ) ;
#3049 = ORIENTED_EDGE ( 'NONE', *, *, #4270, .T. ) ;
#3050 = ORIENTED_EDGE ( 'NONE', *, *, #3336, .F. ) ;
#3051 = PLANE ( 'NONE',  #1290 ) ;
#3052 = DIRECTION ( 'NONE',  ( -1.000000000000000000, 0.000000000000000000, 0.000000000000000000 ) ) ;
#3053 = AXIS2_PLACEMENT_3D ( 'NONE', #2724, #3466, #3031 ) ;
#3054 = CARTESIAN_POINT ( 'NONE',  ( 332.5000000000000000, 3.000000000000000000, 4.500000000000000000 ) ) ;
#3055 = EDGE_CURVE ( 'NONE', #2819, #227, #2845, .T. ) ;
#3056 = VECTOR ( 'NONE', #2196, 1000.000000000000000 ) ;
#3057 = VECTOR ( 'NONE', #2970, 1000.000000000000000 ) ;
#3058 = ORIENTED_EDGE ( 'NONE', *, *, #2917, .T. ) ;
#3059 = FACE_OUTER_BOUND ( 'NONE', #1198, .T. ) ;
#3060 = DIRECTION ( 'NONE',  ( 0.000000000000000000, -0.000000000000000000, 1.000000000000000000 ) ) ;
#3061 = ADVANCED_FACE ( 'NONE', ( #4561 ), #3511, .F. ) ;
#3062 = AXIS2_PLACEMENT_3D ( 'NONE', #62, #4047, #2329 ) ;
#3063 = VECTOR ( 'NONE', #3915, 1000.000000000000114 ) ;
#3064 = LINE ( 'NONE', #2727, #4626 ) ;
#3065 = EDGE_LOOP ( 'NONE', ( #1146, #718, #2732, #1864 ) ) ;
#3066 = LINE ( 'NONE', #4497, #3063 ) ;
#3067 = EDGE_CURVE ( 'NONE', #4355, #812, #4534, .T. ) ;
#3068 = CIRCLE ( 'NONE', #3525, 1.500000000000004441 ) ;
#3069 = ORIENTED_EDGE ( 'NONE', *, *, #1912, .F. ) ;
#3070 = LINE ( 'NONE', #1279, #4391 ) ;
#3071 = ORIENTED_EDGE ( 'NONE', *, *, #929, .F. ) ;
#3072 = CARTESIAN_POINT ( 'NONE',  ( 326.5000000000000000, 99.50000000000000000, 5.999999999999998224 ) ) ;
#3073 = CARTESIAN_POINT ( 'NONE',  ( 3.000000000000000000, 58.75000000000001421, 4.500000000000000000 ) ) ;
#3074 = CARTESIAN_POINT ( 'NONE',  ( 112.5000000000000142, 120.4999999999999858, 4.500000000000000000 ) ) ;
#3075 = ORIENTED_EDGE ( 'NONE', *, *, #142, .F. ) ;
#3076 = VERTEX_POINT ( 'NONE', #1983 ) ;
#3077 = VECTOR ( 'NONE', #2616, 1000.000000000000000 ) ;
#3078 = EDGE_CURVE ( 'NONE', #4250, #1297, #4162, .T. ) ;
#3079 = CARTESIAN_POINT ( 'NONE',  ( 329.5000000000000000, 64.75000000000008527, 11.20820393249943692 ) ) ;
#3080 = LINE ( 'NONE', #913, #37 ) ;
#3081 = DIRECTION ( 'NONE',  ( 0.8571673007021112234, 1.049727191138617340E-16, -0.5150380749100560429 ) ) ;
#3082 = VECTOR ( 'NONE', #2126, 1000.000000000000000 ) ;
#3083 = VERTEX_POINT ( 'NONE', #2013 ) ;
#3084 = EDGE_CURVE ( 'NONE', #3695, #4171, #85, .T. ) ;
#3085 = EDGE_LOOP ( 'NONE', ( #42, #4431, #811, #579 ) ) ;
#3086 = AXIS2_PLACEMENT_3D ( 'NONE', #2713, #195, #217 ) ;
#3087 = CARTESIAN_POINT ( 'NONE',  ( 269.5000000000000000, 103.5000000000000000, 4.499999999999997335 ) ) ;
#3088 = CARTESIAN_POINT ( 'NONE',  ( 299.5000000000000568, 108.1999999999999886, -0.001000000000000132727 ) ) ;
#3089 = ADVANCED_FACE ( 'NONE', ( #1348 ), #1985, .F. ) ;
#3090 = DIRECTION ( 'NONE',  ( -1.000000000000000000, 0.000000000000000000, 0.000000000000000000 ) ) ;
#3091 = ORIENTED_EDGE ( 'NONE', *, *, #1950, .F. ) ;
#3092 = DIRECTION ( 'NONE',  ( 0.000000000000000000, 0.000000000000000000, -1.000000000000000000 ) ) ;
#3093 = ORIENTED_EDGE ( 'NONE', *, *, #1593, .F. ) ;
#3094 = EDGE_CURVE ( 'NONE', #2216, #2375, #705, .T. ) ;
#3095 = FACE_OUTER_BOUND ( 'NONE', #1554, .T. ) ;
#3096 = CARTESIAN_POINT ( 'NONE',  ( 275.8000000000000682, 114.5000000000000000, 4.500000000000000000 ) ) ;
#3097 = ORIENTED_EDGE ( 'NONE', *, *, #2667, .F. ) ;
#3098 = ORIENTED_EDGE ( 'NONE', *, *, #1434, .F. ) ;
#3099 = DIRECTION ( 'NONE',  ( 1.000000000000000000, 0.000000000000000000, 0.000000000000000000 ) ) ;
#3100 = FACE_OUTER_BOUND ( 'NONE', #4517, .T. ) ;
#3101 = DIRECTION ( 'NONE',  ( 1.000000000000000000, 0.000000000000000000, 0.000000000000000000 ) ) ;
#3102 = ORIENTED_EDGE ( 'NONE', *, *, #978, .F. ) ;
#3103 = CARTESIAN_POINT ( 'NONE',  ( 331.0000000000000000, 2.500000000000007105, 0.000000000000000000 ) ) ;
#3104 = EDGE_LOOP ( 'NONE', ( #1378, #2604, #1418, #338 ) ) ;
#3105 = DIRECTION ( 'NONE',  ( 0.000000000000000000, 0.000000000000000000, -1.000000000000000000 ) ) ;
#3106 = CARTESIAN_POINT ( 'NONE',  ( 0.000000000000000000, 123.5000000000000000, 4.500000000000000000 ) ) ;
#3107 = ADVANCED_FACE ( 'NONE', ( #3442 ), #1635, .F. ) ;
#3108 = ORIENTED_EDGE ( 'NONE', *, *, #809, .T. ) ;
#3109 = DIRECTION ( 'NONE',  ( 0.000000000000000000, 0.000000000000000000, -1.000000000000000000 ) ) ;
#3110 = ORIENTED_EDGE ( 'NONE', *, *, #3179, .F. ) ;
#3111 = CARTESIAN_POINT ( 'NONE',  ( 114.0000000000000000, 120.5000000000000000, 11.20820393249943692 ) ) ;
#3112 = ADVANCED_FACE ( 'NONE', ( #634 ), #3879, .F. ) ;
#3113 = AXIS2_PLACEMENT_3D ( 'NONE', #4605, #1364, #1323 ) ;
#3114 = EDGE_LOOP ( 'NONE', ( #4600, #2951, #944, #2652, #3673, #3436 ) ) ;
#3115 = DIRECTION ( 'NONE',  ( -0.8571673007021105573, 0.000000000000000000, -0.5150380749100571531 ) ) ;
#3116 = CARTESIAN_POINT ( 'NONE',  ( 330.3000000000000114, 120.4999999999999574, 4.000000000000000000 ) ) ;
#3117 = DIRECTION ( 'NONE',  ( 1.000000000000000000, 0.000000000000000000, 0.000000000000000000 ) ) ;
#3118 = AXIS2_PLACEMENT_3D ( 'NONE', #2078, #4209, #3552 ) ;
#3119 = EDGE_CURVE ( 'NONE', #1623, #881, #3178, .T. ) ;
#3120 = ORIENTED_EDGE ( 'NONE', *, *, #994, .F. ) ;
#3121 = VERTEX_POINT ( 'NONE', #365 ) ;
#3122 = AXIS2_PLACEMENT_3D ( 'NONE', #26, #1121, #2191 ) ;
#3123 = DIRECTION ( 'NONE',  ( 1.000000000000000000, 0.000000000000000000, 0.000000000000000000 ) ) ;
#3124 = DIRECTION ( 'NONE',  ( 1.000000000000000000, 0.000000000000000000, 0.000000000000000000 ) ) ;
#3125 = DIRECTION ( 'NONE',  ( -1.000000000000000000, 0.000000000000000000, 0.000000000000000000 ) ) ;
#3126 = VECTOR ( 'NONE', #1449, 1000.000000000000000 ) ;
#3127 = ORIENTED_EDGE ( 'NONE', *, *, #673, .F. ) ;
#3128 = PLANE ( 'NONE',  #3113 ) ;
#3129 = AXIS2_PLACEMENT_3D ( 'NONE', #2896, #4308, #3955 ) ;
#3130 = CARTESIAN_POINT ( 'NONE',  ( 3.000000000000000000, 120.5000000000000000, 0.000000000000000000 ) ) ;
#3131 = CARTESIAN_POINT ( 'NONE',  ( 0.2999999999999503064, 120.5000000000000000, 6.000000000000000000 ) ) ;
#3132 = VECTOR ( 'NONE', #1930, 1000.000000000000000 ) ;
#3133 = EDGE_CURVE ( 'NONE', #3921, #812, #2450, .T. ) ;
#3134 = DIRECTION ( 'NONE',  ( -0.000000000000000000, -0.000000000000000000, -1.000000000000000000 ) ) ;
#3135 = CIRCLE ( 'NONE', #3734, 1.799999999999968292 ) ;
#3136 = ORIENTED_EDGE ( 'NONE', *, *, #943, .F. ) ;
#3137 = CARTESIAN_POINT ( 'NONE',  ( 275.8000000000000682, 106.6999999999999886, 5.700000000000055245 ) ) ;
#3138 = AXIS2_PLACEMENT_3D ( 'NONE', #4669, #1034, #3617 ) ;
#3139 = ORIENTED_EDGE ( 'NONE', *, *, #3615, .F. ) ;
#3140 = EDGE_CURVE ( 'NONE', #3407, #923, #4478, .T. ) ;
#3141 = DIRECTION ( 'NONE',  ( 1.000000000000000000, 0.000000000000000000, 0.000000000000000000 ) ) ;
#3142 =( NAMED_UNIT ( * ) PLANE_ANGLE_UNIT ( ) SI_UNIT ( $, .RADIAN. ) );
#3143 = DIRECTION ( 'NONE',  ( -1.608701289634969115E-16, 0.7071067811865269226, -0.7071067811865682229 ) ) ;
#3144 = AXIS2_PLACEMENT_3D ( 'NONE', #1908, #2939, #4065 ) ;
#3145 = VERTEX_POINT ( 'NONE', #283 ) ;
#3146 = ORIENTED_EDGE ( 'NONE', *, *, #4240, .T. ) ;
#3147 = EDGE_CURVE ( 'NONE', #1101, #2108, #4260, .T. ) ;
#3148 = LINE ( 'NONE', #4228, #4084 ) ;
#3149 = LINE ( 'NONE', #984, #4127 ) ;
#3150 = CARTESIAN_POINT ( 'NONE',  ( 218.5000000000000284, 120.5000000000000000, 4.500000000000000000 ) ) ;
#3151 = AXIS2_PLACEMENT_3D ( 'NONE', #1262, #1592, #3381 ) ;
#3152 = ORIENTED_EDGE ( 'NONE', *, *, #456, .F. ) ;
#3153 = ORIENTED_EDGE ( 'NONE', *, *, #4000, .F. ) ;
#3154 = EDGE_CURVE ( 'NONE', #3121, #3800, #3908, .T. ) ;
#3155 = CARTESIAN_POINT ( 'NONE',  ( 223.0000000000000000, 3.000000000000030198, 0.000000000000000000 ) ) ;
#3156 = ORIENTED_EDGE ( 'NONE', *, *, #1228, .T. ) ;
#3157 = CARTESIAN_POINT ( 'NONE',  ( 111.7999999999999829, 3.000000000000002665, 4.000000000000000000 ) ) ;
#3158 = DIRECTION ( 'NONE',  ( 0.000000000000000000, -0.000000000000000000, -1.000000000000000000 ) ) ;
#3159 = CONICAL_SURFACE ( 'NONE', #3383, 2.299999999999968736, 0.7853981633974742582 ) ;
#3160 = CARTESIAN_POINT ( 'NONE',  ( 114.0000000000000000, 120.5000000000000000, 4.500000000000000000 ) ) ;
#3161 = VERTEX_POINT ( 'NONE', #3953 ) ;
#3162 = EDGE_LOOP ( 'NONE', ( #2961, #2422, #648, #3931 ) ) ;
#3163 = DIRECTION ( 'NONE',  ( -0.000000000000000000, -0.000000000000000000, -1.000000000000000000 ) ) ;
#3164 = CARTESIAN_POINT ( 'NONE',  ( 328.7999999999999545, 0.000000000000000000, 6.000000000000000000 ) ) ;
#3165 = EDGE_LOOP ( 'NONE', ( #3777, #4599 ) ) ;
#3166 = CARTESIAN_POINT ( 'NONE',  ( 2.200000000000012612, 3.000000000000000000, -1.457329690985347238E-15 ) ) ;
#3167 = LINE ( 'NONE', #1713, #1910 ) ;
#3168 = EDGE_CURVE ( 'NONE', #1595, #863, #1087, .T. ) ;
#3169 = ORIENTED_EDGE ( 'NONE', *, *, #4568, .T. ) ;
#3170 = ORIENTED_EDGE ( 'NONE', *, *, #442, .T. ) ;
#3171 = CARTESIAN_POINT ( 'NONE',  ( 3.700000000000050360, 6.000000000000005329, 6.000000000000000000 ) ) ;
#3172 = CARTESIAN_POINT ( 'NONE',  ( 329.5000000000000000, 63.24999999999998579, 4.500000000000000000 ) ) ;
#3173 = DIRECTION ( 'NONE',  ( 0.000000000000000000, 0.000000000000000000, 1.000000000000000000 ) ) ;
#3174 = ADVANCED_FACE ( 'NONE', ( #1744 ), #3203, .F. ) ;
#3175 = DIRECTION ( 'NONE',  ( 0.000000000000000000, -0.7071067811865463515, -0.7071067811865487940 ) ) ;
#3176 = VERTEX_POINT ( 'NONE', #3269 ) ;
#3177 = DIRECTION ( 'NONE',  ( 0.8571673007021105573, 1.049727191138616477E-16, -0.5150380749100571531 ) ) ;
#3178 = LINE ( 'NONE', #3538, #1909 ) ;
#3179 = EDGE_CURVE ( 'NONE', #4250, #2249, #1420, .T. ) ;
#3180 = DIRECTION ( 'NONE',  ( -0.000000000000000000, -0.000000000000000000, -1.000000000000000000 ) ) ;
#3181 = ORIENTED_EDGE ( 'NONE', *, *, #756, .F. ) ;
#3182 = ORIENTED_EDGE ( 'NONE', *, *, #673, .T. ) ;
#3183 = CARTESIAN_POINT ( 'NONE',  ( 108.0000000000000000, 122.0000000000000000, 4.500000000000000000 ) ) ;
#3184 = FACE_OUTER_BOUND ( 'NONE', #571, .T. ) ;
#3185 = ORIENTED_EDGE ( 'NONE', *, *, #3821, .F. ) ;
#3186 = LINE ( 'NONE', #1471, #694 ) ;
#3187 = DIRECTION ( 'NONE',  ( -1.000000000000000000, 0.000000000000000000, 0.000000000000000000 ) ) ;
#3188 = AXIS2_PLACEMENT_3D ( 'NONE', #2466, #3534, #2009 ) ;
#3189 = ORIENTED_EDGE ( 'NONE', *, *, #3976, .T. ) ;
#3190 = ORIENTED_EDGE ( 'NONE', *, *, #368, .F. ) ;
#3191 = CARTESIAN_POINT ( 'NONE',  ( 4.499999999999976019, 3.000000000000113687, 0.000000000000000000 ) ) ;
#3192 = AXIS2_PLACEMENT_3D ( 'NONE', #344, #2595, #4677 ) ;
#3193 = FACE_OUTER_BOUND ( 'NONE', #3986, .T. ) ;
#3194 = DIRECTION ( 'NONE',  ( 1.000000000000000000, 0.000000000000000000, 0.000000000000000000 ) ) ;
#3195 = CIRCLE ( 'NONE', #3645, 1.500000000000015099 ) ;
#3196 = ORIENTED_EDGE ( 'NONE', *, *, #4112, .F. ) ;
#3197 = VERTEX_POINT ( 'NONE', #1049 ) ;
#3198 = CARTESIAN_POINT ( 'NONE',  ( 328.7000000000000455, 61.74999999999998579, -1.457329690985347238E-15 ) ) ;
#3199 = VERTEX_POINT ( 'NONE', #2511 ) ;
#3200 = LINE ( 'NONE', #1725, #1225 ) ;
#3201 = EDGE_CURVE ( 'NONE', #3022, #3076, #395, .T. ) ;
#3202 = CONICAL_SURFACE ( 'NONE', #4174, 0.7999999999999986011, 1.029744258676652313 ) ;
#3203 = CYLINDRICAL_SURFACE ( 'NONE', #167, 1.500000000000001332 ) ;
#3204 = CIRCLE ( 'NONE', #542, 1.500000000000001332 ) ;
#3205 = PLANE ( 'NONE',  #2522 ) ;
#3207 = EDGE_CURVE ( 'NONE', #4466, #2375, #3582, .T. ) ;
#3206 = VERTEX_POINT ( 'NONE', #1066 ) ;
#3208 = FACE_OUTER_BOUND ( 'NONE', #4689, .T. ) ;
#3209 = AXIS2_PLACEMENT_3D ( 'NONE', #3809, #1632, #535 ) ;
#3210 = LINE ( 'NONE', #1753, #2609 ) ;
#3211 = ORIENTED_EDGE ( 'NONE', *, *, #2674, .T. ) ;
#3212 = VECTOR ( 'NONE', #4438, 1000.000000000000000 ) ;
#3213 = DIRECTION ( 'NONE',  ( -1.000000000000000000, 0.000000000000000000, 0.000000000000000000 ) ) ;
#3214 = EDGE_CURVE ( 'NONE', #180, #4194, #3655, .T. ) ;
#3215 = DIRECTION ( 'NONE',  ( 0.000000000000000000, 0.000000000000000000, 1.000000000000000000 ) ) ;
#3216 = DIRECTION ( 'NONE',  ( 1.000000000000000000, 1.069167011387862821E-17, 0.000000000000000000 ) ) ;
#3217 = CIRCLE ( 'NONE', #3288, 1.500000000000001332 ) ;
#3218 = VECTOR ( 'NONE', #3995, 1000.000000000000114 ) ;
#3219 = ORIENTED_EDGE ( 'NONE', *, *, #514, .T. ) ;
#3220 = ORIENTED_EDGE ( 'NONE', *, *, #1820, .T. ) ;
#3221 = CARTESIAN_POINT ( 'NONE',  ( 220.7000000000000455, 120.4999999999999716, 4.000000000000000000 ) ) ;
#3222 = AXIS2_PLACEMENT_3D ( 'NONE', #3233, #1052, #4681 ) ;
#3223 = DIRECTION ( 'NONE',  ( 1.000000000000000000, 0.000000000000000000, 0.000000000000000000 ) ) ;
#3224 = DIRECTION ( 'NONE',  ( -0.000000000000000000, 0.000000000000000000, 1.000000000000000000 ) ) ;
#3225 = DIRECTION ( 'NONE',  ( -0.000000000000000000, -0.000000000000000000, -1.000000000000000000 ) ) ;
#3226 = ORIENTED_EDGE ( 'NONE', *, *, #3678, .T. ) ;
#3227 = FACE_OUTER_BOUND ( 'NONE', #1960, .T. ) ;
#3228 = DIRECTION ( 'NONE',  ( 0.000000000000000000, 0.000000000000000000, -1.000000000000000000 ) ) ;
#3229 = VECTOR ( 'NONE', #3588, 1000.000000000000000 ) ;
#3230 = EDGE_CURVE ( 'NONE', #1469, #4094, #2160, .T. ) ;
#3231 = FACE_OUTER_BOUND ( 'NONE', #1631, .T. ) ;
#3232 = ORIENTED_EDGE ( 'NONE', *, *, #1883, .F. ) ;
#3233 = CARTESIAN_POINT ( 'NONE',  ( 3.000000000000002665, 3.000000000000000000, 4.000000000000000000 ) ) ;
#3234 = LINE ( 'NONE', #3611, #1551 ) ;
#3235 = VECTOR ( 'NONE', #2097, 1000.000000000000114 ) ;
#3236 = ADVANCED_FACE ( 'NONE', ( #346 ), #1793, .T. ) ;
#3237 = LINE ( 'NONE', #1756, #2062 ) ;
#3238 = CARTESIAN_POINT ( 'NONE',  ( 6.000000000000014211, 4.000000000000000000, 5.700000000000041922 ) ) ;
#3239 = ADVANCED_FACE ( 'NONE', ( #3973 ), #728, .T. ) ;
#3240 = ORIENTED_EDGE ( 'NONE', *, *, #2005, .T. ) ;
#3241 = EDGE_LOOP ( 'NONE', ( #3069, #4631, #298 ) ) ;
#3242 = LINE ( 'NONE', #1432, #1819 ) ;
#3243 = PLANE ( 'NONE',  #4501 ) ;
#3244 = ADVANCED_BREP_SHAPE_REPRESENTATION ( 'e2cov', ( #4680, #1486 ), #2250 ) ;
#3245 = DIRECTION ( 'NONE',  ( 1.000000000000000000, 0.000000000000000000, 0.000000000000000000 ) ) ;
#3246 = DIRECTION ( 'NONE',  ( -0.000000000000000000, -0.000000000000000000, -1.000000000000000000 ) ) ;
#3247 = DIRECTION ( 'NONE',  ( 0.000000000000000000, 1.000000000000000000, 0.000000000000000000 ) ) ;
#3248 = CYLINDRICAL_SURFACE ( 'NONE', #927, 1.500000000000001332 ) ;
#3249 = ORIENTED_EDGE ( 'NONE', *, *, #2031, .F. ) ;
#3250 = DIRECTION ( 'NONE',  ( -0.000000000000000000, -0.000000000000000000, -1.000000000000000000 ) ) ;
#3251 = ADVANCED_FACE ( 'NONE', ( #992 ), #2440, .T. ) ;
#3252 = DIRECTION ( 'NONE',  ( 0.000000000000000000, 0.000000000000000000, -1.000000000000000000 ) ) ;
#3253 = EDGE_LOOP ( 'NONE', ( #1498, #596, #3517, #2823 ) ) ;
#3254 = EDGE_LOOP ( 'NONE', ( #1709, #4367, #3410, #4627 ) ) ;
#3255 = LINE ( 'NONE', #3938, #615 ) ;
#3256 = DIRECTION ( 'NONE',  ( -1.000000000000000000, 0.000000000000000000, 0.000000000000000000 ) ) ;
#3257 = ADVANCED_FACE ( 'NONE', ( #769 ), #2848, .F. ) ;
#3258 = VERTEX_POINT ( 'NONE', #794 ) ;
#3259 = VERTEX_POINT ( 'NONE', #4370 ) ;
#3260 = DIRECTION ( 'NONE',  ( 1.000000000000000000, 0.000000000000000000, 0.000000000000000000 ) ) ;
#3261 = CARTESIAN_POINT ( 'NONE',  ( 331.0000000000000000, 58.75000000000001421, 0.000000000000000000 ) ) ;
#3262 = EDGE_CURVE ( 'NONE', #3259, #540, #3388, .T. ) ;
#3263 = VECTOR ( 'NONE', #206, 1000.000000000000114 ) ;
#3264 = DIRECTION ( 'NONE',  ( -0.000000000000000000, 0.000000000000000000, 1.000000000000000000 ) ) ;
#3265 = ORIENTED_EDGE ( 'NONE', *, *, #3840, .T. ) ;
#3266 = ORIENTED_EDGE ( 'NONE', *, *, #1002, .F. ) ;
#3267 = CIRCLE ( 'NONE', #1072, 0.7999999999999951594 ) ;
#3268 = CYLINDRICAL_SURFACE ( 'NONE', #1513, 3.000000000000002665 ) ;
#3269 = CARTESIAN_POINT ( 'NONE',  ( 328.0000000000000000, 120.5000000000000000, 0.000000000000000000 ) ) ;
#3270 = AXIS2_PLACEMENT_3D ( 'NONE', #2504, #3987, #1413 ) ;
#3271 = AXIS2_PLACEMENT_3D ( 'NONE', #2302, #3745, #494 ) ;
#3272 = CARTESIAN_POINT ( 'NONE',  ( 277.3000000000000682, 106.6999999999999886, 5.700000000000055245 ) ) ;
#3273 = FACE_OUTER_BOUND ( 'NONE', #3284, .T. ) ;
#3274 = DIRECTION ( 'NONE',  ( 1.000000000000000000, 0.000000000000000000, 0.000000000000000000 ) ) ;
#3275 = CIRCLE ( 'NONE', #4256, 0.7999999999999674039 ) ;
#3276 = EDGE_LOOP ( 'NONE', ( #313, #1997, #2038, #1524, #868, #3597 ) ) ;
#3277 = ORIENTED_EDGE ( 'NONE', *, *, #2488, .T. ) ;
#3278 = EDGE_CURVE ( 'NONE', #702, #553, #3992, .T. ) ;
#3279 = DIRECTION ( 'NONE',  ( -1.000000000000000000, 0.000000000000000000, 0.000000000000000000 ) ) ;
#3280 = AXIS2_PLACEMENT_3D ( 'NONE', #3160, #3469, #515 ) ;
#3281 = CARTESIAN_POINT ( 'NONE',  ( 329.5000000000000000, 118.9999999999999147, 11.20820393249943692 ) ) ;
#3282 = AXIS2_PLACEMENT_3D ( 'NONE', #2087, #2826, #1438 ) ;
#3283 = ORIENTED_EDGE ( 'NONE', *, *, #4172, .T. ) ;
#3284 = EDGE_LOOP ( 'NONE', ( #998, #2291, #2100, #1313 ) ) ;
#3285 = EDGE_CURVE ( 'NONE', #405, #3506, #3644, .T. ) ;
#3286 = DIRECTION ( 'NONE',  ( -1.000000000000000000, -1.069167011387862667E-17, 0.000000000000000000 ) ) ;
#3287 = CARTESIAN_POINT ( 'NONE',  ( 326.5000000000000000, 3.700000000000040146, 6.000000000000000000 ) ) ;
#3288 = AXIS2_PLACEMENT_3D ( 'NONE', #3926, #1014, #3245 ) ;
#3289 = LINE ( 'NONE', #2193, #4572 ) ;
#3290 = VERTEX_POINT ( 'NONE', #391 ) ;
#3291 = ORIENTED_EDGE ( 'NONE', *, *, #1362, .T. ) ;
#3292 = EDGE_CURVE ( 'NONE', #735, #2194, #1530, .T. ) ;
#3293 = VECTOR ( 'NONE', #4566, 1000.000000000000000 ) ;
#3294 = CYLINDRICAL_SURFACE ( 'NONE', #4245, 0.7999999999999951594 ) ;
#3295 = DIRECTION ( 'NONE',  ( 0.000000000000000000, -0.7071067811865617836, -0.7071067811865331398 ) ) ;
#3296 = EDGE_CURVE ( 'NONE', #2029, #3206, #4061, .T. ) ;
#3297 = CYLINDRICAL_SURFACE ( 'NONE', #3804, 1.500000000000015099 ) ;
#3298 = FACE_OUTER_BOUND ( 'NONE', #3253, .T. ) ;
#3299 = EDGE_LOOP ( 'NONE', ( #1698, #3562, #2501, #1051 ) ) ;
#3300 = CIRCLE ( 'NONE', #1250, 1.500000000000001332 ) ;
#3301 = CARTESIAN_POINT ( 'NONE',  ( 0.000000000000000000, 0.2999999999999538036, 6.000000000000000000 ) ) ;
#3302 = DIRECTION ( 'NONE',  ( 0.000000000000000000, 0.000000000000000000, -1.000000000000000000 ) ) ;
#3303 = CIRCLE ( 'NONE', #2856, 1.500000000000083711 ) ;
#3304 = ORIENTED_EDGE ( 'NONE', *, *, #3411, .T. ) ;
#3305 = AXIS2_PLACEMENT_3D ( 'NONE', #1356, #4149, #4175 ) ;
#3306 = CARTESIAN_POINT ( 'NONE',  ( 301.0000000000000568, 114.5000000000000000, 5.700000000000055245 ) ) ;
#3307 = CARTESIAN_POINT ( 'NONE',  ( 328.6999999999999886, 61.74999999999998579, 4.000000000000000000 ) ) ;
#3308 = CARTESIAN_POINT ( 'NONE',  ( 328.0000000000000000, 2.999999999999975131, 0.000000000000000000 ) ) ;
#3309 = CARTESIAN_POINT ( 'NONE',  ( 328.7000000000000455, 120.4999999999999574, -1.457329690985347238E-15 ) ) ;
#3310 = ADVANCED_FACE ( 'NONE', ( #1839 ), #2936, .T. ) ;
#3311 = ORIENTED_EDGE ( 'NONE', *, *, #3201, .T. ) ;
#3312 = CARTESIAN_POINT ( 'NONE',  ( 1.500000000000000000, 64.75000000000008527, 0.000000000000000000 ) ) ;
#3313 = DIRECTION ( 'NONE',  ( -1.000000000000000000, 0.000000000000000000, 0.000000000000000000 ) ) ;
#3314 = EDGE_CURVE ( 'NONE', #2757, #3145, #3737, .T. ) ;
#3315 = DIRECTION ( 'NONE',  ( -0.000000000000000000, -0.000000000000000000, 1.000000000000000000 ) ) ;
#3316 = LINE ( 'NONE', #565, #4114 ) ;
#3317 = ADVANCED_FACE ( 'NONE', ( #2597 ), #2530, .F. ) ;
#3318 = EDGE_LOOP ( 'NONE', ( #1715, #879, #4401, #3034 ) ) ;
#3319 = ORIENTED_EDGE ( 'NONE', *, *, #4247, .T. ) ;
#3320 = FACE_OUTER_BOUND ( 'NONE', #2594, .T. ) ;
#3321 = ORIENTED_EDGE ( 'NONE', *, *, #4485, .T. ) ;
#3322 = DIRECTION ( 'NONE',  ( -1.000000000000000000, 0.000000000000000000, 0.000000000000000000 ) ) ;
#3323 = ORIENTED_EDGE ( 'NONE', *, *, #1380, .F. ) ;
#3324 = DIRECTION ( 'NONE',  ( -1.000000000000000000, 0.000000000000000000, 0.000000000000000000 ) ) ;
#3325 = DIRECTION ( 'NONE',  ( 1.000000000000000000, 0.000000000000000000, 0.000000000000000000 ) ) ;
#3326 = DIRECTION ( 'NONE',  ( -0.000000000000000000, 0.000000000000000000, 1.000000000000000000 ) ) ;
#3327 = CARTESIAN_POINT ( 'NONE',  ( 221.5000000000000000, 3.000000000000002665, 4.000000000000000000 ) ) ;
#3328 = VERTEX_POINT ( 'NONE', #816 ) ;
#3329 = ORIENTED_EDGE ( 'NONE', *, *, #3278, .T. ) ;
#3330 = PRODUCT_RELATED_PRODUCT_CATEGORY ( 'part', '', ( #2235 ) ) ;
#3331 = DIRECTION ( 'NONE',  ( -0.000000000000000000, -1.000000000000000000, -0.000000000000000000 ) ) ;
#3332 = LINE ( 'NONE', #1527, #3824 ) ;
#3333 = ORIENTED_EDGE ( 'NONE', *, *, #504, .T. ) ;
#3334 = CARTESIAN_POINT ( 'NONE',  ( 4.499999999999976019, 3.000000000000113687, 11.20820393249943692 ) ) ;
#3335 = AXIS2_PLACEMENT_3D ( 'NONE', #226, #2491, #2437 ) ;
#3336 = EDGE_CURVE ( 'NONE', #2900, #2492, #2272, .T. ) ;
#3337 = CARTESIAN_POINT ( 'NONE',  ( 328.5000000000000000, 119.5000000000000000, 6.000000000000000000 ) ) ;
#3338 = AXIS2_PLACEMENT_3D ( 'NONE', #580, #2026, #1668 ) ;
#3339 = DIRECTION ( 'NONE',  ( -0.000000000000000000, -0.000000000000000000, -1.000000000000000000 ) ) ;
#3340 = ORIENTED_EDGE ( 'NONE', *, *, #431, .T. ) ;
#3341 = UNCERTAINTY_MEASURE_WITH_UNIT (LENGTH_MEASURE( 1.000000000000000082E-05 ), #2022, 'distance_accuracy_value', 'NONE');
#3342 = AXIS2_PLACEMENT_3D ( 'NONE', #3864, #1711, #2733 ) ;
#3343 = ADVANCED_FACE ( 'NONE', ( #4038 ), #125, .F. ) ;
#3344 = CARTESIAN_POINT ( 'NONE',  ( 3.000000000000000000, 123.5000000000000000, 4.500000000000000000 ) ) ;
#3345 = ORIENTED_EDGE ( 'NONE', *, *, #2221, .T. ) ;
#3346 = DIRECTION ( 'NONE',  ( 0.8571673007021105573, 1.049727191138616477E-16, -0.5150380749100571531 ) ) ;
#3347 = CIRCLE ( 'NONE', #4324, 0.7999999999999674039 ) ;
#3348 = ORIENTED_EDGE ( 'NONE', *, *, #4420, .T. ) ;
#3349 = EDGE_CURVE ( 'NONE', #540, #1742, #473, .T. ) ;
#3350 = DIRECTION ( 'NONE',  ( 0.7071067811865617836, 0.000000000000000000, -0.7071067811865331398 ) ) ;
#3351 = CARTESIAN_POINT ( 'NONE',  ( 26.80000000000000426, 103.5000000000000000, -59.10031446463138138 ) ) ;
#3352 = DIRECTION ( 'NONE',  ( 1.000000000000000000, 0.000000000000000000, 0.000000000000000000 ) ) ;
#3353 = FACE_OUTER_BOUND ( 'NONE', #2498, .T. ) ;
#3354 = CIRCLE ( 'NONE', #4330, 0.8000000000000229150 ) ;
#3355 = ORIENTED_EDGE ( 'NONE', *, *, #2555, .F. ) ;
#3356 = ORIENTED_EDGE ( 'NONE', *, *, #1542, .T. ) ;
#3357 = DIRECTION ( 'NONE',  ( -1.126443815569355400E-16, 1.000000000000000000, 0.000000000000000000 ) ) ;
#3358 = AXIS2_PLACEMENT_3D ( 'NONE', #2800, #4237, #2705 ) ;
#3359 = CARTESIAN_POINT ( 'NONE',  ( 275.8000000000000682, 108.1999999999999886, 5.700000000000055245 ) ) ;
#3360 = VECTOR ( 'NONE', #1357, 1000.000000000000000 ) ;
#3361 = CARTESIAN_POINT ( 'NONE',  ( 329.5000000000000000, 117.4999999999998295, 4.500000000000000000 ) ) ;
#3362 = ORIENTED_EDGE ( 'NONE', *, *, #1683, .F. ) ;
#3363 = VERTEX_POINT ( 'NONE', #1905 ) ;
#3364 = LINE ( 'NONE', #103, #2001 ) ;
#3365 = CONICAL_SURFACE ( 'NONE', #4562, 2.299999999999968736, 0.7853981633974570498 ) ;
#3366 = CARTESIAN_POINT ( 'NONE',  ( 107.9999999999999716, 3.000000000000086153, 11.20820393249943692 ) ) ;
#3367 = CIRCLE ( 'NONE', #3670, 0.8000000000000229150 ) ;
#3368 = CARTESIAN_POINT ( 'NONE',  ( 221.5000000000000000, 3.000000000000002665, 4.000000000000000000 ) ) ;
#3369 = EDGE_CURVE ( 'NONE', #3022, #3014, #3364, .T. ) ;
#3370 = ORIENTED_EDGE ( 'NONE', *, *, #2958, .T. ) ;
#3371 = CARTESIAN_POINT ( 'NONE',  ( 329.5000000000000000, 117.4999999999998295, 0.000000000000000000 ) ) ;
#3372 = VERTEX_POINT ( 'NONE', #1191 ) ;
#3373 = CARTESIAN_POINT ( 'NONE',  ( 329.5000000000000000, 3.000000000000000000, 0.000000000000000000 ) ) ;
#3374 = EDGE_CURVE ( 'NONE', #2331, #3258, #2643, .T. ) ;
#3375 = VECTOR ( 'NONE', #2542, 1000.000000000000000 ) ;
#3376 = ORIENTED_EDGE ( 'NONE', *, *, #2744, .T. ) ;
#3377 = DIRECTION ( 'NONE',  ( -0.7071067811865372477, 0.000000000000000000, -0.7071067811865577868 ) ) ;
#3378 = CARTESIAN_POINT ( 'NONE',  ( 3.000000000000000000, 58.75000000000001421, 11.20820393249943692 ) ) ;
#3379 = CONICAL_SURFACE ( 'NONE', #1331, 0.8000000000000229150, 1.029744258676666302 ) ;
#3380 = CARTESIAN_POINT ( 'NONE',  ( 3.000000000000000000, 3.000000000000000000, 6.000000000000000000 ) ) ;
#3381 = DIRECTION ( 'NONE',  ( 1.000000000000000000, 0.000000000000000000, 0.000000000000000000 ) ) ;
#3382 = EDGE_CURVE ( 'NONE', #3800, #199, #2293, .T. ) ;
#3383 = AXIS2_PLACEMENT_3D ( 'NONE', #3072, #2589, #4027 ) ;
#3384 = ORIENTED_EDGE ( 'NONE', *, *, #3918, .T. ) ;
#3385 = ORIENTED_EDGE ( 'NONE', *, *, #2421, .T. ) ;
#3386 = CARTESIAN_POINT ( 'NONE',  ( 110.9999999999999858, 3.000000000000002665, 11.20820393249943692 ) ) ;
#3387 = CARTESIAN_POINT ( 'NONE',  ( 0.000000000000000000, 0.000000000000000000, 4.500000000000000000 ) ) ;
#3388 = LINE ( 'NONE', #3334, #3056 ) ;
#3389 = CYLINDRICAL_SURFACE ( 'NONE', #392, 2.000000000000001776 ) ;
#3390 = CARTESIAN_POINT ( 'NONE',  ( 221.5000000000000000, 3.000000000000002665, 4.000000000000000000 ) ) ;
#3391 = EDGE_CURVE ( 'NONE', #126, #1770, #1576, .T. ) ;
#3392 = DIRECTION ( 'NONE',  ( -0.000000000000000000, -0.000000000000000000, -1.000000000000000000 ) ) ;
#3393 = ORIENTED_EDGE ( 'NONE', *, *, #3094, .T. ) ;
#3394 = LINE ( 'NONE', #2991, #1236 ) ;
#3395 = ORIENTED_EDGE ( 'NONE', *, *, #520, .T. ) ;
#3396 = EDGE_CURVE ( 'NONE', #1740, #3409, #1112, .T. ) ;
#3397 = DIRECTION ( 'NONE',  ( 0.000000000000000000, 1.000000000000000000, 0.000000000000000000 ) ) ;
#3398 = ORIENTED_EDGE ( 'NONE', *, *, #81, .T. ) ;
#3399 = FACE_OUTER_BOUND ( 'NONE', #2731, .T. ) ;
#3400 = DIRECTION ( 'NONE',  ( 1.000000000000000000, 0.000000000000000000, 0.000000000000000000 ) ) ;
#3401 = DIRECTION ( 'NONE',  ( 1.000000000000000000, 1.069167011387862821E-17, 0.000000000000000000 ) ) ;
#3402 = VERTEX_POINT ( 'NONE', #3481 ) ;
#3403 = ORIENTED_EDGE ( 'NONE', *, *, #3030, .F. ) ;
#3404 = ADVANCED_FACE ( 'NONE', ( #3461 ), #2771, .F. ) ;
#3405 = FACE_BOUND ( 'NONE', #4066, .T. ) ;
#3406 = PLANE ( 'NONE',  #2397 ) ;
#3407 = VERTEX_POINT ( 'NONE', #3029 ) ;
#3408 = CARTESIAN_POINT ( 'NONE',  ( 110.2000000000000028, 120.4999999999999858, 4.000000000000000000 ) ) ;
#3409 = VERTEX_POINT ( 'NONE', #3408 ) ;
#3410 = ORIENTED_EDGE ( 'NONE', *, *, #4030, .T. ) ;
#3411 = EDGE_CURVE ( 'NONE', #3407, #1263, #147, .T. ) ;
#3412 = DIRECTION ( 'NONE',  ( 1.000000000000000000, 0.000000000000000000, 0.000000000000000000 ) ) ;
#3413 = DIRECTION ( 'NONE',  ( -1.000000000000000000, 0.000000000000000000, -0.000000000000000000 ) ) ;
#3414 = ORIENTED_EDGE ( 'NONE', *, *, #2475, .F. ) ;
#3415 = AXIS2_PLACEMENT_3D ( 'NONE', #3950, #1461, #1127 ) ;
#3416 = CARTESIAN_POINT ( 'NONE',  ( 329.5000000000000000, 6.000000000000143885, 11.20820393249943692 ) ) ;
#3417 = ORIENTED_EDGE ( 'NONE', *, *, #4205, .F. ) ;
#3418 = CARTESIAN_POINT ( 'NONE',  ( 5.999999999999977796, 3.000000000000113687, 11.20820393249943692 ) ) ;
#3419 = CIRCLE ( 'NONE', #2581, 0.7999999999999951594 ) ;
#3420 = VERTEX_POINT ( 'NONE', #2004 ) ;
#3421 = CARTESIAN_POINT ( 'NONE',  ( 329.5000000000000000, 120.4999999999999574, 0.000000000000000000 ) ) ;
#3422 = CIRCLE ( 'NONE', #1079, 1.500000000000001332 ) ;
#3423 = ORIENTED_EDGE ( 'NONE', *, *, #2828, .F. ) ;
#3424 = DIRECTION ( 'NONE',  ( 1.000000000000000000, 0.000000000000000000, 0.000000000000000000 ) ) ;
#3425 = DIRECTION ( 'NONE',  ( -0.000000000000000000, 0.000000000000000000, 1.000000000000000000 ) ) ;
#3426 = DIRECTION ( 'NONE',  ( -0.000000000000000000, -0.000000000000000000, -1.000000000000000000 ) ) ;
#3427 = EDGE_CURVE ( 'NONE', #2767, #212, #17, .T. ) ;
#3428 = AXIS2_PLACEMENT_3D ( 'NONE', #1749, #3180, #2877 ) ;
#3429 = ORIENTED_EDGE ( 'NONE', *, *, #3030, .T. ) ;
#3430 = ORIENTED_EDGE ( 'NONE', *, *, #2954, .F. ) ;
#3431 = DIRECTION ( 'NONE',  ( 1.000000000000000000, 0.000000000000000000, 0.000000000000000000 ) ) ;
#3432 = CARTESIAN_POINT ( 'NONE',  ( 267.7999999999999545, 103.5000000000000000, 6.000000000000000000 ) ) ;
#3433 = VECTOR ( 'NONE', #2799, 1000.000000000000000 ) ;
#3434 = CARTESIAN_POINT ( 'NONE',  ( 275.8000000000000682, 113.0000000000000000, 5.700000000000055245 ) ) ;
#3435 = EDGE_CURVE ( 'NONE', #2217, #1100, #1835, .T. ) ;
#3436 = ORIENTED_EDGE ( 'NONE', *, *, #3993, .F. ) ;
#3437 = AXIS2_PLACEMENT_3D ( 'NONE', #438, #2953, #3313 ) ;
#3438 = AXIS2_PLACEMENT_3D ( 'NONE', #3548, #4619, #3893 ) ;
#3439 = ORIENTED_EDGE ( 'NONE', *, *, #3684, .F. ) ;
#3440 = ORIENTED_EDGE ( 'NONE', *, *, #3607, .F. ) ;
#3441 = CARTESIAN_POINT ( 'NONE',  ( 223.0000000000000000, 3.000000000000030198, 11.20820393249943692 ) ) ;
#3442 = FACE_OUTER_BOUND ( 'NONE', #2632, .T. ) ;
#3443 = VECTOR ( 'NONE', #985, 1000.000000000000000 ) ;
#3444 = VECTOR ( 'NONE', #1256, 1000.000000000000114 ) ;
#3445 = ADVANCED_FACE ( 'NONE', ( #1601 ), #3761, .T. ) ;
#3446 = CONICAL_SURFACE ( 'NONE', #1918, 2.700000000000049472, 0.7853981633974410625 ) ;
#3447 = CARTESIAN_POINT ( 'NONE',  ( 4.000000000000000888, 119.5000000000000000, 4.500000000000000000 ) ) ;
#3448 = EDGE_LOOP ( 'NONE', ( #58, #2142 ) ) ;
#3449 = DIRECTION ( 'NONE',  ( -1.000000000000000000, 0.000000000000000000, 0.000000000000000000 ) ) ;
#3450 = VERTEX_POINT ( 'NONE', #866 ) ;
#3451 = DIRECTION ( 'NONE',  ( 1.000000000000000000, 0.000000000000000000, 0.000000000000000000 ) ) ;
#3452 =( NAMED_UNIT ( * ) SI_UNIT ( $, .STERADIAN. ) SOLID_ANGLE_UNIT ( ) );
#3453 = LINE ( 'NONE', #1308, #1766 ) ;
#3454 = AXIS2_PLACEMENT_3D ( 'NONE', #1924, #1945, #2068 ) ;
#3455 = ORIENTED_EDGE ( 'NONE', *, *, #838, .F. ) ;
#3456 = ORIENTED_EDGE ( 'NONE', *, *, #2631, .T. ) ;
#3457 = VECTOR ( 'NONE', #2080, 1000.000000000000000 ) ;
#3458 = CARTESIAN_POINT ( 'NONE',  ( 114.0000000000000000, 120.5000000000000000, 0.000000000000000000 ) ) ;
#3459 = CARTESIAN_POINT ( 'NONE',  ( 4.000000000000000888, 119.5000000000000000, 5.700000000000041922 ) ) ;
#3460 = EDGE_CURVE ( 'NONE', #4657, #3506, #4261, .T. ) ;
#3461 = FACE_OUTER_BOUND ( 'NONE', #2791, .T. ) ;
#3462 = AXIS2_PLACEMENT_3D ( 'NONE', #4674, #743, #381 ) ;
#3463 = ORIENTED_EDGE ( 'NONE', *, *, #2159, .F. ) ;
#3464 = DIRECTION ( 'NONE',  ( 0.000000000000000000, 0.000000000000000000, -1.000000000000000000 ) ) ;
#3465 = ORIENTED_EDGE ( 'NONE', *, *, #878, .T. ) ;
#3466 = DIRECTION ( 'NONE',  ( 0.000000000000000000, -0.000000000000000000, -1.000000000000000000 ) ) ;
#3467 = EDGE_CURVE ( 'NONE', #3509, #2767, #4183, .T. ) ;
#3468 = DIRECTION ( 'NONE',  ( 0.000000000000000000, 1.000000000000000000, 0.000000000000000000 ) ) ;
#3469 = DIRECTION ( 'NONE',  ( -0.000000000000000000, 0.000000000000000000, 1.000000000000000000 ) ) ;
#3470 = EDGE_CURVE ( 'NONE', #1385, #4466, #966, .T. ) ;
#3471 = VERTEX_POINT ( 'NONE', #941 ) ;
#3472 = DIRECTION ( 'NONE',  ( -0.000000000000000000, -0.000000000000000000, 1.000000000000000000 ) ) ;
#3473 = ORIENTED_EDGE ( 'NONE', *, *, #2330, .T. ) ;
#3474 = LINE ( 'NONE', #903, #1455 ) ;
#3475 = CARTESIAN_POINT ( 'NONE',  ( 277.3000000000000682, 114.5000000000000000, 5.700000000000055245 ) ) ;
#3476 = CARTESIAN_POINT ( 'NONE',  ( 220.7000000000000455, 120.4999999999999716, -1.457329690985347238E-15 ) ) ;
#3477 = EDGE_LOOP ( 'NONE', ( #2547, #2054 ) ) ;
#3478 = ORIENTED_EDGE ( 'NONE', *, *, #36, .T. ) ;
#3479 = CARTESIAN_POINT ( 'NONE',  ( 224.5000000000000284, 120.4999999999999858, 0.000000000000000000 ) ) ;
#3480 = CARTESIAN_POINT ( 'NONE',  ( 221.5000000000000284, 120.4999999999999716, 0.000000000000000000 ) ) ;
#3481 = CARTESIAN_POINT ( 'NONE',  ( 1.500000000000000000, 58.75000000000001421, 0.000000000000000000 ) ) ;
#3482 = EDGE_CURVE ( 'NONE', #2122, #4101, #251, .T. ) ;
#3483 = ORIENTED_EDGE ( 'NONE', *, *, #4670, .T. ) ;
#3484 = CARTESIAN_POINT ( 'NONE',  ( 218.5000000000000284, 1.500000000000029088, 11.20820393249943692 ) ) ;
#3485 = EDGE_LOOP ( 'NONE', ( #4548, #2258, #2510, #1047 ) ) ;
#3486 = DIRECTION ( 'NONE',  ( 1.000000000000000000, -2.312964634635740689E-14, 0.000000000000000000 ) ) ;
#3487 = DIRECTION ( 'NONE',  ( 0.000000000000000000, 0.000000000000000000, -1.000000000000000000 ) ) ;
#3488 = EDGE_CURVE ( 'NONE', #569, #2571, #2389, .T. ) ;
#3489 = CARTESIAN_POINT ( 'NONE',  ( 329.5000000000000000, 61.74999999999998579, 0.000000000000000000 ) ) ;
#3490 = ORIENTED_EDGE ( 'NONE', *, *, #1879, .F. ) ;
#3491 = FACE_OUTER_BOUND ( 'NONE', #4439, .T. ) ;
#3492 = EDGE_CURVE ( 'NONE', #1385, #1507, #3811, .T. ) ;
#3493 = EDGE_LOOP ( 'NONE', ( #1690, #1572, #3965 ) ) ;
#3494 = CARTESIAN_POINT ( 'NONE',  ( 112.4999999999999858, 3.000000000000086153, 0.000000000000000000 ) ) ;
#3495 = CARTESIAN_POINT ( 'NONE',  ( 221.5000000000000000, 3.000000000000002665, -1.457329690985347238E-15 ) ) ;
#3496 = CARTESIAN_POINT ( 'NONE',  ( 299.5000000000000568, 113.0000000000000000, 6.000000000000000000 ) ) ;
#3497 = AXIS2_PLACEMENT_3D ( 'NONE', #4527, #4601, #964 ) ;
#3498 = ADVANCED_FACE ( 'NONE', ( #583 ), #915, .F. ) ;
#3499 = ORIENTED_EDGE ( 'NONE', *, *, #729, .T. ) ;
#3500 = ORIENTED_EDGE ( 'NONE', *, *, #1105, .T. ) ;
#3501 = CARTESIAN_POINT ( 'NONE',  ( 3.000000000000001332, 3.000000000000000000, 4.480688495222048928 ) ) ;
#3502 = CARTESIAN_POINT ( 'NONE',  ( 4.500000000000000888, 120.5000000000000000, 4.500000000000000000 ) ) ;
#3503 = DIRECTION ( 'NONE',  ( 0.000000000000000000, 1.000000000000000000, 0.000000000000000000 ) ) ;
#3504 = AXIS2_PLACEMENT_3D ( 'NONE', #402, #779, #1157 ) ;
#3505 = ORIENTED_EDGE ( 'NONE', *, *, #885, .F. ) ;
#3506 = VERTEX_POINT ( 'NONE', #3434 ) ;
#3507 = DIRECTION ( 'NONE',  ( -1.000000000000000000, 0.000000000000000000, 0.000000000000000000 ) ) ;
#3508 = CIRCLE ( 'NONE', #3584, 3.000000000000000000 ) ;
#3509 = VERTEX_POINT ( 'NONE', #891 ) ;
#3510 = CARTESIAN_POINT ( 'NONE',  ( 3.000000000000001332, 61.74999999999998579, 0.000000000000000000 ) ) ;
#3511 = PLANE ( 'NONE',  #1621 ) ;
#3512 = VECTOR ( 'NONE', #2493, 1000.000000000000000 ) ;
#3513 = AXIS2_PLACEMENT_3D ( 'NONE', #3970, #3173, #2127 ) ;
#3514 = CARTESIAN_POINT ( 'NONE',  ( 277.3000000000000682, 113.0000000000000000, -0.001000000000000132727 ) ) ;
#3515 = ORIENTED_EDGE ( 'NONE', *, *, #142, .T. ) ;
#3516 = CIRCLE ( 'NONE', #630, 1.500000000000014433 ) ;
#3517 = ORIENTED_EDGE ( 'NONE', *, *, #654, .T. ) ;
#3518 = LINE ( 'NONE', #926, #4337 ) ;
#3519 = ADVANCED_FACE ( 'NONE', ( #3805 ), #1212, .F. ) ;
#3520 = LINE ( 'NONE', #2660, #647 ) ;
#3521 = AXIS2_PLACEMENT_3D ( 'NONE', #2304, #1584, #3038 ) ;
#3522 = FACE_BOUND ( 'NONE', #987, .T. ) ;
#3523 = FACE_OUTER_BOUND ( 'NONE', #1555, .T. ) ;
#3524 = EDGE_CURVE ( 'NONE', #4094, #2029, #1537, .T. ) ;
#3525 = AXIS2_PLACEMENT_3D ( 'NONE', #4441, #128, #1219 ) ;
#3526 = ORIENTED_EDGE ( 'NONE', *, *, #1752, .F. ) ;
#3527 = EDGE_LOOP ( 'NONE', ( #3765, #2548, #171 ) ) ;
#3528 = CARTESIAN_POINT ( 'NONE',  ( 329.5000000000000000, 120.4999999999999574, 4.500000000000000000 ) ) ;
#3529 = DIRECTION ( 'NONE',  ( -0.000000000000000000, 0.000000000000000000, 1.000000000000000000 ) ) ;
#3530 = ADVANCED_FACE ( 'NONE', ( #2721 ), #2456, .F. ) ;
#3531 = DIRECTION ( 'NONE',  ( 0.000000000000000000, 0.7071067811865373587, -0.7071067811865577868 ) ) ;
#3532 = VECTOR ( 'NONE', #807, 1000.000000000000000 ) ;
#3533 = ORIENTED_EDGE ( 'NONE', *, *, #900, .F. ) ;
#3534 = DIRECTION ( 'NONE',  ( 0.000000000000000000, -0.000000000000000000, -1.000000000000000000 ) ) ;
#3535 = EDGE_LOOP ( 'NONE', ( #3423, #2356, #4239, #874 ) ) ;
#3536 = FACE_OUTER_BOUND ( 'NONE', #908, .T. ) ;
#3537 = AXIS2_PLACEMENT_3D ( 'NONE', #316, #4381, #4652 ) ;
#3538 = CARTESIAN_POINT ( 'NONE',  ( 4.000000000000003553, 99.49999999999998579, 6.000000000000000000 ) ) ;
#3539 = DIRECTION ( 'NONE',  ( -1.000000000000000000, 0.000000000000000000, 0.000000000000000000 ) ) ;
#3540 = ORIENTED_EDGE ( 'NONE', *, *, #1259, .F. ) ;
#3541 = ORIENTED_EDGE ( 'NONE', *, *, #3997, .F. ) ;
#3542 = CARTESIAN_POINT ( 'NONE',  ( 299.5000000000000568, 113.0000000000000000, 4.500000000000000000 ) ) ;
#3543 = CARTESIAN_POINT ( 'NONE',  ( 3.000000000000000000, 120.5000000000000000, 5.700000000000045475 ) ) ;
#3544 = VERTEX_POINT ( 'NONE', #2532 ) ;
#3545 = EDGE_CURVE ( 'NONE', #220, #405, #1767, .T. ) ;
#3546 = DIRECTION ( 'NONE',  ( 0.000000000000000000, 0.000000000000000000, -1.000000000000000000 ) ) ;
#3547 = CARTESIAN_POINT ( 'NONE',  ( 277.3000000000000682, 108.1999999999999886, 6.000000000000000000 ) ) ;
#3548 = CARTESIAN_POINT ( 'NONE',  ( 269.5000000000000000, 103.5000000000000000, 5.999999999999998224 ) ) ;
#3549 = VERTEX_POINT ( 'NONE', #4580 ) ;
#3550 = ORIENTED_EDGE ( 'NONE', *, *, #2503, .F. ) ;
#3551 = ADVANCED_FACE ( 'NONE', ( #2154 ), #2871, .T. ) ;
#3552 = DIRECTION ( 'NONE',  ( 0.000000000000000000, -0.000000000000000000, 1.000000000000000000 ) ) ;
#3553 = FACE_OUTER_BOUND ( 'NONE', #952, .T. ) ;
#3554 = FACE_OUTER_BOUND ( 'NONE', #928, .T. ) ;
#3555 = EDGE_CURVE ( 'NONE', #1101, #1885, #4104, .T. ) ;
#3556 = CARTESIAN_POINT ( 'NONE',  ( 3.000000000000000000, 123.2000000000000455, 6.000000000000000000 ) ) ;
#3557 = EDGE_LOOP ( 'NONE', ( #2048, #101, #453 ) ) ;
#3558 = DIRECTION ( 'NONE',  ( 0.000000000000000000, 0.000000000000000000, -1.000000000000000000 ) ) ;
#3559 = DIRECTION ( 'NONE',  ( -1.000000000000000000, 0.000000000000000000, 0.000000000000000000 ) ) ;
#3560 = EDGE_CURVE ( 'NONE', #4590, #2906, #2598, .T. ) ;
#3561 = FACE_OUTER_BOUND ( 'NONE', #803, .T. ) ;
#3562 = ORIENTED_EDGE ( 'NONE', *, *, #2031, .T. ) ;
#3563 = CARTESIAN_POINT ( 'NONE',  ( 265.5000000000000000, 117.5000000000000000, 6.000000000000000000 ) ) ;
#3564 = CARTESIAN_POINT ( 'NONE',  ( 218.5000000000000284, 122.0000000000000000, 4.500000000000000000 ) ) ;
#3565 = EDGE_LOOP ( 'NONE', ( #31, #901, #2024, #1970 ) ) ;
#3566 = LINE ( 'NONE', #4647, #2963 ) ;
#3567 = CARTESIAN_POINT ( 'NONE',  ( 6.000000000000014211, 6.000000000000005329, 5.700000000000041922 ) ) ;
#3568 = ADVANCED_FACE ( 'NONE', ( #342 ), #1791, .F. ) ;
#3569 = CIRCLE ( 'NONE', #3188, 1.500000000000001332 ) ;
#3570 = VERTEX_POINT ( 'NONE', #2081 ) ;
#3571 = EDGE_LOOP ( 'NONE', ( #2030, #1354, #3049, #447, #2867, #247, #352, #663 ) ) ;
#3572 = DIRECTION ( 'NONE',  ( 0.000000000000000000, 0.000000000000000000, -1.000000000000000000 ) ) ;
#3573 = VECTOR ( 'NONE', #1574, 1000.000000000000114 ) ;
#3574 = CARTESIAN_POINT ( 'NONE',  ( 109.5000000000000000, 120.4999999999999858, 0.000000000000000000 ) ) ;
#3575 = DIRECTION ( 'NONE',  ( 0.000000000000000000, -0.000000000000000000, -1.000000000000000000 ) ) ;
#3576 = ADVANCED_FACE ( 'NONE', ( #3947 ), #1363, .F. ) ;
#3577 = AXIS2_PLACEMENT_3D ( 'NONE', #1041, #4003, #4279 ) ;
#3578 = LINE ( 'NONE', #1064, #230 ) ;
#3579 = ORIENTED_EDGE ( 'NONE', *, *, #4598, .T. ) ;
#3580 = CARTESIAN_POINT ( 'NONE',  ( 223.0000000000000284, 120.4999999999999716, 4.500000000000000000 ) ) ;
#3581 = VECTOR ( 'NONE', #1333, 1000.000000000000000 ) ;
#3582 = LINE ( 'NONE', #326, #1765 ) ;
#3583 = ADVANCED_FACE ( 'NONE', ( #4303 ), #4654, .T. ) ;
#3584 = AXIS2_PLACEMENT_3D ( 'NONE', #2016, #3857, #1611 ) ;
#3585 = DIRECTION ( 'NONE',  ( -1.000000000000000000, 0.000000000000000000, 0.000000000000000000 ) ) ;
#3586 = DIRECTION ( 'NONE',  ( 0.000000000000000000, 0.000000000000000000, -1.000000000000000000 ) ) ;
#3587 = EDGE_CURVE ( 'NONE', #3867, #3014, #3217, .T. ) ;
#3588 = DIRECTION ( 'NONE',  ( 0.000000000000000000, 0.000000000000000000, 1.000000000000000000 ) ) ;
#3589 = EDGE_LOOP ( 'NONE', ( #2859, #4200, #602, #4339, #2926, #2173, #204, #2761 ) ) ;
#3590 = AXIS2_PLACEMENT_3D ( 'NONE', #2222, #1859, #3669 ) ;
#3591 = CONICAL_SURFACE ( 'NONE', #1535, 1.799999999999968292, 0.7853981633974865817 ) ;
#3592 = LINE ( 'NONE', #2837, #2746 ) ;
#3593 = CARTESIAN_POINT ( 'NONE',  ( 331.0000000000000568, 6.000000000000143885, 4.500000000000000000 ) ) ;
#3594 = CARTESIAN_POINT ( 'NONE',  ( 3.000000000000001332, 61.74999999999998579, 11.20820393249943692 ) ) ;
#3595 = AXIS2_PLACEMENT_3D ( 'NONE', #4553, #1267, #4458 ) ;
#3596 = VERTEX_POINT ( 'NONE', #2177 ) ;
#3597 = ORIENTED_EDGE ( 'NONE', *, *, #3427, .F. ) ;
#3598 = DIRECTION ( 'NONE',  ( 1.000000000000000000, 0.000000000000000000, 0.000000000000000000 ) ) ;
#3599 = AXIS2_PLACEMENT_3D ( 'NONE', #2560, #2897, #2114 ) ;
#3600 = DIRECTION ( 'NONE',  ( -1.000000000000000000, 0.000000000000000000, 0.000000000000000000 ) ) ;
#3601 = DIRECTION ( 'NONE',  ( -0.000000000000000000, -0.000000000000000000, 1.000000000000000000 ) ) ;
#3602 = DIRECTION ( 'NONE',  ( 1.000000000000000000, 0.000000000000000000, 0.000000000000000000 ) ) ;
#3603 = EDGE_CURVE ( 'NONE', #4512, #540, #1615, .T. ) ;
#3604 = CARTESIAN_POINT ( 'NONE',  ( 329.5000000000000000, 61.74999999999998579, 4.480688495222048928 ) ) ;
#3605 = DIRECTION ( 'NONE',  ( 0.000000000000000000, -1.000000000000000000, 0.000000000000000000 ) ) ;
#3606 = VECTOR ( 'NONE', #3978, 1000.000000000000000 ) ;
#3607 = EDGE_CURVE ( 'NONE', #3471, #1264, #1391, .T. ) ;
#3608 = LINE ( 'NONE', #4328, #390 ) ;
#3609 = ORIENTED_EDGE ( 'NONE', *, *, #4568, .F. ) ;
#3610 = CARTESIAN_POINT ( 'NONE',  ( 329.5000000000000000, 3.000000000000000000, 4.000000000000000000 ) ) ;
#3611 = CARTESIAN_POINT ( 'NONE',  ( 4.000000000000000888, 119.5000000000000000, 4.500000000000000000 ) ) ;
#3612 = EDGE_LOOP ( 'NONE', ( #1304, #4361, #4384, #292 ) ) ;
#3613 = AXIS2_PLACEMENT_3D ( 'NONE', #1081, #1433, #3223 ) ;
#3614 = EDGE_LOOP ( 'NONE', ( #499, #4644, #1548, #3526 ) ) ;
#3615 = EDGE_CURVE ( 'NONE', #3549, #2055, #173, .T. ) ;
#3616 = CARTESIAN_POINT ( 'NONE',  ( 332.5000000000000000, 3.000000000000002665, 5.700000000000045475 ) ) ;
#3617 = DIRECTION ( 'NONE',  ( 1.000000000000000000, 0.000000000000000000, 0.000000000000000000 ) ) ;
#3618 = ORIENTED_EDGE ( 'NONE', *, *, #3482, .T. ) ;
#3619 = ORIENTED_EDGE ( 'NONE', *, *, #3055, .F. ) ;
#3620 = CYLINDRICAL_SURFACE ( 'NONE', #2282, 3.000000000000000000 ) ;
#3621 = LINE ( 'NONE', #341, #3753 ) ;
#3622 = CARTESIAN_POINT ( 'NONE',  ( 277.3000000000000682, 113.0000000000000000, 6.000000000000000000 ) ) ;
#3623 = DIRECTION ( 'NONE',  ( -0.000000000000000000, -1.000000000000000000, -0.000000000000000000 ) ) ;
#3624 = DIRECTION ( 'NONE',  ( -1.000000000000000000, 0.000000000000000000, 0.000000000000000000 ) ) ;
#3625 = ADVANCED_FACE ( 'NONE', ( #3554 ), #4406, .F. ) ;
#3626 = CARTESIAN_POINT ( 'NONE',  ( 28.80000000000000782, 119.5000000000000000, 5.700000000000041922 ) ) ;
#3627 = PLANE ( 'NONE',  #713 ) ;
#3628 = DIRECTION ( 'NONE',  ( -0.000000000000000000, -0.000000000000000000, -1.000000000000000000 ) ) ;
#3629 = EDGE_CURVE ( 'NONE', #863, #881, #2982, .T. ) ;
#3630 = ORIENTED_EDGE ( 'NONE', *, *, #3467, .T. ) ;
#3631 = ORIENTED_EDGE ( 'NONE', *, *, #3296, .F. ) ;
#3632 = CARTESIAN_POINT ( 'NONE',  ( 301.3000000000000114, 108.1999999999999886, 6.000000000000000000 ) ) ;
#3633 = CARTESIAN_POINT ( 'NONE',  ( 3.000000000000000000, 0.2999999999999538036, 6.000000000000000000 ) ) ;
#3634 = EDGE_CURVE ( 'NONE', #3076, #4009, #4029, .T. ) ;
#3635 = ORIENTED_EDGE ( 'NONE', *, *, #2964, .T. ) ;
#3636 = ORIENTED_EDGE ( 'NONE', *, *, #783, .T. ) ;
#3637 = FACE_OUTER_BOUND ( 'NONE', #4186, .T. ) ;
#3638 = DIRECTION ( 'NONE',  ( -1.000000000000000000, 0.000000000000000000, 0.000000000000000000 ) ) ;
#3639 = DIRECTION ( 'NONE',  ( 0.000000000000000000, 0.000000000000000000, 1.000000000000000000 ) ) ;
#3640 = EDGE_CURVE ( 'NONE', #4504, #2217, #676, .T. ) ;
#3641 = VERTEX_POINT ( 'NONE', #628 ) ;
#3642 = AXIS2_PLACEMENT_3D ( 'NONE', #2535, #727, #364 ) ;
#3643 = LINE ( 'NONE', #388, #376 ) ;
#3644 = LINE ( 'NONE', #4388, #4555 ) ;
#3645 = AXIS2_PLACEMENT_3D ( 'NONE', #880, #2612, #46 ) ;
#3646 = AXIS2_PLACEMENT_3D ( 'NONE', #1003, #2712, #643 ) ;
#3647 = PLANE ( 'NONE',  #1149 ) ;
#3648 = CARTESIAN_POINT ( 'NONE',  ( 299.5000000000000568, 106.6999999999999886, 4.500000000000000000 ) ) ;
#3649 = AXIS2_PLACEMENT_3D ( 'NONE', #349, #284, #3585 ) ;
#3650 = ORIENTED_EDGE ( 'NONE', *, *, #3470, .F. ) ;
#3651 = EDGE_CURVE ( 'NONE', #3688, #4316, #4625, .T. ) ;
#3652 = CARTESIAN_POINT ( 'NONE',  ( 330.3000000000000114, 61.74999999999998579, 4.000000000000000000 ) ) ;
#3653 = CIRCLE ( 'NONE', #3881, 0.7999999999999951594 ) ;
#3654 = DIRECTION ( 'NONE',  ( -1.000000000000000000, 0.000000000000000000, 0.000000000000000000 ) ) ;
#3655 = CIRCLE ( 'NONE', #4400, 2.000000000000001776 ) ;
#3656 = CONICAL_SURFACE ( 'NONE', #1464, 0.8000000000000229150, 1.029744258676666302 ) ;
#3657 = ORIENTED_EDGE ( 'NONE', *, *, #1129, .F. ) ;
#3658 = EDGE_CURVE ( 'NONE', #4133, #4242, #1043, .T. ) ;
#3659 = LINE ( 'NONE', #407, #237 ) ;
#3660 = DIRECTION ( 'NONE',  ( -0.000000000000000000, 0.000000000000000000, 1.000000000000000000 ) ) ;
#3661 = LINE ( 'NONE', #3157, #2753 ) ;
#3662 = AXIS2_PLACEMENT_3D ( 'NONE', #723, #2506, #277 ) ;
#3663 = AXIS2_PLACEMENT_3D ( 'NONE', #446, #4069, #1868 ) ;
#3664 = DIRECTION ( 'NONE',  ( -1.000000000000000000, 0.000000000000000000, 0.000000000000000000 ) ) ;
#3665 = ORIENTED_EDGE ( 'NONE', *, *, #3603, .F. ) ;
#3666 = EDGE_LOOP ( 'NONE', ( #1195, #4432, #1247, #3181 ) ) ;
#3667 = AXIS2_PLACEMENT_3D ( 'NONE', #1559, #4015, #466 ) ;
#3668 = CARTESIAN_POINT ( 'NONE',  ( 326.5000000000000000, 99.50000000000000000, 6.000000000000000000 ) ) ;
#3669 = DIRECTION ( 'NONE',  ( -1.000000000000000000, 0.000000000000000000, 0.000000000000000000 ) ) ;
#3670 = AXIS2_PLACEMENT_3D ( 'NONE', #3610, #2474, #16 ) ;
#3671 = CARTESIAN_POINT ( 'NONE',  ( 111.0000000000000000, 120.4999999999999858, -1.457329690985347238E-15 ) ) ;
#3672 = DIRECTION ( 'NONE',  ( -0.000000000000000000, 0.000000000000000000, 1.000000000000000000 ) ) ;
#3673 = ORIENTED_EDGE ( 'NONE', *, *, #1188, .T. ) ;
#3674 = CIRCLE ( 'NONE', #1031, 1.500000000000001332 ) ;
#3675 = LINE ( 'NONE', #4421, #2286 ) ;
#3676 = FACE_OUTER_BOUND ( 'NONE', #578, .T. ) ;
#3677 = AXIS2_PLACEMENT_3D ( 'NONE', #3899, #652, #2104 ) ;
#3678 = EDGE_CURVE ( 'NONE', #1603, #3596, #430, .T. ) ;
#3679 = ORIENTED_EDGE ( 'NONE', *, *, #4628, .T. ) ;
#3680 = CARTESIAN_POINT ( 'NONE',  ( 329.5000000000000000, 61.74999999999998579, 11.20820393249943692 ) ) ;
#3681 = FACE_OUTER_BOUND ( 'NONE', #471, .T. ) ;
#3682 = LINE ( 'NONE', #2382, #2220 ) ;
#3683 = DIRECTION ( 'NONE',  ( -0.000000000000000000, -0.000000000000000000, -1.000000000000000000 ) ) ;
#3684 = EDGE_CURVE ( 'NONE', #1233, #1499, #4430, .T. ) ;
#3685 = VERTEX_POINT ( 'NONE', #1830 ) ;
#3686 = EDGE_LOOP ( 'NONE', ( #2123, #1571, #1913, #2253, #3618, #193 ) ) ;
#3687 = FACE_OUTER_BOUND ( 'NONE', #963, .T. ) ;
#3688 = VERTEX_POINT ( 'NONE', #4054 ) ;
#3689 = DIRECTION ( 'NONE',  ( -1.000000000000000000, 0.000000000000000000, 0.000000000000000000 ) ) ;
#3690 = EDGE_CURVE ( 'NONE', #3402, #2113, #1874, .T. ) ;
#3691 = ORIENTED_EDGE ( 'NONE', *, *, #4368, .F. ) ;
#3692 = CARTESIAN_POINT ( 'NONE',  ( 326.5000000000000000, 101.5000000000000000, 5.999999999999998224 ) ) ;
#3693 = CARTESIAN_POINT ( 'NONE',  ( 331.0000000000000000, 2.500000000000007105, 4.500000000000000000 ) ) ;
#3694 = EDGE_CURVE ( 'NONE', #4251, #4001, #252, .T. ) ;
#3695 = VERTEX_POINT ( 'NONE', #1124 ) ;
#3696 = DIRECTION ( 'NONE',  ( -0.000000000000000000, -0.000000000000000000, -1.000000000000000000 ) ) ;
#3697 = ORIENTED_EDGE ( 'NONE', *, *, #2441, .T. ) ;
#3698 = CARTESIAN_POINT ( 'NONE',  ( 3.000000000000002665, 3.000000000000000000, 4.000000000000000000 ) ) ;
#3699 = VERTEX_POINT ( 'NONE', #411 ) ;
#3700 = CARTESIAN_POINT ( 'NONE',  ( 3.000000000000001332, 61.74999999999998579, 4.500000000000000000 ) ) ;
#3701 = CARTESIAN_POINT ( 'NONE',  ( 301.3000000000000114, 113.0000000000000000, 6.000000000000000000 ) ) ;
#3702 = CARTESIAN_POINT ( 'NONE',  ( 0.000000000000000000, 0.000000000000000000, 4.500000000000000000 ) ) ;
#3703 = DIRECTION ( 'NONE',  ( 0.000000000000000000, 0.000000000000000000, -1.000000000000000000 ) ) ;
#3704 = ORIENTED_EDGE ( 'NONE', *, *, #2917, .F. ) ;
#3705 = EDGE_LOOP ( 'NONE', ( #4443, #3619, #970, #4641, #113, #1394, #1372, #2313, #1222, #1525, #4119, #51 ) ) ;
#3706 = ORIENTED_EDGE ( 'NONE', *, *, #1153, .T. ) ;
#3707 = FACE_OUTER_BOUND ( 'NONE', #2085, .T. ) ;
#3708 = LINE ( 'NONE', #1878, #1174 ) ;
#3710 = ORIENTED_EDGE ( 'NONE', *, *, #133, .F. ) ;
#3709 = EDGE_CURVE ( 'NONE', #2813, #1430, #4343, .T. ) ;
#3711 = VERTEX_POINT ( 'NONE', #1106 ) ;
#3712 = DIRECTION ( 'NONE',  ( 0.000000000000000000, -0.000000000000000000, 1.000000000000000000 ) ) ;
#3713 = VECTOR ( 'NONE', #2776, 1000.000000000000000 ) ;
#3714 = ORIENTED_EDGE ( 'NONE', *, *, #1076, .F. ) ;
#3715 = DIRECTION ( 'NONE',  ( 0.000000000000000000, 0.000000000000000000, 1.000000000000000000 ) ) ;
#3716 = ADVANCED_FACE ( 'NONE', ( #3989 ), #383, .F. ) ;
#3717 = AXIS2_PLACEMENT_3D ( 'NONE', #2002, #1692, #294 ) ;
#3718 = DIRECTION ( 'NONE',  ( -1.000000000000000000, 0.000000000000000000, 0.000000000000000000 ) ) ;
#3719 = DIRECTION ( 'NONE',  ( 0.000000000000000000, 0.000000000000000000, -1.000000000000000000 ) ) ;
#3720 = EDGE_CURVE ( 'NONE', #3750, #2527, #3289, .T. ) ;
#3721 = ORIENTED_EDGE ( 'NONE', *, *, #1961, .F. ) ;
#3722 = LINE ( 'NONE', #1917, #4407 ) ;
#3723 = AXIS2_PLACEMENT_3D ( 'NONE', #2405, #2042, #4246 ) ;
#3724 = ORIENTED_EDGE ( 'NONE', *, *, #3954, .T. ) ;
#3725 = VECTOR ( 'NONE', #2373, 1000.000000000000000 ) ;
#3726 = CARTESIAN_POINT ( 'NONE',  ( 6.000000000000003553, 101.5000000000000000, 5.700000000000045475 ) ) ;
#3727 = FACE_OUTER_BOUND ( 'NONE', #3254, .T. ) ;
#3728 = DIRECTION ( 'NONE',  ( -0.000000000000000000, -0.000000000000000000, 1.000000000000000000 ) ) ;
#3729 = LINE ( 'NONE', #642, #2921 ) ;
#3730 = AXIS2_PLACEMENT_3D ( 'NONE', #4083, #3315, #749 ) ;
#3731 = ORIENTED_EDGE ( 'NONE', *, *, #3147, .T. ) ;
#3732 = AXIS2_PLACEMENT_3D ( 'NONE', #4325, #3624, #2536 ) ;
#3733 = FACE_OUTER_BOUND ( 'NONE', #4574, .T. ) ;
#3734 = AXIS2_PLACEMENT_3D ( 'NONE', #1427, #1056, #1074 ) ;
#3735 = FACE_OUTER_BOUND ( 'NONE', #851, .T. ) ;
#3736 = ORIENTED_EDGE ( 'NONE', *, *, #2252, .T. ) ;
#3737 = LINE ( 'NONE', #34, #2372 ) ;
#3738 = AXIS2_PLACEMENT_3D ( 'NONE', #3984, #738, #2187 ) ;
#3739 = EDGE_CURVE ( 'NONE', #3917, #4480, #1703, .T. ) ;
#3740 = CARTESIAN_POINT ( 'NONE',  ( 110.1999999999999886, 3.000000000000002665, -1.457329690985347238E-15 ) ) ;
#3741 = VECTOR ( 'NONE', #2255, 1000.000000000000000 ) ;
#3742 = DIRECTION ( 'NONE',  ( -0.000000000000000000, -0.000000000000000000, -1.000000000000000000 ) ) ;
#3743 = EDGE_CURVE ( 'NONE', #824, #3890, #1478, .T. ) ;
#3744 = ORIENTED_EDGE ( 'NONE', *, *, #3901, .T. ) ;
#3745 = DIRECTION ( 'NONE',  ( -0.000000000000000000, -0.000000000000000000, -1.000000000000000000 ) ) ;
#3746 = ORIENTED_EDGE ( 'NONE', *, *, #1515, .F. ) ;
#3747 = DIRECTION ( 'NONE',  ( -1.000000000000000000, 0.000000000000000000, 0.000000000000000000 ) ) ;
#3748 = VECTOR ( 'NONE', #1708, 1000.000000000000000 ) ;
#3749 = EDGE_CURVE ( 'NONE', #1969, #2217, #35, .T. ) ;
#3750 = VERTEX_POINT ( 'NONE', #1521 ) ;
#3751 = CARTESIAN_POINT ( 'NONE',  ( 332.2000000000000455, 120.5000000000000000, 6.000000000000000000 ) ) ;
#3752 = CARTESIAN_POINT ( 'NONE',  ( 329.5000000000000000, 120.4999999999999574, 4.000000000000000000 ) ) ;
#3753 = VECTOR ( 'NONE', #3969, 1000.000000000000000 ) ;
#3754 = CARTESIAN_POINT ( 'NONE',  ( 1.499999999999892530, 6.000000000000282441, 0.000000000000000000 ) ) ;
#3755 = DIRECTION ( 'NONE',  ( -0.000000000000000000, -0.000000000000000000, 1.000000000000000000 ) ) ;
#3756 = ADVANCED_FACE ( 'NONE', ( #68 ), #1630, .F. ) ;
#3757 = AXIS2_PLACEMENT_3D ( 'NONE', #3547, #1005, #3796 ) ;
#3758 = VERTEX_POINT ( 'NONE', #4032 ) ;
#3759 = FACE_OUTER_BOUND ( 'NONE', #3114, .T. ) ;
#3760 = DIRECTION ( 'NONE',  ( -0.7071067811865577868, 0.000000000000000000, -0.7071067811865373587 ) ) ;
#3761 = PLANE ( 'NONE',  #1012 ) ;
#3762 = ORIENTED_EDGE ( 'NONE', *, *, #4172, .F. ) ;
#3763 = DIRECTION ( 'NONE',  ( 1.000000000000000000, 0.000000000000000000, 0.000000000000000000 ) ) ;
#3764 = DIRECTION ( 'NONE',  ( 0.000000000000000000, 0.000000000000000000, -1.000000000000000000 ) ) ;
#3765 = ORIENTED_EDGE ( 'NONE', *, *, #1771, .F. ) ;
#3766 = CYLINDRICAL_SURFACE ( 'NONE', #159, 1.500000000000056843 ) ;
#3767 = ORIENTED_EDGE ( 'NONE', *, *, #1996, .F. ) ;
#3768 = DIRECTION ( 'NONE',  ( 0.000000000000000000, 0.000000000000000000, -1.000000000000000000 ) ) ;
#3769 = EDGE_CURVE ( 'NONE', #4480, #4090, #831, .T. ) ;
#3770 = VERTEX_POINT ( 'NONE', #3309 ) ;
#3771 = LINE ( 'NONE', #1893, #6 ) ;
#3772 = DIRECTION ( 'NONE',  ( -1.000000000000000000, 0.000000000000000000, 0.000000000000000000 ) ) ;
#3773 = DIRECTION ( 'NONE',  ( -0.000000000000000000, -0.000000000000000000, -1.000000000000000000 ) ) ;
#3774 = ADVANCED_FACE ( 'NONE', ( #1145 ), #452, .T. ) ;
#3775 = LINE ( 'NONE', #4616, #4204 ) ;
#3776 = ORIENTED_EDGE ( 'NONE', *, *, #2019, .T. ) ;
#3777 = ORIENTED_EDGE ( 'NONE', *, *, #2168, .F. ) ;
#3778 = FACE_BOUND ( 'NONE', #1587, .T. ) ;
#3779 = LINE ( 'NONE', #3459, #2614 ) ;
#3780 = ADVANCED_FACE ( 'NONE', ( #1896 ), #2854, .F. ) ;
#3781 = DIRECTION ( 'NONE',  ( -1.000000000000000000, 0.000000000000000000, 0.000000000000000000 ) ) ;
#3782 = EDGE_LOOP ( 'NONE', ( #3249, #888, #4613, #2467 ) ) ;
#3783 = ORIENTED_EDGE ( 'NONE', *, *, #4394, .F. ) ;
#3784 = DIRECTION ( 'NONE',  ( -0.000000000000000000, -0.000000000000000000, -1.000000000000000000 ) ) ;
#3785 = CARTESIAN_POINT ( 'NONE',  ( 329.5000000000000000, 120.5000000000000000, 0.000000000000000000 ) ) ;
#3786 = DIRECTION ( 'NONE',  ( 0.000000000000000000, 0.7071067811865577868, 0.7071067811865373587 ) ) ;
#3787 = DIRECTION ( 'NONE',  ( -1.000000000000000000, -0.000000000000000000, -0.000000000000000000 ) ) ;
#3788 = ORIENTED_EDGE ( 'NONE', *, *, #1084, .T. ) ;
#3789 = CARTESIAN_POINT ( 'NONE',  ( 26.80000000000000426, 117.5000000000000000, 5.700000000000045475 ) ) ;
#3790 = AXIS2_PLACEMENT_3D ( 'NONE', #2656, #856, #1588 ) ;
#3791 = ORIENTED_EDGE ( 'NONE', *, *, #3972, .F. ) ;
#3792 = ORIENTED_EDGE ( 'NONE', *, *, #1721, .F. ) ;
#3793 = ADVANCED_FACE ( 'NONE', ( #3353 ), #788, .F. ) ;
#3794 = DIRECTION ( 'NONE',  ( 0.000000000000000000, 0.000000000000000000, -1.000000000000000000 ) ) ;
#3795 = CIRCLE ( 'NONE', #1754, 0.7999999999999951594 ) ;
#3796 = DIRECTION ( 'NONE',  ( 1.000000000000000000, 0.000000000000000000, 0.000000000000000000 ) ) ;
#3797 = DIRECTION ( 'NONE',  ( -0.000000000000000000, 0.000000000000000000, 1.000000000000000000 ) ) ;
#3798 = AXIS2_PLACEMENT_3D ( 'NONE', #2984, #440, #2955 ) ;
#3799 = ORIENTED_EDGE ( 'NONE', *, *, #2541, .T. ) ;
#3800 = VERTEX_POINT ( 'NONE', #4074 ) ;
#3801 = EDGE_CURVE ( 'NONE', #3450, #2878, #2285, .T. ) ;
#3802 = CARTESIAN_POINT ( 'NONE',  ( 113.9999999999999716, 3.000000000000071942, 4.500000000000000000 ) ) ;
#3803 = LINE ( 'NONE', #276, #4577 ) ;
#3804 = AXIS2_PLACEMENT_3D ( 'NONE', #3366, #1130, #2646 ) ;
#3805 = FACE_OUTER_BOUND ( 'NONE', #1804, .T. ) ;
#3806 = EDGE_CURVE ( 'NONE', #4410, #3509, #791, .T. ) ;
#3807 = VERTEX_POINT ( 'NONE', #2691 ) ;
#3808 = ORIENTED_EDGE ( 'NONE', *, *, #4646, .T. ) ;
#3809 = CARTESIAN_POINT ( 'NONE',  ( 275.8000000000000682, 114.5000000000000000, 5.700000000000055245 ) ) ;
#3810 = DIRECTION ( 'NONE',  ( 0.000000000000000000, 0.000000000000000000, -1.000000000000000000 ) ) ;
#3811 = CIRCLE ( 'NONE', #1015, 3.000000000000002665 ) ;
#3812 = VECTOR ( 'NONE', #264, 1000.000000000000114 ) ;
#3813 = DIRECTION ( 'NONE',  ( 0.8571673007021105573, 1.049727191138616477E-16, -0.5150380749100571531 ) ) ;
#3814 = ORIENTED_EDGE ( 'NONE', *, *, #1298, .F. ) ;
#3815 = LINE ( 'NONE', #1641, #4487 ) ;
#3816 = ORIENTED_EDGE ( 'NONE', *, *, #2558, .T. ) ;
#3817 = CARTESIAN_POINT ( 'NONE',  ( 0.000000000000000000, 0.000000000000000000, 4.500000000000000000 ) ) ;
#3818 =( LENGTH_UNIT ( ) NAMED_UNIT ( * ) SI_UNIT ( .MILLI., .METRE. ) );
#3819 = DIRECTION ( 'NONE',  ( -1.000000000000000000, 0.000000000000000000, 0.000000000000000000 ) ) ;
#3820 = AXIS2_PLACEMENT_3D ( 'NONE', #2243, #3703, #3664 ) ;
#3821 = EDGE_CURVE ( 'NONE', #832, #3328, #3729, .T. ) ;
#3822 = EDGE_LOOP ( 'NONE', ( #1291, #2539, #2858, #1563 ) ) ;
#3823 = ORIENTED_EDGE ( 'NONE', *, *, #2168, .T. ) ;
#3824 = VECTOR ( 'NONE', #836, 1000.000000000000000 ) ;
#3825 = DIRECTION ( 'NONE',  ( 0.000000000000000000, -0.000000000000000000, -1.000000000000000000 ) ) ;
#3826 = CARTESIAN_POINT ( 'NONE',  ( 299.5000000000000568, 108.1999999999999886, 4.500000000000000000 ) ) ;
#3827 = CARTESIAN_POINT ( 'NONE',  ( 3.800000000000001155, 3.000000000000000000, 4.000000000000000000 ) ) ;
#3828 = ADVANCED_FACE ( 'NONE', ( #3184 ), #1730, .F. ) ;
#3829 = CONICAL_SURFACE ( 'NONE', #3757, 1.799999999999968292, 0.7853981633974865817 ) ;
#3830 = ORIENTED_EDGE ( 'NONE', *, *, #3047, .T. ) ;
#3831 = VERTEX_POINT ( 'NONE', #1000 ) ;
#3832 = CYLINDRICAL_SURFACE ( 'NONE', #601, 1.500000000000084155 ) ;
#3833 = ORIENTED_EDGE ( 'NONE', *, *, #820, .F. ) ;
#3834 = CYLINDRICAL_SURFACE ( 'NONE', #850, 1.500000000000001332 ) ;
#3835 = LINE ( 'NONE', #4514, #335 ) ;
#3836 = EDGE_CURVE ( 'NONE', #3420, #1283, #2695, .T. ) ;
#3837 = DIRECTION ( 'NONE',  ( 0.000000000000000000, 0.000000000000000000, -1.000000000000000000 ) ) ;
#3838 = ORIENTED_EDGE ( 'NONE', *, *, #1028, .T. ) ;
#3839 = CARTESIAN_POINT ( 'NONE',  ( 6.000000000000014211, 6.000000000000005329, 4.500000000000000000 ) ) ;
#3840 = EDGE_CURVE ( 'NONE', #2492, #3206, #287, .T. ) ;
#3841 = ORIENTED_EDGE ( 'NONE', *, *, #468, .F. ) ;
#3842 = CARTESIAN_POINT ( 'NONE',  ( 0.000000000000000000, 0.000000000000000000, 6.000000000000000000 ) ) ;
#3843 = DIRECTION ( 'NONE',  ( -1.000000000000000000, 0.000000000000000000, 0.000000000000000000 ) ) ;
#3844 = CARTESIAN_POINT ( 'NONE',  ( 111.7999999999999972, 120.4999999999999858, 4.000000000000000000 ) ) ;
#3845 = EDGE_LOOP ( 'NONE', ( #2796, #4554, #3376, #3311, #821, #3355 ) ) ;
#3846 = EDGE_LOOP ( 'NONE', ( #2607, #2738, #3348, #1645 ) ) ;
#3847 = FACE_OUTER_BOUND ( 'NONE', #3666, .T. ) ;
#3848 = DIRECTION ( 'NONE',  ( 0.000000000000000000, 1.000000000000000000, 0.000000000000000000 ) ) ;
#3849 = DIRECTION ( 'NONE',  ( 0.000000000000000000, 0.000000000000000000, -1.000000000000000000 ) ) ;
#3850 = VERTEX_POINT ( 'NONE', #166 ) ;
#3851 = EDGE_CURVE ( 'NONE', #4232, #1613, #2993, .T. ) ;
#3852 = CARTESIAN_POINT ( 'NONE',  ( 329.5000000000000000, 120.5000000000000000, 4.500000000000000000 ) ) ;
#3853 = VERTEX_POINT ( 'NONE', #1622 ) ;
#3854 = CARTESIAN_POINT ( 'NONE',  ( 5.999999999999977796, 3.000000000000113687, 4.500000000000000000 ) ) ;
#3855 = DIRECTION ( 'NONE',  ( -0.000000000000000000, -0.000000000000000000, 1.000000000000000000 ) ) ;
#3856 = EDGE_CURVE ( 'NONE', #2113, #4512, #4417, .T. ) ;
#3857 = DIRECTION ( 'NONE',  ( 0.000000000000000000, 0.000000000000000000, -1.000000000000000000 ) ) ;
#3858 = ORIENTED_EDGE ( 'NONE', *, *, #4676, .T. ) ;
#3859 = ORIENTED_EDGE ( 'NONE', *, *, #4218, .F. ) ;
#3860 = LINE ( 'NONE', #977, #3293 ) ;
#3861 = LINE ( 'NONE', #3021, #2166 ) ;
#3862 = VECTOR ( 'NONE', #1526, 1000.000000000000000 ) ;
#3863 = EDGE_CURVE ( 'NONE', #2819, #3083, #3775, .T. ) ;
#3864 = CARTESIAN_POINT ( 'NONE',  ( 110.9999999999999858, 3.000000000000002665, 4.500000000000000000 ) ) ;
#3865 = LINE ( 'NONE', #619, #328 ) ;
#3866 = AXIS2_PLACEMENT_3D ( 'NONE', #2149, #742, #1475 ) ;
#3867 = VERTEX_POINT ( 'NONE', #3074 ) ;
#3868 = ORIENTED_EDGE ( 'NONE', *, *, #2611, .T. ) ;
#3869 = AXIS2_PLACEMENT_3D ( 'NONE', #800, #2651, #2628 ) ;
#3870 = PLANE ( 'NONE',  #760 ) ;
#3871 = DIRECTION ( 'NONE',  ( -0.000000000000000000, 0.000000000000000000, 1.000000000000000000 ) ) ;
#3872 = DIRECTION ( 'NONE',  ( -0.000000000000000000, 0.000000000000000000, 1.000000000000000000 ) ) ;
#3873 = AXIS2_PLACEMENT_3D ( 'NONE', #4494, #4516, #1638 ) ;
#3874 = EDGE_LOOP ( 'NONE', ( #3650, #4567, #3791, #3896 ) ) ;
#3875 = PLANE ( 'NONE',  #2046 ) ;
#3876 = VECTOR ( 'NONE', #3906, 1000.000000000000114 ) ;
#3877 = VERTEX_POINT ( 'NONE', #2355 ) ;
#3878 = DIRECTION ( 'NONE',  ( -1.000000000000000000, 0.000000000000000000, 0.000000000000000000 ) ) ;
#3879 = PLANE ( 'NONE',  #3282 ) ;
#3880 = EDGE_CURVE ( 'NONE', #4541, #3688, #2336, .T. ) ;
#3881 = AXIS2_PLACEMENT_3D ( 'NONE', #4161, #2058, #208 ) ;
#3882 = VECTOR ( 'NONE', #4109, 1000.000000000000000 ) ;
#3883 = DIRECTION ( 'NONE',  ( -0.000000000000000000, -0.000000000000000000, 1.000000000000000000 ) ) ;
#3884 = ORIENTED_EDGE ( 'NONE', *, *, #3720, .F. ) ;
#3885 = AXIS2_PLACEMENT_3D ( 'NONE', #197, #980, #3187 ) ;
#3886 = VERTEX_POINT ( 'NONE', #4451 ) ;
#3887 = CARTESIAN_POINT ( 'NONE',  ( 329.5000000000000000, 3.000000000000000000, -1.457329690985347238E-15 ) ) ;
#3888 = DIRECTION ( 'NONE',  ( -0.000000000000000000, 0.000000000000000000, 1.000000000000000000 ) ) ;
#3889 = EDGE_CURVE ( 'NONE', #2237, #1529, #3861, .T. ) ;
#3890 = VERTEX_POINT ( 'NONE', #1027 ) ;
#3891 = CIRCLE ( 'NONE', #3521, 1.799999999999968292 ) ;
#3892 = FACE_OUTER_BOUND ( 'NONE', #4511, .T. ) ;
#3893 = DIRECTION ( 'NONE',  ( -1.000000000000000000, 0.000000000000000000, 0.000000000000000000 ) ) ;
#3894 = CIRCLE ( 'NONE', #2465, 0.8000000000000229150 ) ;
#3895 = EDGE_CURVE ( 'NONE', #3014, #1673, #3520, .T. ) ;
#3896 = ORIENTED_EDGE ( 'NONE', *, *, #2488, .F. ) ;
#3897 = ORIENTED_EDGE ( 'NONE', *, *, #849, .F. ) ;
#3898 = DIRECTION ( 'NONE',  ( 0.000000000000000000, -0.000000000000000000, -1.000000000000000000 ) ) ;
#3899 = CARTESIAN_POINT ( 'NONE',  ( 326.5000000000000000, 99.50000000000000000, 5.700000000000045475 ) ) ;
#3900 = DIRECTION ( 'NONE',  ( -1.000000000000000000, 0.000000000000000000, 0.000000000000000000 ) ) ;
#3901 = EDGE_CURVE ( 'NONE', #569, #2664, #1353, .T. ) ;
#3902 = CIRCLE ( 'NONE', #1035, 1.500000000000001332 ) ;
#3903 = CARTESIAN_POINT ( 'NONE',  ( 265.5000000000000000, 119.5000000000000000, 5.700000000000041922 ) ) ;
#3904 = LINE ( 'NONE', #3556, #3713 ) ;
#3905 = ORIENTED_EDGE ( 'NONE', *, *, #1665, .F. ) ;
#3906 = DIRECTION ( 'NONE',  ( -0.8571673007021184398, 0.000000000000000000, -0.5150380749100440525 ) ) ;
#3907 = AXIS2_PLACEMENT_3D ( 'NONE', #1718, #3529, #3124 ) ;
#3908 = LINE ( 'NONE', #2853, #1399 ) ;
#3909 = CARTESIAN_POINT ( 'NONE',  ( 3.000000000000001332, 64.75000000000008527, 11.20820393249943692 ) ) ;
#3910 = VECTOR ( 'NONE', #4, 1000.000000000000000 ) ;
#3911 = EDGE_CURVE ( 'NONE', #1231, #2740, #481, .T. ) ;
#3912 = DIRECTION ( 'NONE',  ( 1.000000000000000000, 0.000000000000000000, 0.000000000000000000 ) ) ;
#3913 = ORIENTED_EDGE ( 'NONE', *, *, #1752, .T. ) ;
#3914 = EDGE_LOOP ( 'NONE', ( #3979, #4227, #3859, #3393, #2278, #3277, #483, #4315 ) ) ;
#3915 = DIRECTION ( 'NONE',  ( 0.7071067811865541231, 0.000000000000000000, -0.7071067811865409114 ) ) ;
#3916 = DIRECTION ( 'NONE',  ( 0.000000000000000000, 0.000000000000000000, -1.000000000000000000 ) ) ;
#3917 = VERTEX_POINT ( 'NONE', #4099 ) ;
#3918 = EDGE_CURVE ( 'NONE', #1977, #3917, #4129, .T. ) ;
#3919 = DIRECTION ( 'NONE',  ( 0.000000000000000000, 0.000000000000000000, -1.000000000000000000 ) ) ;
#3920 = FACE_OUTER_BOUND ( 'NONE', #3477, .T. ) ;
#3921 = VERTEX_POINT ( 'NONE', #861 ) ;
#3922 = EDGE_LOOP ( 'NONE', ( #1916, #3483, #3579 ) ) ;
#3923 = ADVANCED_FACE ( 'NONE', ( #2312 ), #4653, .F. ) ;
#3924 = DIRECTION ( 'NONE',  ( 0.000000000000000000, -0.000000000000000000, -1.000000000000000000 ) ) ;
#3925 = DIRECTION ( 'NONE',  ( 1.000000000000000000, 0.000000000000000000, 0.000000000000000000 ) ) ;
#3926 = CARTESIAN_POINT ( 'NONE',  ( 111.0000000000000000, 120.4999999999999858, 4.500000000000000000 ) ) ;
#3927 = EDGE_LOOP ( 'NONE', ( #4530, #4036, #1482, #1285, #1809, #4537 ) ) ;
#3928 = EDGE_LOOP ( 'NONE', ( #2303, #2718 ) ) ;
#3929 = EDGE_CURVE ( 'NONE', #956, #3770, #503, .T. ) ;
#3930 = CARTESIAN_POINT ( 'NONE',  ( 3.000000000000000000, 123.5000000000000000, 5.700000000000045475 ) ) ;
#3931 = ORIENTED_EDGE ( 'NONE', *, *, #1253, .F. ) ;
#3932 = DIRECTION ( 'NONE',  ( 0.8571673007021112234, 1.049727191138617340E-16, -0.5150380749100560429 ) ) ;
#3933 = DIRECTION ( 'NONE',  ( 0.000000000000000000, -0.000000000000000000, -1.000000000000000000 ) ) ;
#3934 = DIRECTION ( 'NONE',  ( 0.000000000000000000, -1.000000000000000000, 0.000000000000000000 ) ) ;
#3935 = ORIENTED_EDGE ( 'NONE', *, *, #820, .T. ) ;
#3936 = DIRECTION ( 'NONE',  ( -1.000000000000000000, 0.000000000000000000, 0.000000000000000000 ) ) ;
#3937 = CARTESIAN_POINT ( 'NONE',  ( 331.0000000000000000, 64.75000000000008527, 4.500000000000000000 ) ) ;
#3938 = CARTESIAN_POINT ( 'NONE',  ( 277.3000000000000682, 114.5000000000000000, 5.700000000000055245 ) ) ;
#3939 = LINE ( 'NONE', #2170, #253 ) ;
#3940 = VECTOR ( 'NONE', #3175, 1000.000000000000000 ) ;
#3941 = EDGE_CURVE ( 'NONE', #221, #2554, #870, .T. ) ;
#3942 = ORIENTED_EDGE ( 'NONE', *, *, #2774, .F. ) ;
#3943 = VERTEX_POINT ( 'NONE', #2880 ) ;
#3944 = FACE_OUTER_BOUND ( 'NONE', #2386, .T. ) ;
#3945 = AXIS2_PLACEMENT_3D ( 'NONE', #4369, #1437, #1109 ) ;
#3946 = DIRECTION ( 'NONE',  ( 1.000000000000000000, 0.000000000000000000, 0.000000000000000000 ) ) ;
#3947 = FACE_OUTER_BOUND ( 'NONE', #2321, .T. ) ;
#3948 = EDGE_CURVE ( 'NONE', #2740, #2819, #3300, .T. ) ;
#3949 = AXIS2_PLACEMENT_3D ( 'NONE', #1517, #2968, #1183 ) ;
#3950 = CARTESIAN_POINT ( 'NONE',  ( 3.000000000000000000, 117.4999999999998295, 0.000000000000000000 ) ) ;
#3951 = ORIENTED_EDGE ( 'NONE', *, *, #2188, .T. ) ;
#3952 = AXIS2_PLACEMENT_3D ( 'NONE', #3301, #1224, #2989 ) ;
#3953 = CARTESIAN_POINT ( 'NONE',  ( 110.9999999999999858, 3.000000000000002665, 4.480688495222048928 ) ) ;
#3954 = EDGE_CURVE ( 'NONE', #2782, #2790, #3902, .T. ) ;
#3955 = DIRECTION ( 'NONE',  ( -1.000000000000000000, 0.000000000000000000, 0.000000000000000000 ) ) ;
#3956 = ORIENTED_EDGE ( 'NONE', *, *, #3201, .F. ) ;
#3957 = CARTESIAN_POINT ( 'NONE',  ( 220.3819660112500287, 4.000000000000002665, 4.500000000000000000 ) ) ;
#3958 = CIRCLE ( 'NONE', #1086, 2.000000000000001776 ) ;
#3959 = CARTESIAN_POINT ( 'NONE',  ( 113.9999999999999716, 1.500000000000077716, 4.500000000000000000 ) ) ;
#3960 = EDGE_LOOP ( 'NONE', ( #163, #385, #2485, #4524 ) ) ;
#3961 = AXIS2_PLACEMENT_3D ( 'NONE', #1811, #1463, #2915 ) ;
#3962 = VECTOR ( 'NONE', #3117, 1000.000000000000000 ) ;
#3963 = DIRECTION ( 'NONE',  ( 0.000000000000000000, -0.000000000000000000, 1.000000000000000000 ) ) ;
#3964 = LINE ( 'NONE', #2500, #87 ) ;
#3965 = ORIENTED_EDGE ( 'NONE', *, *, #1883, .T. ) ;
#3966 = VERTEX_POINT ( 'NONE', #711 ) ;
#3967 = CARTESIAN_POINT ( 'NONE',  ( 0.000000000000000000, 120.5000000000000000, 4.500000000000000000 ) ) ;
#3968 = VECTOR ( 'NONE', #79, 1000.000000000000000 ) ;
#3969 = DIRECTION ( 'NONE',  ( 0.000000000000000000, 0.000000000000000000, 1.000000000000000000 ) ) ;
#3970 = CARTESIAN_POINT ( 'NONE',  ( 6.000000000000014211, 6.000000000000005329, 6.000000000000000000 ) ) ;
#3971 = DIRECTION ( 'NONE',  ( -1.000000000000000000, 0.000000000000000000, 0.000000000000000000 ) ) ;
#3972 = EDGE_CURVE ( 'NONE', #4141, #1507, #3210, .T. ) ;
#3973 = FACE_OUTER_BOUND ( 'NONE', #680, .T. ) ;
#3974 = AXIS2_PLACEMENT_3D ( 'NONE', #2529, #4364, #4342 ) ;
#3975 = CARTESIAN_POINT ( 'NONE',  ( 111.7999999999999972, 120.4999999999999858, -1.457329690985347238E-15 ) ) ;
#3976 = EDGE_CURVE ( 'NONE', #1684, #4141, #4310, .T. ) ;
#3977 = DIRECTION ( 'NONE',  ( 0.000000000000000000, 0.000000000000000000, -1.000000000000000000 ) ) ;
#3978 = DIRECTION ( 'NONE',  ( 0.000000000000000000, -0.7071067811865463515, -0.7071067811865487940 ) ) ;
#3979 = ORIENTED_EDGE ( 'NONE', *, *, #2566, .F. ) ;
#3980 = AXIS2_PLACEMENT_3D ( 'NONE', #4097, #3424, #858 ) ;
#3981 = VERTEX_POINT ( 'NONE', #3959 ) ;
#3982 = DIRECTION ( 'NONE',  ( -0.000000000000000000, -0.000000000000000000, -1.000000000000000000 ) ) ;
#3983 = EDGE_CURVE ( 'NONE', #4194, #3037, #1070, .T. ) ;
#3984 = CARTESIAN_POINT ( 'NONE',  ( 218.5000000000000284, 120.5000000000000000, 11.20820393249943692 ) ) ;
#3985 = ORIENTED_EDGE ( 'NONE', *, *, #2188, .F. ) ;
#3986 = EDGE_LOOP ( 'NONE', ( #3767, #3211, #2600 ) ) ;
#3987 = DIRECTION ( 'NONE',  ( -1.000000000000000000, 0.000000000000000000, 0.000000000000000000 ) ) ;
#3988 = LINE ( 'NONE', #1061, #3910 ) ;
#3989 = FACE_OUTER_BOUND ( 'NONE', #1445, .T. ) ;
#3990 = ORIENTED_EDGE ( 'NONE', *, *, #2674, .F. ) ;
#3991 = DIRECTION ( 'NONE',  ( -0.000000000000000000, -0.000000000000000000, 1.000000000000000000 ) ) ;
#3992 = LINE ( 'NONE', #74, #3212 ) ;
#3993 = EDGE_CURVE ( 'NONE', #808, #976, #1851, .T. ) ;
#3994 = CARTESIAN_POINT ( 'NONE',  ( 2.500000000000007550, 122.0000000000000000, 0.000000000000000000 ) ) ;
#3995 = DIRECTION ( 'NONE',  ( 0.7071067811865617836, 0.000000000000000000, 0.7071067811865331398 ) ) ;
#3996 = EDGE_LOOP ( 'NONE', ( #1990, #2340, #2444, #3403 ) ) ;
#3997 = EDGE_CURVE ( 'NONE', #658, #3043, #2517, .T. ) ;
#3998 = DIRECTION ( 'NONE',  ( 0.000000000000000000, 1.000000000000000000, 0.000000000000000000 ) ) ;
#3999 = DIRECTION ( 'NONE',  ( -1.000000000000000000, 0.000000000000000000, 0.000000000000000000 ) ) ;
#4000 = EDGE_CURVE ( 'NONE', #4590, #1507, #2497, .T. ) ;
#4001 = VERTEX_POINT ( 'NONE', #3937 ) ;
#4002 = VERTEX_POINT ( 'NONE', #1781 ) ;
#4003 = DIRECTION ( 'NONE',  ( 0.000000000000000000, -1.000000000000000000, 0.000000000000000000 ) ) ;
#4004 = LINE ( 'NONE', #409, #1257 ) ;
#4005 = DIRECTION ( 'NONE',  ( 1.000000000000000000, 2.312964634635740689E-14, 0.000000000000000000 ) ) ;
#4006 = VECTOR ( 'NONE', #2056, 1000.000000000000000 ) ;
#4007 = CARTESIAN_POINT ( 'NONE',  ( 224.5000000000000284, 1.500000000000015099, 11.20820393249943692 ) ) ;
#4008 = ORIENTED_EDGE ( 'NONE', *, *, #4187, .F. ) ;
#4009 = VERTEX_POINT ( 'NONE', #3564 ) ;
#4010 = CIRCLE ( 'NONE', #3338, 1.500000000000001332 ) ;
#4011 = LINE ( 'NONE', #2157, #4460 ) ;
#4012 = DIRECTION ( 'NONE',  ( 1.000000000000000000, 0.000000000000000000, 0.000000000000000000 ) ) ;
#4013 = CONICAL_SURFACE ( 'NONE', #3042, 0.7999999999999986011, 1.029744258676652313 ) ;
#4014 = LINE ( 'NONE', #55, #13 ) ;
#4015 = DIRECTION ( 'NONE',  ( 0.000000000000000000, -0.000000000000000000, -1.000000000000000000 ) ) ;
#4016 = AXIS2_PLACEMENT_3D ( 'NONE', #897, #156, #188 ) ;
#4017 = ORIENTED_EDGE ( 'NONE', *, *, #406, .T. ) ;
#4018 = ORIENTED_EDGE ( 'NONE', *, *, #710, .T. ) ;
#4019 = DIRECTION ( 'NONE',  ( 0.000000000000000000, 0.000000000000000000, -1.000000000000000000 ) ) ;
#4020 = CIRCLE ( 'NONE', #4630, 1.500000000000004441 ) ;
#4021 = DIRECTION ( 'NONE',  ( -0.000000000000000000, -0.000000000000000000, -1.000000000000000000 ) ) ;
#4022 = EDGE_CURVE ( 'NONE', #3641, #2443, #3234, .T. ) ;
#4023 = AXIS2_PLACEMENT_3D ( 'NONE', #2698, #4529, #3101 ) ;
#4024 = VECTOR ( 'NONE', #2865, 1000.000000000000000 ) ;
#4025 = ORIENTED_EDGE ( 'NONE', *, *, #1683, .T. ) ;
#4026 = DIRECTION ( 'NONE',  ( -0.000000000000000000, -0.000000000000000000, -1.000000000000000000 ) ) ;
#4027 = DIRECTION ( 'NONE',  ( 1.000000000000000000, 0.000000000000000000, 0.000000000000000000 ) ) ;
#4028 = DIRECTION ( 'NONE',  ( -1.000000000000000000, 0.000000000000000000, 0.000000000000000000 ) ) ;
#4029 = CIRCLE ( 'NONE', #776, 1.500000000000001332 ) ;
#4030 = EDGE_CURVE ( 'NONE', #3024, #3402, #4643, .T. ) ;
#4031 = AXIS2_PLACEMENT_3D ( 'NONE', #3839, #953, #2066 ) ;
#4032 = CARTESIAN_POINT ( 'NONE',  ( 26.50000000000003908, 117.5000000000000000, 6.000000000000000000 ) ) ;
#4033 = ORIENTED_EDGE ( 'NONE', *, *, #3285, .T. ) ;
#4034 = AXIS2_PLACEMENT_3D ( 'NONE', #1094, #1780, #1026 ) ;
#4035 = PLANE ( 'NONE',  #4081 ) ;
#4036 = ORIENTED_EDGE ( 'NONE', *, *, #4205, .T. ) ;
#4037 = EDGE_CURVE ( 'NONE', #1920, #1583, #4665, .T. ) ;
#4038 = FACE_OUTER_BOUND ( 'NONE', #3782, .T. ) ;
#4039 = VECTOR ( 'NONE', #1502, 1000.000000000000114 ) ;
#4040 = EDGE_LOOP ( 'NONE', ( #3541, #3478, #4018, #3006 ) ) ;
#4041 = FACE_OUTER_BOUND ( 'NONE', #1275, .T. ) ;
#4042 = VECTOR ( 'NONE', #4269, 1000.000000000000000 ) ;
#4043 = DIRECTION ( 'NONE',  ( -1.000000000000000000, 0.000000000000000000, 0.000000000000000000 ) ) ;
#4044 = VECTOR ( 'NONE', #435, 1000.000000000000000 ) ;
#4045 = CARTESIAN_POINT ( 'NONE',  ( 3.000000000000001332, 61.74999999999998579, 4.000000000000000000 ) ) ;
#4046 = EDGE_LOOP ( 'NONE', ( #1728, #3098, #774, #3792 ) ) ;
#4047 = DIRECTION ( 'NONE',  ( -0.000000000000000000, 0.000000000000000000, 1.000000000000000000 ) ) ;
#4048 = AXIS2_PLACEMENT_3D ( 'NONE', #1545, #1894, #478 ) ;
#4049 = ORIENTED_EDGE ( 'NONE', *, *, #1105, .F. ) ;
#4050 = EDGE_CURVE ( 'NONE', #1116, #2708, #2183, .T. ) ;
#4051 = CYLINDRICAL_SURFACE ( 'NONE', #691, 1.500000000000001332 ) ;
#4052 = DIRECTION ( 'NONE',  ( -0.000000000000000000, -0.000000000000000000, -1.000000000000000000 ) ) ;
#4053 = CARTESIAN_POINT ( 'NONE',  ( 3.799999999999998490, 120.5000000000000000, 4.000000000000000000 ) ) ;
#4054 = CARTESIAN_POINT ( 'NONE',  ( 275.5000000000000568, 108.1999999999999886, 6.000000000000000000 ) ) ;
#4055 = EDGE_LOOP ( 'NONE', ( #263, #3465, #1926, #3710 ) ) ;
#4056 = ORIENTED_EDGE ( 'NONE', *, *, #3769, .F. ) ;
#4057 = EDGE_CURVE ( 'NONE', #1231, #102, #3674, .T. ) ;
#4058 = DIRECTION ( 'NONE',  ( -1.000000000000000000, 0.000000000000000000, 0.000000000000000000 ) ) ;
#4059 = CARTESIAN_POINT ( 'NONE',  ( 3.000000000000001776, 60.24999999999998579, 0.000000000000000000 ) ) ;
#4060 = ORIENTED_EDGE ( 'NONE', *, *, #3094, .F. ) ;
#4061 = LINE ( 'NONE', #2981, #2975 ) ;
#4062 = ADVANCED_FACE ( 'NONE', ( #2476 ), #72, .T. ) ;
#4063 = EDGE_LOOP ( 'NONE', ( #1065, #3136, #4667, #2685 ) ) ;
#4064 = LINE ( 'NONE', #3994, #2292 ) ;
#4065 = DIRECTION ( 'NONE',  ( -1.000000000000000000, 0.000000000000000000, 0.000000000000000000 ) ) ;
#4066 = EDGE_LOOP ( 'NONE', ( #3905, #4531 ) ) ;
#4067 = DIRECTION ( 'NONE',  ( -1.000000000000000000, 0.000000000000000000, 0.000000000000000000 ) ) ;
#4068 = EDGE_LOOP ( 'NONE', ( #262, #3430, #1365, #3858 ) ) ;
#4069 = DIRECTION ( 'NONE',  ( -0.000000000000000000, -0.000000000000000000, -1.000000000000000000 ) ) ;
#4070 = ORIENTED_EDGE ( 'NONE', *, *, #491, .F. ) ;
#4071 = CARTESIAN_POINT ( 'NONE',  ( 1.499999999999915845, 117.4999999999998295, 4.500000000000000000 ) ) ;
#4072 = DIRECTION ( 'NONE',  ( -1.000000000000000000, 0.000000000000000000, 0.000000000000000000 ) ) ;
#4073 = DIRECTION ( 'NONE',  ( -0.000000000000000000, 0.000000000000000000, 1.000000000000000000 ) ) ;
#4074 = CARTESIAN_POINT ( 'NONE',  ( 267.5000000000000000, 103.5000000000000000, 5.700000000000045475 ) ) ;
#4075 = EDGE_CURVE ( 'NONE', #1264, #4506, #3332, .T. ) ;
#4076 = ORIENTED_EDGE ( 'NONE', *, *, #3821, .T. ) ;
#4077 = CARTESIAN_POINT ( 'NONE',  ( 3.000000000000000444, 119.0000000000000000, 0.000000000000000000 ) ) ;
#4078 = FACE_OUTER_BOUND ( 'NONE', #3705, .T. ) ;
#4079 = CARTESIAN_POINT ( 'NONE',  ( 111.7999999999999829, 3.000000000000002665, 0.000000000000000000 ) ) ;
#4080 = ADVANCED_FACE ( 'NONE', ( #2720 ), #2697, .F. ) ;
#4081 = AXIS2_PLACEMENT_3D ( 'NONE', #793, #1928, #3099 ) ;
#4082 = ORIENTED_EDGE ( 'NONE', *, *, #1054, .F. ) ;
#4083 = CARTESIAN_POINT ( 'NONE',  ( 6.000000000000001776, 120.5000000000000000, 0.000000000000000000 ) ) ;
#4084 = VECTOR ( 'NONE', #2410, 1000.000000000000000 ) ;
#4085 = CARTESIAN_POINT ( 'NONE',  ( 2.500000000000007550, 1.500000000000000000, 0.000000000000000000 ) ) ;
#4086 = ADVANCED_FACE ( 'NONE', ( #2978 ), #1040, .F. ) ;
#4087 = UNCERTAINTY_MEASURE_WITH_UNIT (LENGTH_MEASURE( 1.000000000000000082E-05 ), #3818, 'distance_accuracy_value', 'NONE');
#4088 = AXIS2_PLACEMENT_3D ( 'NONE', #3528, #3825, #4623 ) ;
#4089 = CARTESIAN_POINT ( 'NONE',  ( 3.000000000000000000, 123.5000000000000000, 5.700000000000045475 ) ) ;
#4090 = VERTEX_POINT ( 'NONE', #2641 ) ;
#4091 = DIRECTION ( 'NONE',  ( -1.000000000000000000, 0.000000000000000000, 0.000000000000000000 ) ) ;
#4092 = VECTOR ( 'NONE', #3546, 1000.000000000000000 ) ;
#4093 = CARTESIAN_POINT ( 'NONE',  ( 328.5000000000000000, 101.5000000000000000, 4.499999999999997335 ) ) ;
#4094 = VERTEX_POINT ( 'NONE', #3432 ) ;
#4095 = CONICAL_SURFACE ( 'NONE', #2067, 2.700000000000035705, 0.7853981633974642662 ) ;
#4096 = CARTESIAN_POINT ( 'NONE',  ( 332.2000000000000455, 3.000000000000000000, 6.000000000000000000 ) ) ;
#4097 = CARTESIAN_POINT ( 'NONE',  ( 1.500000000000000000, 2.500000000000007550, 4.500000000000000000 ) ) ;
#4098 = DIRECTION ( 'NONE',  ( -1.000000000000000000, 0.000000000000000000, 0.000000000000000000 ) ) ;
#4099 = CARTESIAN_POINT ( 'NONE',  ( 328.7999999999999545, 6.000000000000003553, 6.000000000000000000 ) ) ;
#4100 = CONICAL_SURFACE ( 'NONE', #2070, 0.7999999999999986011, 1.029744258676652313 ) ;
#4101 = VERTEX_POINT ( 'NONE', #4059 ) ;
#4102 = VERTEX_POINT ( 'NONE', #508 ) ;
#4103 = ORIENTED_EDGE ( 'NONE', *, *, #4349, .T. ) ;
#4104 = CIRCLE ( 'NONE', #853, 1.799999999999968292 ) ;
#4105 = ADVANCED_FACE ( 'NONE', ( #4078 ), #814, .F. ) ;
#4106 = CARTESIAN_POINT ( 'NONE',  ( 275.8000000000000682, 113.0000000000000000, 4.500000000000000000 ) ) ;
#4107 = CIRCLE ( 'NONE', #332, 0.7999999999999951594 ) ;
#4108 = DIRECTION ( 'NONE',  ( 1.000000000000000000, 0.000000000000000000, 0.000000000000000000 ) ) ;
#4109 = DIRECTION ( 'NONE',  ( 0.000000000000000000, 0.000000000000000000, -1.000000000000000000 ) ) ;
#4110 = AXIS2_PLACEMENT_3D ( 'NONE', #3373, #3768, #3322 ) ;
#4111 = VERTEX_POINT ( 'NONE', #1974 ) ;
#4112 = EDGE_CURVE ( 'NONE', #4541, #220, #4157, .T. ) ;
#4113 = DIRECTION ( 'NONE',  ( 1.000000000000000000, 0.000000000000000000, 0.000000000000000000 ) ) ;
#4114 = VECTOR ( 'NONE', #3413, 1000.000000000000000 ) ;
#4115 = DIRECTION ( 'NONE',  ( -1.000000000000000000, 0.000000000000000000, 0.000000000000000000 ) ) ;
#4116 = ORIENTED_EDGE ( 'NONE', *, *, #2768, .F. ) ;
#4117 = EDGE_CURVE ( 'NONE', #4480, #4002, #3080, .T. ) ;
#4118 = DIRECTION ( 'NONE',  ( -0.000000000000000000, -0.000000000000000000, -1.000000000000000000 ) ) ;
#4119 = ORIENTED_EDGE ( 'NONE', *, *, #36, .F. ) ;
#4120 = CARTESIAN_POINT ( 'NONE',  ( 221.5000000000000284, 120.4999999999999716, 0.000000000000000000 ) ) ;
#4121 = VECTOR ( 'NONE', #138, 1000.000000000000000 ) ;
#4122 = ORIENTED_EDGE ( 'NONE', *, *, #4187, .T. ) ;
#4123 = EDGE_CURVE ( 'NONE', #4132, #3363, #4484, .T. ) ;
#4124 = DIRECTION ( 'NONE',  ( -1.000000000000000000, -0.000000000000000000, -0.000000000000000000 ) ) ;
#4125 = ORIENTED_EDGE ( 'NONE', *, *, #2620, .F. ) ;
#4126 = FACE_OUTER_BOUND ( 'NONE', #3162, .T. ) ;
#4127 = VECTOR ( 'NONE', #2816, 1000.000000000000000 ) ;
#4128 = FACE_OUTER_BOUND ( 'NONE', #24, .T. ) ;
#4129 = LINE ( 'NONE', #3164, #2391 ) ;
#4130 = ORIENTED_EDGE ( 'NONE', *, *, #741, .T. ) ;
#4131 = ORIENTED_EDGE ( 'NONE', *, *, #1515, .T. ) ;
#4132 = VERTEX_POINT ( 'NONE', #4508 ) ;
#4133 = VERTEX_POINT ( 'NONE', #1244 ) ;
#4134 = FACE_BOUND ( 'NONE', #2202, .T. ) ;
#4135 = CARTESIAN_POINT ( 'NONE',  ( 277.3000000000000682, 108.1999999999999886, -0.001000000000000132727 ) ) ;
#4136 = CARTESIAN_POINT ( 'NONE',  ( 326.5000000000000000, 99.50000000000000000, -59.10031446463138138 ) ) ;
#4137 = ORIENTED_EDGE ( 'NONE', *, *, #1628, .T. ) ;
#4138 = DIRECTION ( 'NONE',  ( 0.000000000000000000, 0.7071067811865332509, -0.7071067811865618946 ) ) ;
#4139 = DIRECTION ( 'NONE',  ( 1.000000000000000000, -1.298151401189309548E-13, 0.000000000000000000 ) ) ;
#4140 = EDGE_CURVE ( 'NONE', #543, #1116, #2342, .T. ) ;
#4141 = VERTEX_POINT ( 'NONE', #3005 ) ;
#4142 = LINE ( 'NONE', #539, #80 ) ;
#4143 = ORIENTED_EDGE ( 'NONE', *, *, #2649, .F. ) ;
#4144 = CARTESIAN_POINT ( 'NONE',  ( 3.800000000000001155, 3.000000000000000000, 4.000000000000000000 ) ) ;
#4145 = ADVANCED_FACE ( 'NONE', ( #3735 ), #3406, .F. ) ;
#4146 = ORIENTED_EDGE ( 'NONE', *, *, #566, .T. ) ;
#4147 = EDGE_LOOP ( 'NONE', ( #4137, #3265, #563, #862 ) ) ;
#4148 = FACE_BOUND ( 'NONE', #3589, .T. ) ;
#4149 = DIRECTION ( 'NONE',  ( -0.000000000000000000, -0.000000000000000000, -1.000000000000000000 ) ) ;
#4150 = CARTESIAN_POINT ( 'NONE',  ( 329.5000000000000000, 61.74999999999998579, 4.000000000000000000 ) ) ;
#4151 = DIRECTION ( 'NONE',  ( 1.000000000000000000, 0.000000000000000000, 0.000000000000000000 ) ) ;
#4152 = EDGE_CURVE ( 'NONE', #1595, #3363, #3708, .T. ) ;
#4153 = ORIENTED_EDGE ( 'NONE', *, *, #4152, .T. ) ;
#4154 = ORIENTED_EDGE ( 'NONE', *, *, #3017, .T. ) ;
#4155 = ORIENTED_EDGE ( 'NONE', *, *, #2236, .F. ) ;
#4156 = DIRECTION ( 'NONE',  ( 1.000000000000000000, 0.000000000000000000, 0.000000000000000000 ) ) ;
#4157 = LINE ( 'NONE', #890, #1408 ) ;
#4158 = CARTESIAN_POINT ( 'NONE',  ( 301.0000000000000568, 114.5000000000000000, -0.001000000000000132727 ) ) ;
#4159 = ORIENTED_EDGE ( 'NONE', *, *, #2558, .F. ) ;
#4160 = ORIENTED_EDGE ( 'NONE', *, *, #1373, .F. ) ;
#4161 = CARTESIAN_POINT ( 'NONE',  ( 221.5000000000000284, 120.4999999999999716, -1.457329690985347238E-15 ) ) ;
#4162 = LINE ( 'NONE', #1955, #2754 ) ;
#4163 = AXIS2_PLACEMENT_3D ( 'NONE', #2242, #3601, #744 ) ;
#4164 = ORIENTED_EDGE ( 'NONE', *, *, #1777, .F. ) ;
#4165 = CIRCLE ( 'NONE', #3945, 2.000000000000001776 ) ;
#4166 = EDGE_CURVE ( 'NONE', #2502, #160, #107, .T. ) ;
#4167 = DIRECTION ( 'NONE',  ( 1.126443815569355400E-16, -1.000000000000000000, 0.000000000000000000 ) ) ;
#4168 = ORIENTED_EDGE ( 'NONE', *, *, #2562, .F. ) ;
#4169 = LINE ( 'NONE', #190, #1156 ) ;
#4170 = AXIS2_PLACEMENT_3D ( 'NONE', #1494, #4173, #4500 ) ;
#4171 = VERTEX_POINT ( 'NONE', #4435 ) ;
#4172 = EDGE_CURVE ( 'NONE', #1613, #832, #3303, .T. ) ;
#4173 = DIRECTION ( 'NONE',  ( -0.000000000000000000, 0.000000000000000000, 1.000000000000000000 ) ) ;
#4174 = AXIS2_PLACEMENT_3D ( 'NONE', #1783, #3982, #2118 ) ;
#4175 = DIRECTION ( 'NONE',  ( -1.000000000000000000, 0.000000000000000000, 0.000000000000000000 ) ) ;
#4176 = DIRECTION ( 'NONE',  ( 0.000000000000000000, 0.7071067811865536790, -0.7071067811865414665 ) ) ;
#4177 = AXIS2_PLACEMENT_3D ( 'NONE', #2495, #3883, #661 ) ;
#4178 = ORIENTED_EDGE ( 'NONE', *, *, #4302, .F. ) ;
#4179 = EDGE_LOOP ( 'NONE', ( #88, #3291, #2089 ) ) ;
#4180 = EDGE_CURVE ( 'NONE', #1981, #119, #795, .T. ) ;
#4181 = PLANE ( 'NONE',  #3118 ) ;
#4182 = DIRECTION ( 'NONE',  ( 1.000000000000000000, 0.000000000000000000, 0.000000000000000000 ) ) ;
#4183 = LINE ( 'NONE', #1951, #629 ) ;
#4184 = AXIS2_PLACEMENT_3D ( 'NONE', #3009, #3712, #460 ) ;
#4185 = AXIS2_PLACEMENT_3D ( 'NONE', #4296, #3302, #3999 ) ;
#4186 = EDGE_LOOP ( 'NONE', ( #1205, #3788, #95, #2830 ) ) ;
#4187 = EDGE_CURVE ( 'NONE', #3917, #1297, #1210, .T. ) ;
#4188 = DIRECTION ( 'NONE',  ( -1.000000000000000000, 0.000000000000000000, 0.000000000000000000 ) ) ;
#4189 = EDGE_LOOP ( 'NONE', ( #1039, #4159, #1384, #902 ) ) ;
#4190 = FACE_OUTER_BOUND ( 'NONE', #611, .T. ) ;
#4191 = DIRECTION ( 'NONE',  ( 1.000000000000000000, 0.000000000000000000, 0.000000000000000000 ) ) ;
#4192 = AXIS2_PLACEMENT_3D ( 'NONE', #318, #1415, #3900 ) ;
#4193 = AXIS2_PLACEMENT_3D ( 'NONE', #3698, #4021, #4091 ) ;
#4194 = VERTEX_POINT ( 'NONE', #145 ) ;
#4195 = VECTOR ( 'NONE', #421, 1000.000000000000000 ) ;
#4196 = CARTESIAN_POINT ( 'NONE',  ( 110.9999999999999858, 3.000000000000002665, 4.000000000000000000 ) ) ;
#4197 = ORIENTED_EDGE ( 'NONE', *, *, #1314, .F. ) ;
#4198 = DIRECTION ( 'NONE',  ( 0.000000000000000000, -0.000000000000000000, -1.000000000000000000 ) ) ;
#4199 = ORIENTED_EDGE ( 'NONE', *, *, #3119, .F. ) ;
#4200 = ORIENTED_EDGE ( 'NONE', *, *, #4409, .T. ) ;
#4201 = FACE_BOUND ( 'NONE', #1957, .T. ) ;
#4202 = FILL_AREA_STYLE_COLOUR ( '', #2928 ) ;
#4203 = CARTESIAN_POINT ( 'NONE',  ( 3.000000000000000888, 63.25000000000007105, 4.500000000000000000 ) ) ;
#4204 = VECTOR ( 'NONE', #1376, 1000.000000000000000 ) ;
#4205 = EDGE_CURVE ( 'NONE', #881, #1008, #3779, .T. ) ;
#4206 = EDGE_LOOP ( 'NONE', ( #207, #2229, #2627, #1078 ) ) ;
#4207 = ORIENTED_EDGE ( 'NONE', *, *, #1465, .T. ) ;
#4208 = CIRCLE ( 'NONE', #3677, 2.000000000000001776 ) ;
#4209 = DIRECTION ( 'NONE',  ( -0.000000000000000000, 1.000000000000000000, 0.000000000000000000 ) ) ;
#4210 = LINE ( 'NONE', #4528, #572 ) ;
#4211 = DIRECTION ( 'NONE',  ( 0.000000000000000000, -0.000000000000000000, 1.000000000000000000 ) ) ;
#4212 = VECTOR ( 'NONE', #2283, 1000.000000000000000 ) ;
#4213 = EDGE_CURVE ( 'NONE', #227, #824, #1252, .T. ) ;
#4214 = ORIENTED_EDGE ( 'NONE', *, *, #2872, .F. ) ;
#4215 = DIRECTION ( 'NONE',  ( 1.000000000000000000, 0.000000000000000000, 0.000000000000000000 ) ) ;
#4216 = DIRECTION ( 'NONE',  ( 1.000000000000000000, 0.000000000000000000, 0.000000000000000000 ) ) ;
#4217 = CARTESIAN_POINT ( 'NONE',  ( 299.5000000000000568, 114.5000000000000000, 6.000000000000000000 ) ) ;
#4218 = EDGE_CURVE ( 'NONE', #2216, #623, #1648, .T. ) ;
#4219 = LINE ( 'NONE', #924, #3725 ) ;
#4220 = VERTEX_POINT ( 'NONE', #2432 ) ;
#4221 = ORIENTED_EDGE ( 'NONE', *, *, #896, .F. ) ;
#4222 = CARTESIAN_POINT ( 'NONE',  ( 330.3000000000000114, 3.000000000000000000, 4.000000000000000000 ) ) ;
#4223 = CARTESIAN_POINT ( 'NONE',  ( 328.5000000000000000, 62.86803398874990734, 4.500000000000000000 ) ) ;
#4224 = DIRECTION ( 'NONE',  ( 0.000000000000000000, 0.000000000000000000, -1.000000000000000000 ) ) ;
#4225 = LINE ( 'NONE', #2839, #4024 ) ;
#4226 = ORIENTED_EDGE ( 'NONE', *, *, #3769, .T. ) ;
#4227 = ORIENTED_EDGE ( 'NONE', *, *, #1950, .T. ) ;
#4228 = CARTESIAN_POINT ( 'NONE',  ( 3.000000000000000000, 0.000000000000000000, 4.500000000000000000 ) ) ;
#4229 = DIRECTION ( 'NONE',  ( -0.7071067811865463515, 0.000000000000000000, -0.7071067811865487940 ) ) ;
#4230 = EDGE_CURVE ( 'NONE', #516, #3699, #4254, .T. ) ;
#4231 = DIRECTION ( 'NONE',  ( 1.000000000000000000, 0.000000000000000000, 0.000000000000000000 ) ) ;
#4232 = VERTEX_POINT ( 'NONE', #3502 ) ;
#4233 = CARTESIAN_POINT ( 'NONE',  ( 2.999999999999976463, 6.000000000000282441, 11.20820393249943692 ) ) ;
#4234 = ORIENTED_EDGE ( 'NONE', *, *, #1409, .F. ) ;
#4235 = LINE ( 'NONE', #1144, #2446 ) ;
#4236 = ADVANCED_FACE ( 'NONE', ( #3553 ), #249, .F. ) ;
#4237 = DIRECTION ( 'NONE',  ( -0.000000000000000000, -0.000000000000000000, 1.000000000000000000 ) ) ;
#4238 = DIRECTION ( 'NONE',  ( -1.000000000000000000, 0.000000000000000000, 0.000000000000000000 ) ) ;
#4240 = EDGE_CURVE ( 'NONE', #3943, #2878, #3803, .T. ) ;
#4239 = ORIENTED_EDGE ( 'NONE', *, *, #4037, .T. ) ;
#4241 = CIRCLE ( 'NONE', #4163, 1.500000000000001332 ) ;
#4242 = VERTEX_POINT ( 'NONE', #2027 ) ;
#4243 = DIRECTION ( 'NONE',  ( -0.000000000000000000, -0.000000000000000000, -1.000000000000000000 ) ) ;
#4244 = CARTESIAN_POINT ( 'NONE',  ( 329.5000000000000000, 61.74999999999998579, -1.457329690985347238E-15 ) ) ;
#4245 = AXIS2_PLACEMENT_3D ( 'NONE', #4304, #2573, #679 ) ;
#4246 = DIRECTION ( 'NONE',  ( -1.000000000000000000, 0.000000000000000000, 0.000000000000000000 ) ) ;
#4247 = EDGE_CURVE ( 'NONE', #1673, #553, #3149, .T. ) ;
#4248 = FACE_OUTER_BOUND ( 'NONE', #525, .T. ) ;
#4249 = CIRCLE ( 'NONE', #4620, 2.299999999999968736 ) ;
#4250 = VERTEX_POINT ( 'NONE', #2846 ) ;
#4251 = VERTEX_POINT ( 'NONE', #3172 ) ;
#4252 = CIRCLE ( 'NONE', #2899, 0.7999999999999951594 ) ;
#4253 = DIRECTION ( 'NONE',  ( 0.000000000000000000, 0.000000000000000000, -1.000000000000000000 ) ) ;
#4254 = LINE ( 'NONE', #1694, #3457 ) ;
#4255 = DIRECTION ( 'NONE',  ( -1.000000000000000000, 0.000000000000000000, 0.000000000000000000 ) ) ;
#4256 = AXIS2_PLACEMENT_3D ( 'NONE', #2037, #974, #2707 ) ;
#4257 = CARTESIAN_POINT ( 'NONE',  ( 275.8000000000000682, 113.0000000000000000, 5.700000000000055245 ) ) ;
#4258 = ORIENTED_EDGE ( 'NONE', *, *, #3435, .T. ) ;
#4259 = CARTESIAN_POINT ( 'NONE',  ( 221.5000000000000284, 120.4999999999999716, 4.000000000000000000 ) ) ;
#4260 = LINE ( 'NONE', #2179, #1088 ) ;
#4261 = CIRCLE ( 'NONE', #4023, 1.500000000000001332 ) ;
#4262 = AXIS2_PLACEMENT_3D ( 'NONE', #4429, #3020, #2241 ) ;
#4263 = ADVANCED_FACE ( 'NONE', ( #3100 ), #4419, .T. ) ;
#4264 = AXIS2_PLACEMENT_3D ( 'NONE', #4675, #1435, #2464 ) ;
#4265 = CARTESIAN_POINT ( 'NONE',  ( 277.3000000000000682, 106.4000000000000199, 6.000000000000000000 ) ) ;
#4266 = AXIS2_PLACEMENT_3D ( 'NONE', #3111, #2376, #3449 ) ;
#4267 = ORIENTED_EDGE ( 'NONE', *, *, #3084, .F. ) ;
#4268 = DIRECTION ( 'NONE',  ( 1.000000000000000000, 0.000000000000000000, 0.000000000000000000 ) ) ;
#4269 = DIRECTION ( 'NONE',  ( -0.7071067811865731079, 0.000000000000000000, 0.7071067811865219266 ) ) ;
#4270 = EDGE_CURVE ( 'NONE', #4002, #3083, #4210, .T. ) ;
#4271 = AXIS2_PLACEMENT_3D ( 'NONE', #1402, #4664, #4268 ) ;
#4272 = CARTESIAN_POINT ( 'NONE',  ( 218.5000000000000284, 120.5000000000000000, 0.000000000000000000 ) ) ;
#4273 = SHAPE_DEFINITION_REPRESENTATION ( #2806, #3244 ) ;
#4274 = LINE ( 'NONE', #4359, #4334 ) ;
#4275 = VECTOR ( 'NONE', #2413, 1000.000000000000000 ) ;
#4276 = ADVANCED_FACE ( 'NONE', ( #4280 ), #1288, .F. ) ;
#4277 = EDGE_LOOP ( 'NONE', ( #2260, #1139 ) ) ;
#4278 = ORIENTED_EDGE ( 'NONE', *, *, #1454, .F. ) ;
#4279 = DIRECTION ( 'NONE',  ( 0.000000000000000000, -0.000000000000000000, -1.000000000000000000 ) ) ;
#4280 = FACE_OUTER_BOUND ( 'NONE', #2484, .T. ) ;
#4281 = AXIS2_PLACEMENT_3D ( 'NONE', #1167, #3264, #745 ) ;
#4282 = DIRECTION ( 'NONE',  ( 0.000000000000000000, 1.000000000000000000, 0.000000000000000000 ) ) ;
#4283 = CIRCLE ( 'NONE', #1412, 1.500000000000001332 ) ;
#4284 = LINE ( 'NONE', #3930, #3263 ) ;
#4285 = ORIENTED_EDGE ( 'NONE', *, *, #1380, .T. ) ;
#4286 = CARTESIAN_POINT ( 'NONE',  ( 222.6180339887499713, 119.5000000000000000, 4.500000000000000000 ) ) ;
#4287 = CIRCLE ( 'NONE', #1634, 1.499999999999987566 ) ;
#4288 = CARTESIAN_POINT ( 'NONE',  ( 328.5000000000000000, 119.5000000000000000, 4.500000000000000000 ) ) ;
#4289 = LINE ( 'NONE', #347, #2197 ) ;
#4290 = CARTESIAN_POINT ( 'NONE',  ( 221.5000000000000284, 120.4999999999999716, 11.20820393249943692 ) ) ;
#4291 = ORIENTED_EDGE ( 'NONE', *, *, #2384, .T. ) ;
#4292 = DIRECTION ( 'NONE',  ( -1.000000000000000000, 0.000000000000000000, 0.000000000000000000 ) ) ;
#4293 = ADVANCED_FACE ( 'NONE', ( #295 ), #2743, .F. ) ;
#4294 = CARTESIAN_POINT ( 'NONE',  ( 110.9999999999999858, 3.000000000000002665, 0.000000000000000000 ) ) ;
#4295 = CARTESIAN_POINT ( 'NONE',  ( 328.7000000000000455, 3.000000000000000000, -1.457329690985347238E-15 ) ) ;
#4296 = CARTESIAN_POINT ( 'NONE',  ( 329.5000000000000000, 117.4999999999998295, 11.20820393249943692 ) ) ;
#4297 = EDGE_CURVE ( 'NONE', #2849, #126, #2997, .T. ) ;
#4298 = EDGE_LOOP ( 'NONE', ( #1589, #4378, #810, #2344 ) ) ;
#4299 = ORIENTED_EDGE ( 'NONE', *, *, #4368, .T. ) ;
#4300 = FACE_OUTER_BOUND ( 'NONE', #3612, .T. ) ;
#4301 = DIRECTION ( 'NONE',  ( -0.000000000000000000, -0.000000000000000000, -1.000000000000000000 ) ) ;
#4302 = EDGE_CURVE ( 'NONE', #2055, #119, #940, .T. ) ;
#4303 = FACE_OUTER_BOUND ( 'NONE', #3527, .T. ) ;
#4304 = CARTESIAN_POINT ( 'NONE',  ( 111.0000000000000000, 120.4999999999999858, 0.000000000000000000 ) ) ;
#4305 = EDGE_LOOP ( 'NONE', ( #712, #370, #1870, #3833 ) ) ;
#4306 = CARTESIAN_POINT ( 'NONE',  ( 329.5000000000000000, 61.74999999999998579, 4.000000000000000000 ) ) ;
#4307 = CARTESIAN_POINT ( 'NONE',  ( 265.5000000000000000, 117.5000000000000000, 4.500000000000000000 ) ) ;
#4308 = DIRECTION ( 'NONE',  ( 0.000000000000000000, 0.000000000000000000, -1.000000000000000000 ) ) ;
#4309 = CARTESIAN_POINT ( 'NONE',  ( 28.80000000000000782, 119.7999999999999687, 6.000000000000000000 ) ) ;
#4310 = LINE ( 'NONE', #2140, #567 ) ;
#4311 = ORIENTED_EDGE ( 'NONE', *, *, #3154, .T. ) ;
#4312 = EDGE_CURVE ( 'NONE', #2932, #2619, #955, .T. ) ;
#4313 = FACE_OUTER_BOUND ( 'NONE', #1057, .T. ) ;
#4314 = CYLINDRICAL_SURFACE ( 'NONE', #1092, 1.499999999999987566 ) ;
#4315 = ORIENTED_EDGE ( 'NONE', *, *, #2768, .T. ) ;
#4316 = VERTEX_POINT ( 'NONE', #965 ) ;
#4317 = ADVANCED_FACE ( 'NONE', ( #2411 ), #2051, .F. ) ;
#4318 = CARTESIAN_POINT ( 'NONE',  ( 28.80000000000000782, 117.5000000000000000, 6.000000000000000000 ) ) ;
#4319 = AXIS2_PLACEMENT_3D ( 'NONE', #3458, #2049, #200 ) ;
#4320 = LINE ( 'NONE', #2487, #2780 ) ;
#4321 = DIRECTION ( 'NONE',  ( -0.000000000000000000, -0.000000000000000000, 1.000000000000000000 ) ) ;
#4322 = EDGE_CURVE ( 'NONE', #1603, #2492, #4208, .T. ) ;
#4323 = CARTESIAN_POINT ( 'NONE',  ( 3.000000000000001332, 61.74999999999998579, 4.000000000000000000 ) ) ;
#4324 = AXIS2_PLACEMENT_3D ( 'NONE', #1098, #21, #2923 ) ;
#4325 = CARTESIAN_POINT ( 'NONE',  ( 331.0000000000000000, 2.500000000000007105, 4.500000000000000000 ) ) ;
#4326 = ADVANCED_FACE ( 'NONE', ( #3193 ), #3379, .F. ) ;
#4327 = CIRCLE ( 'NONE', #847, 0.7999999999999951594 ) ;
#4328 = CARTESIAN_POINT ( 'NONE',  ( 0.000000000000000000, 120.5000000000000000, 5.700000000000045475 ) ) ;
#4329 = CARTESIAN_POINT ( 'NONE',  ( 221.5000000000000284, 120.4999999999999716, 4.500000000000000000 ) ) ;
#4330 = AXIS2_PLACEMENT_3D ( 'NONE', #4306, #1048, #3878 ) ;
#4331 = DIRECTION ( 'NONE',  ( -1.000000000000000000, 0.000000000000000000, 0.000000000000000000 ) ) ;
#4332 = EDGE_LOOP ( 'NONE', ( #1268, #3706, #3830 ) ) ;
#4333 = AXIS2_PLACEMENT_3D ( 'NONE', #4415, #1173, #2574 ) ;
#4334 = VECTOR ( 'NONE', #1119, 1000.000000000000000 ) ;
#4335 = CARTESIAN_POINT ( 'NONE',  ( 332.5000000000000000, 120.5000000000000000, 5.700000000000045475 ) ) ;
#4336 = CARTESIAN_POINT ( 'NONE',  ( 0.000000000000000000, 0.000000000000000000, 4.500000000000000000 ) ) ;
#4337 = VECTOR ( 'NONE', #570, 1000.000000000000000 ) ;
#4338 = EDGE_LOOP ( 'NONE', ( #4017, #1642, #151, #1206 ) ) ;
#4339 = ORIENTED_EDGE ( 'NONE', *, *, #2987, .T. ) ;
#4340 = CARTESIAN_POINT ( 'NONE',  ( 109.5000000000000000, 120.4999999999999858, 11.20820393249943692 ) ) ;
#4341 = CIRCLE ( 'NONE', #4034, 3.000000000000000000 ) ;
#4342 = DIRECTION ( 'NONE',  ( 1.000000000000000000, 0.000000000000000000, 0.000000000000000000 ) ) ;
#4343 = LINE ( 'NONE', #1497, #3532 ) ;
#4344 = ADVANCED_FACE ( 'NONE', ( #2870 ), #2930, .T. ) ;
#4345 = ORIENTED_EDGE ( 'NONE', *, *, #476, .T. ) ;
#4346 = ORIENTED_EDGE ( 'NONE', *, *, #111, .T. ) ;
#4347 = CYLINDRICAL_SURFACE ( 'NONE', #3192, 0.7999999999999951594 ) ;
#4348 = DIRECTION ( 'NONE',  ( 0.000000000000000000, 1.000000000000000000, 0.000000000000000000 ) ) ;
#4349 = EDGE_CURVE ( 'NONE', #3685, #801, #3621, .T. ) ;
#4350 = VECTOR ( 'NONE', #884, 1000.000000000000000 ) ;
#4351 = VECTOR ( 'NONE', #1011, 1000.000000000000000 ) ;
#4352 = DIRECTION ( 'NONE',  ( -0.8571673007021184398, 0.000000000000000000, -0.5150380749100440525 ) ) ;
#4353 = DIRECTION ( 'NONE',  ( 0.000000000000000000, -1.000000000000000000, 0.000000000000000000 ) ) ;
#4354 = EDGE_CURVE ( 'NONE', #2728, #2194, #2320, .T. ) ;
#4355 = VERTEX_POINT ( 'NONE', #2568 ) ;
#4356 = AXIS2_PLACEMENT_3D ( 'NONE', #3495, #931, #2353 ) ;
#4357 = VERTEX_POINT ( 'NONE', #3307 ) ;
#4358 = DIRECTION ( 'NONE',  ( -0.8571673007021184398, 0.000000000000000000, -0.5150380749100440525 ) ) ;
#4359 = CARTESIAN_POINT ( 'NONE',  ( 331.0000000000000568, 117.4999999999998295, 11.20820393249943692 ) ) ;
#4360 = VERTEX_POINT ( 'NONE', #2551 ) ;
#4361 = ORIENTED_EDGE ( 'NONE', *, *, #2475, .T. ) ;
#4362 = ORIENTED_EDGE ( 'NONE', *, *, #3918, .F. ) ;
#4363 = DIRECTION ( 'NONE',  ( -0.000000000000000000, -0.000000000000000000, -1.000000000000000000 ) ) ;
#4364 = DIRECTION ( 'NONE',  ( 0.000000000000000000, 0.000000000000000000, 1.000000000000000000 ) ) ;
#4365 = CARTESIAN_POINT ( 'NONE',  ( 329.5000000000000000, 3.000000000000000000, 0.000000000000000000 ) ) ;
#4366 = ORIENTED_EDGE ( 'NONE', *, *, #3720, .T. ) ;
#4367 = ORIENTED_EDGE ( 'NONE', *, *, #2135, .T. ) ;
#4368 = EDGE_CURVE ( 'NONE', #702, #801, #2925, .T. ) ;
#4369 = CARTESIAN_POINT ( 'NONE',  ( 265.5000000000000000, 117.5000000000000000, 5.700000000000041922 ) ) ;
#4370 = CARTESIAN_POINT ( 'NONE',  ( 4.499999999999976019, 3.000000000000113687, 4.500000000000000000 ) ) ;
#4371 = EDGE_CURVE ( 'NONE', #3199, #2526, #2192, .T. ) ;
#4372 = DIRECTION ( 'NONE',  ( -1.000000000000000000, 0.000000000000000000, 0.000000000000000000 ) ) ;
#4373 = DIRECTION ( 'NONE',  ( 1.000000000000000000, 0.000000000000000000, 0.000000000000000000 ) ) ;
#4374 = ORIENTED_EDGE ( 'NONE', *, *, #354, .T. ) ;
#4375 = EDGE_CURVE ( 'NONE', #3409, #2237, #2094, .T. ) ;
#4376 = FACE_OUTER_BOUND ( 'NONE', #1779, .T. ) ;
#4377 = DIRECTION ( 'NONE',  ( 0.000000000000000000, -0.7071067811865567876, -0.7071067811865383579 ) ) ;
#4378 = ORIENTED_EDGE ( 'NONE', *, *, #3851, .T. ) ;
#4379 = ADVANCED_FACE ( 'NONE', ( #675 ), #3243, .F. ) ;
#4380 = CARTESIAN_POINT ( 'NONE',  ( 2.500000000000007550, 1.500000000000000000, 4.500000000000000000 ) ) ;
#4381 = DIRECTION ( 'NONE',  ( -0.000000000000000000, -0.000000000000000000, -1.000000000000000000 ) ) ;
#4382 = DIRECTION ( 'NONE',  ( 0.000000000000000000, -0.000000000000000000, -1.000000000000000000 ) ) ;
#4383 = CARTESIAN_POINT ( 'NONE',  ( -3.955917942135130554E-17, 3.700000000000036593, 6.000000000000000000 ) ) ;
#4384 = ORIENTED_EDGE ( 'NONE', *, *, #1454, .T. ) ;
#4385 = ORIENTED_EDGE ( 'NONE', *, *, #3382, .T. ) ;
#4386 = CIRCLE ( 'NONE', #3717, 1.500000000000000888 ) ;
#4387 = CARTESIAN_POINT ( 'NONE',  ( 3.799999999999995826, 61.74999999999998579, 0.000000000000000000 ) ) ;
#4388 = CARTESIAN_POINT ( 'NONE',  ( 275.8000000000000682, 113.0000000000000000, 6.000000000000000000 ) ) ;
#4389 = CIRCLE ( 'NONE', #4170, 2.000000000000000000 ) ;
#4390 = EDGE_CURVE ( 'NONE', #3043, #1969, #2477, .T. ) ;
#4391 = VECTOR ( 'NONE', #1643, 1000.000000000000000 ) ;
#4392 = CARTESIAN_POINT ( 'NONE',  ( 110.2000000000000028, 120.4999999999999858, 0.000000000000000000 ) ) ;
#4393 = DIRECTION ( 'NONE',  ( -1.000000000000000000, 0.000000000000000000, 0.000000000000000000 ) ) ;
#4394 = EDGE_CURVE ( 'NONE', #976, #1215, #4287, .T. ) ;
#4395 = DIRECTION ( 'NONE',  ( 1.000000000000000000, 1.069167011387862667E-17, 0.000000000000000000 ) ) ;
#4396 = VECTOR ( 'NONE', #2369, 1000.000000000000000 ) ;
#4397 = EDGE_LOOP ( 'NONE', ( #4639, #1338, #3340, #94 ) ) ;
#4398 = FACE_OUTER_BOUND ( 'NONE', #397, .T. ) ;
#4399 = EDGE_CURVE ( 'NONE', #4422, #2401, #4283, .T. ) ;
#4400 = AXIS2_PLACEMENT_3D ( 'NONE', #4307, #1775, #703 ) ;
#4401 = ORIENTED_EDGE ( 'NONE', *, *, #1448, .T. ) ;
#4402 = ORIENTED_EDGE ( 'NONE', *, *, #3634, .F. ) ;
#4403 = CARTESIAN_POINT ( 'NONE',  ( 26.80000000000000426, 117.5000000000000000, 5.700000000000045475 ) ) ;
#4404 = FACE_OUTER_BOUND ( 'NONE', #1452, .T. ) ;
#4405 = PLANE ( 'NONE',  #4479 ) ;
#4406 = CONICAL_SURFACE ( 'NONE', #937, 1.799999999999968292, 0.7853981633974634891 ) ;
#4407 = VECTOR ( 'NONE', #4377, 1000.000000000000000 ) ;
#4408 = DIRECTION ( 'NONE',  ( -1.000000000000000000, 0.000000000000000000, 0.000000000000000000 ) ) ;
#4409 = EDGE_CURVE ( 'NONE', #4481, #405, #497, .T. ) ;
#4410 = VERTEX_POINT ( 'NONE', #2947 ) ;
#4411 = CIRCLE ( 'NONE', #2383, 0.7999999999999951594 ) ;
#4412 = LINE ( 'NONE', #485, #1891 ) ;
#4413 = DIRECTION ( 'NONE',  ( -1.000000000000000000, 0.000000000000000000, 0.000000000000000000 ) ) ;
#4414 = ORIENTED_EDGE ( 'NONE', *, *, #929, .T. ) ;
#4415 = CARTESIAN_POINT ( 'NONE',  ( 111.0000000000000000, 120.4999999999999858, 11.20820393249943692 ) ) ;
#4416 = CARTESIAN_POINT ( 'NONE',  ( 328.5000000000000000, 99.50000000000000000, 5.700000000000045475 ) ) ;
#4417 = CIRCLE ( 'NONE', #1104, 1.500000000000084155 ) ;
#4418 = FACE_OUTER_BOUND ( 'NONE', #96, .T. ) ;
#4419 = CONICAL_SURFACE ( 'NONE', #724, 1.700000000000034817, 0.7853981633974685961 ) ;
#4420 = EDGE_CURVE ( 'NONE', #863, #2064, #4320, .T. ) ;
#4421 = CARTESIAN_POINT ( 'NONE',  ( 0.2999999999999538036, 3.000000000000002665, 6.000000000000000000 ) ) ;
#4422 = VERTEX_POINT ( 'NONE', #3261 ) ;
#4423 = FACE_OUTER_BOUND ( 'NONE', #1125, .T. ) ;
#4424 = CIRCLE ( 'NONE', #112, 1.500000000000001332 ) ;
#4425 = ORIENTED_EDGE ( 'NONE', *, *, #2789, .F. ) ;
#4426 = EDGE_CURVE ( 'NONE', #2672, #4657, #4004, .T. ) ;
#4427 = FACE_OUTER_BOUND ( 'NONE', #4046, .T. ) ;
#4428 = DIRECTION ( 'NONE',  ( 1.000000000000000000, 0.000000000000000000, 0.000000000000000000 ) ) ;
#4429 = CARTESIAN_POINT ( 'NONE',  ( 2.500000000000007550, 1.500000000000000000, 4.500000000000000000 ) ) ;
#4430 = LINE ( 'NONE', #5, #92 ) ;
#4431 = ORIENTED_EDGE ( 'NONE', *, *, #3492, .F. ) ;
#4432 = ORIENTED_EDGE ( 'NONE', *, *, #1166, .F. ) ;
#4433 = EDGE_CURVE ( 'NONE', #1374, #2813, #3988, .T. ) ;
#4434 = DIRECTION ( 'NONE',  ( -0.7071067811865414665, -7.965160606147330423E-17, -0.7071067811865536790 ) ) ;
#4435 = CARTESIAN_POINT ( 'NONE',  ( 109.8819660112500713, 4.000000000000000888, 4.500000000000000000 ) ) ;
#4436 = VERTEX_POINT ( 'NONE', #3574 ) ;
#4437 = ORIENTED_EDGE ( 'NONE', *, *, #4609, .T. ) ;
#4438 = DIRECTION ( 'NONE',  ( -0.000000000000000000, -0.000000000000000000, -1.000000000000000000 ) ) ;
#4439 = EDGE_LOOP ( 'NONE', ( #4499, #1700, #1453, #2701 ) ) ;
#4440 = DIRECTION ( 'NONE',  ( 0.000000000000000000, 0.000000000000000000, -1.000000000000000000 ) ) ;
#4441 = CARTESIAN_POINT ( 'NONE',  ( 3.000000000000001332, 61.74999999999998579, 4.500000000000000000 ) ) ;
#4442 = ORIENTED_EDGE ( 'NONE', *, *, #609, .F. ) ;
#4443 = ORIENTED_EDGE ( 'NONE', *, *, #4213, .F. ) ;
#4444 = DIRECTION ( 'NONE',  ( -1.000000000000000000, 0.000000000000000000, 0.000000000000000000 ) ) ;
#4445 = ORIENTED_EDGE ( 'NONE', *, *, #1944, .F. ) ;
#4446 = PLANE ( 'NONE',  #1914 ) ;
#4447 = ORIENTED_EDGE ( 'NONE', *, *, #205, .F. ) ;
#4448 = CARTESIAN_POINT ( 'NONE',  ( 2.500000000000007550, 122.0000000000000000, 4.500000000000000000 ) ) ;
#4449 = DIRECTION ( 'NONE',  ( 0.000000000000000000, 0.000000000000000000, -1.000000000000000000 ) ) ;
#4450 = DIRECTION ( 'NONE',  ( -0.000000000000000000, -0.000000000000000000, -1.000000000000000000 ) ) ;
#4451 = CARTESIAN_POINT ( 'NONE',  ( 329.5000000000000000, 118.9999999999999147, 0.000000000000000000 ) ) ;
#4452 = EDGE_CURVE ( 'NONE', #4102, #4526, #4659, .T. ) ;
#4453 = ORIENTED_EDGE ( 'NONE', *, *, #4247, .F. ) ;
#4454 = ORIENTED_EDGE ( 'NONE', *, *, #3411, .F. ) ;
#4455 = ORIENTED_EDGE ( 'NONE', *, *, #2503, .T. ) ;
#4456 = DIRECTION ( 'NONE',  ( 0.000000000000000000, 0.000000000000000000, -1.000000000000000000 ) ) ;
#4457 = DIRECTION ( 'NONE',  ( 1.000000000000000000, 0.000000000000000000, 0.000000000000000000 ) ) ;
#4458 = DIRECTION ( 'NONE',  ( 1.000000000000000000, 0.000000000000000000, 0.000000000000000000 ) ) ;
#4459 = ADVANCED_FACE ( 'NONE', ( #2908 ), #2150, .F. ) ;
#4460 = VECTOR ( 'NONE', #1483, 1000.000000000000000 ) ;
#4461 = ORIENTED_EDGE ( 'NONE', *, *, #4399, .F. ) ;
#4462 = EDGE_LOOP ( 'NONE', ( #3146, #2368, #672, #2473 ) ) ;
#4463 = DIRECTION ( 'NONE',  ( 0.000000000000000000, -0.000000000000000000, -1.000000000000000000 ) ) ;
#4464 = AXIS2_PLACEMENT_3D ( 'NONE', #827, #3377, #500 ) ;
#4465 = DIRECTION ( 'NONE',  ( 0.000000000000000000, 1.000000000000000000, 0.000000000000000000 ) ) ;
#4466 = VERTEX_POINT ( 'NONE', #1829 ) ;
#4467 = DIRECTION ( 'NONE',  ( -1.000000000000000000, 0.000000000000000000, 0.000000000000000000 ) ) ;
#4468 = ORIENTED_EDGE ( 'NONE', *, *, #4375, .T. ) ;
#4469 = CARTESIAN_POINT ( 'NONE',  ( 112.5000000000000000, 120.4999999999999858, 0.000000000000000000 ) ) ;
#4470 = CIRCLE ( 'NONE', #1904, 2.700000000000035705 ) ;
#4471 = ORIENTED_EDGE ( 'NONE', *, *, #2605, .F. ) ;
#4472 = AXIS2_PLACEMENT_3D ( 'NONE', #3854, #4560, #4113 ) ;
#4473 = DIRECTION ( 'NONE',  ( 1.000000000000000000, 0.000000000000000000, 0.000000000000000000 ) ) ;
#4474 = ORIENTED_EDGE ( 'NONE', *, *, #30, .F. ) ;
#4475 = DIRECTION ( 'NONE',  ( -0.000000000000000000, -0.000000000000000000, -1.000000000000000000 ) ) ;
#4476 = CARTESIAN_POINT ( 'NONE',  ( 6.000000000000003553, 101.5000000000000000, 4.499999999999997335 ) ) ;
#4477 = DIRECTION ( 'NONE',  ( -0.000000000000000000, -0.000000000000000000, 1.000000000000000000 ) ) ;
#4478 = CIRCLE ( 'NONE', #2218, 1.500000000000001332 ) ;
#4479 = AXIS2_PLACEMENT_3D ( 'NONE', #2335, #1591, #2615 ) ;
#4480 = VERTEX_POINT ( 'NONE', #3287 ) ;
#4481 = VERTEX_POINT ( 'NONE', #449 ) ;
#4482 = DIRECTION ( 'NONE',  ( 0.000000000000000000, 0.000000000000000000, -1.000000000000000000 ) ) ;
#4483 = CIRCLE ( 'NONE', #2457, 2.299999999999963407 ) ;
#4484 = LINE ( 'NONE', #176, #192 ) ;
#4485 = EDGE_CURVE ( 'NONE', #4002, #1297, #1045, .T. ) ;
#4486 = DIRECTION ( 'NONE',  ( -0.000000000000000000, -0.000000000000000000, -1.000000000000000000 ) ) ;
#4487 = VECTOR ( 'NONE', #4518, 1000.000000000000114 ) ;
#4488 = ORIENTED_EDGE ( 'NONE', *, *, #2866, .F. ) ;
#4489 = ORIENTED_EDGE ( 'NONE', *, *, #4057, .F. ) ;
#4490 = CARTESIAN_POINT ( 'NONE',  ( 329.5000000000000000, 61.74999999999998579, 11.20820393249943692 ) ) ;
#4491 = ADVANCED_FACE ( 'NONE', ( #4404 ), #1942, .T. ) ;
#4492 = VECTOR ( 'NONE', #4465, 1000.000000000000000 ) ;
#4493 = CARTESIAN_POINT ( 'NONE',  ( 112.1180339887499002, 119.5000000000000000, 4.500000000000000000 ) ) ;
#4494 = CARTESIAN_POINT ( 'NONE',  ( 3.000000000000002665, 3.000000000000000000, 0.000000000000000000 ) ) ;
#4495 = ADVANCED_FACE ( 'NONE', ( #3681 ), #2969, .T. ) ;
#4496 = ORIENTED_EDGE ( 'NONE', *, *, #4539, .F. ) ;
#4497 = CARTESIAN_POINT ( 'NONE',  ( 3.700000000000039702, 99.49999999999998579, 6.000000000000000000 ) ) ;
#4498 = AXIS2_PLACEMENT_3D ( 'NONE', #4294, #2165, #2861 ) ;
#4499 = ORIENTED_EDGE ( 'NONE', *, *, #2200, .T. ) ;
#4500 = DIRECTION ( 'NONE',  ( 1.000000000000000000, 0.000000000000000000, 0.000000000000000000 ) ) ;
#4501 = AXIS2_PLACEMENT_3D ( 'NONE', #1764, #1495, #3660 ) ;
#4502 = DIRECTION ( 'NONE',  ( 0.000000000000000000, -0.000000000000000000, 1.000000000000000000 ) ) ;
#4503 = DIRECTION ( 'NONE',  ( 1.000000000000000000, 0.000000000000000000, 0.000000000000000000 ) ) ;
#4504 = VERTEX_POINT ( 'NONE', #2613 ) ;
#4505 = EDGE_LOOP ( 'NONE', ( #2047, #396, #121, #1661 ) ) ;
#4506 = VERTEX_POINT ( 'NONE', #1590 ) ;
#4507 = CARTESIAN_POINT ( 'NONE',  ( 108.0000000000000000, 120.4999999999999858, 0.000000000000000000 ) ) ;
#4508 = CARTESIAN_POINT ( 'NONE',  ( 6.000000000000003553, 101.7999999999999545, 6.000000000000000000 ) ) ;
#4509 = DIRECTION ( 'NONE',  ( 0.000000000000000000, 0.000000000000000000, -1.000000000000000000 ) ) ;
#4510 = ADVANCED_FACE ( 'NONE', ( #4126 ), #1234, .T. ) ;
#4511 = EDGE_LOOP ( 'NONE', ( #3463, #909, #3935, #3169 ) ) ;
#4512 = VERTEX_POINT ( 'NONE', #2996 ) ;
#4513 = FACE_OUTER_BOUND ( 'NONE', #519, .T. ) ;
#4514 = CARTESIAN_POINT ( 'NONE',  ( 108.0000000000000000, 122.0000000000000000, 11.20820393249943692 ) ) ;
#4515 = EDGE_CURVE ( 'NONE', #3199, #1674, #1872, .T. ) ;
#4516 = DIRECTION ( 'NONE',  ( -0.000000000000000000, -0.000000000000000000, -1.000000000000000000 ) ) ;
#4517 = EDGE_LOOP ( 'NONE', ( #1284, #3841, #2190, #1987 ) ) ;
#4518 = DIRECTION ( 'NONE',  ( -0.7071067811865617836, 0.000000000000000000, 0.7071067811865331398 ) ) ;
#4519 = ADVANCED_FACE ( 'NONE', ( #1519 ), #2098, .F. ) ;
#4520 = ORIENTED_EDGE ( 'NONE', *, *, #2605, .T. ) ;
#4521 = CARTESIAN_POINT ( 'NONE',  ( 330.3000000000000114, 120.4999999999999574, 4.000000000000000000 ) ) ;
#4522 = DIRECTION ( 'NONE',  ( -0.000000000000000000, -0.000000000000000000, -1.000000000000000000 ) ) ;
#4523 = EDGE_CURVE ( 'NONE', #3966, #1724, #3044, .T. ) ;
#4524 = ORIENTED_EDGE ( 'NONE', *, *, #2213, .T. ) ;
#4525 = ORIENTED_EDGE ( 'NONE', *, *, #3895, .F. ) ;
#4526 = VERTEX_POINT ( 'NONE', #3701 ) ;
#4527 = CARTESIAN_POINT ( 'NONE',  ( 329.5000000000000000, 3.000000000000000000, 6.000000000000000000 ) ) ;
#4528 = CARTESIAN_POINT ( 'NONE',  ( 326.5000000000000000, 4.000000000000003553, 4.500000000000000000 ) ) ;
#4529 = DIRECTION ( 'NONE',  ( -0.000000000000000000, -0.000000000000000000, 1.000000000000000000 ) ) ;
#4530 = ORIENTED_EDGE ( 'NONE', *, *, #3119, .T. ) ;
#4531 = ORIENTED_EDGE ( 'NONE', *, *, #2390, .F. ) ;
#4532 = CARTESIAN_POINT ( 'NONE',  ( 3.799999999999990052, 120.5000000000000000, -1.457329690985347238E-15 ) ) ;
#4533 = CARTESIAN_POINT ( 'NONE',  ( 0.000000000000000000, 101.7999999999999545, 6.000000000000000000 ) ) ;
#4534 = LINE ( 'NONE', #4217, #781 ) ;
#4535 = VECTOR ( 'NONE', #275, 1000.000000000000000 ) ;
#4536 = DIRECTION ( 'NONE',  ( -0.000000000000000000, -0.000000000000000000, -1.000000000000000000 ) ) ;
#4537 = ORIENTED_EDGE ( 'NONE', *, *, #1398, .F. ) ;
#4538 = DIRECTION ( 'NONE',  ( 1.000000000000000000, 0.000000000000000000, 0.000000000000000000 ) ) ;
#4539 = EDGE_CURVE ( 'NONE', #3176, #4506, #4424, .T. ) ;
#4540 = CIRCLE ( 'NONE', #1518, 3.000000000000002665 ) ;
#4541 = VERTEX_POINT ( 'NONE', #882 ) ;
#4542 = DIRECTION ( 'NONE',  ( 1.000000000000000000, 0.000000000000000000, 0.000000000000000000 ) ) ;
#4543 = AXIS2_PLACEMENT_3D ( 'NONE', #3817, #2021, #4542 ) ;
#4544 =( NAMED_UNIT ( * ) SI_UNIT ( $, .STERADIAN. ) SOLID_ANGLE_UNIT ( ) );
#4545 = CARTESIAN_POINT ( 'NONE',  ( 6.000000000000014211, 3.700000000000036593, 6.000000000000000000 ) ) ;
#4546 = EDGE_CURVE ( 'NONE', #4111, #2064, #1143, .T. ) ;
#4547 = AXIS2_PLACEMENT_3D ( 'NONE', #2204, #3109, #3090 ) ;
#4548 = ORIENTED_EDGE ( 'NONE', *, *, #210, .T. ) ;
#4549 = EDGE_LOOP ( 'NONE', ( #822, #272, #4199, #2189 ) ) ;
#4550 = CYLINDRICAL_SURFACE ( 'NONE', #920, 2.000000000000000000 ) ;
#4551 = DIRECTION ( 'NONE',  ( 0.000000000000000000, -0.000000000000000000, 1.000000000000000000 ) ) ;
#4552 = AXIS2_PLACEMENT_3D ( 'NONE', #393, #1504, #2601 ) ;
#4553 = CARTESIAN_POINT ( 'NONE',  ( 269.5000000000000000, 103.5000000000000000, 6.000000000000000000 ) ) ;
#4554 = ORIENTED_EDGE ( 'NONE', *, *, #117, .T. ) ;
#4555 = VECTOR ( 'NONE', #2624, 1000.000000000000000 ) ;
#4556 = VECTOR ( 'NONE', #806, 1000.000000000000000 ) ;
#4557 = ORIENTED_EDGE ( 'NONE', *, *, #1906, .T. ) ;
#4558 = CARTESIAN_POINT ( 'NONE',  ( 112.4999999999999858, 3.000000000000002665, 4.500000000000000000 ) ) ;
#4559 = ORIENTED_EDGE ( 'NONE', *, *, #566, .F. ) ;
#4560 = DIRECTION ( 'NONE',  ( -0.000000000000000000, 0.000000000000000000, 1.000000000000000000 ) ) ;
#4561 = FACE_OUTER_BOUND ( 'NONE', #1528, .T. ) ;
#4562 = AXIS2_PLACEMENT_3D ( 'NONE', #613, #4592, #1352 ) ;
#4563 = AXIS2_PLACEMENT_3D ( 'NONE', #1505, #2957, #4043 ) ;
#4564 = DIRECTION ( 'NONE',  ( -1.000000000000000000, 0.000000000000000000, 0.000000000000000000 ) ) ;
#4565 = EDGE_LOOP ( 'NONE', ( #2890, #3697 ) ) ;
#4566 = DIRECTION ( 'NONE',  ( 1.000000000000000000, 0.000000000000000000, 0.000000000000000000 ) ) ;
#4567 = ORIENTED_EDGE ( 'NONE', *, *, #3492, .T. ) ;
#4568 = EDGE_CURVE ( 'NONE', #942, #585, #1334, .T. ) ;
#4569 = DIRECTION ( 'NONE',  ( -0.000000000000000000, 0.000000000000000000, 1.000000000000000000 ) ) ;
#4570 = LINE ( 'NONE', #3116, #1712 ) ;
#4571 = LINE ( 'NONE', #4545, #2531 ) ;
#4572 = VECTOR ( 'NONE', #29, 1000.000000000000000 ) ;
#4573 = FACE_OUTER_BOUND ( 'NONE', #3686, .T. ) ;
#4574 = EDGE_LOOP ( 'NONE', ( #2448, #4447, #573, #2766 ) ) ;
#4575 = ORIENTED_EDGE ( 'NONE', *, *, #1602, .T. ) ;
#4576 = EDGE_CURVE ( 'NONE', #3695, #808, #828, .T. ) ;
#4577 = VECTOR ( 'NONE', #4229, 1000.000000000000000 ) ;
#4578 = LINE ( 'NONE', #2461, #1748 ) ;
#4579 = DIRECTION ( 'NONE',  ( 0.000000000000000000, 0.000000000000000000, -1.000000000000000000 ) ) ;
#4580 = CARTESIAN_POINT ( 'NONE',  ( 2.200000000000001510, 120.5000000000000000, 4.000000000000000000 ) ) ;
#4581 = AXIS2_PLACEMENT_3D ( 'NONE', #3752, #164, #3772 ) ;
#4582 = ADVANCED_FACE ( 'NONE', ( #3727 ), #1922, .F. ) ;
#4583 = ORIENTED_EDGE ( 'NONE', *, *, #1996, .T. ) ;
#4584 = CARTESIAN_POINT ( 'NONE',  ( 3.000000000000000000, 120.5000000000000000, -1.457329690985347238E-15 ) ) ;
#4585 = ORIENTED_EDGE ( 'NONE', *, *, #3168, .F. ) ;
#4586 = CARTESIAN_POINT ( 'NONE',  ( 6.000000000000001776, 122.0000000000000000, 0.000000000000000000 ) ) ;
#4587 = DIRECTION ( 'NONE',  ( 1.000000000000000000, -5.204170427930416550E-15, 0.000000000000000000 ) ) ;
#4588 = ADVANCED_FACE ( 'NONE', ( #3399 ), #2658, .T. ) ;
#4589 = CARTESIAN_POINT ( 'NONE',  ( 329.5000000000000000, 3.000000000000000000, 4.000000000000000000 ) ) ;
#4590 = VERTEX_POINT ( 'NONE', #2310 ) ;
#4591 = ORIENTED_EDGE ( 'NONE', *, *, #1002, .T. ) ;
#4592 = DIRECTION ( 'NONE',  ( -0.000000000000000000, -0.000000000000000000, 1.000000000000000000 ) ) ;
#4593 = CARTESIAN_POINT ( 'NONE',  ( 2.200000000000004174, 3.000000000000000000, 4.000000000000000000 ) ) ;
#4594 = ORIENTED_EDGE ( 'NONE', *, *, #1110, .T. ) ;
#4595 = LINE ( 'NONE', #1355, #3581 ) ;
#4596 = FACE_OUTER_BOUND ( 'NONE', #45, .T. ) ;
#4597 = DIRECTION ( 'NONE',  ( -0.000000000000000000, -0.000000000000000000, -1.000000000000000000 ) ) ;
#4598 = EDGE_CURVE ( 'NONE', #981, #956, #2618, .T. ) ;
#4599 = ORIENTED_EDGE ( 'NONE', *, *, #792, .F. ) ;
#4600 = ORIENTED_EDGE ( 'NONE', *, *, #4576, .F. ) ;
#4601 = DIRECTION ( 'NONE',  ( 0.000000000000000000, 0.000000000000000000, -1.000000000000000000 ) ) ;
#4602 = CARTESIAN_POINT ( 'NONE',  ( 0.000000000000000000, 123.5000000000000000, 0.000000000000000000 ) ) ;
#4603 = CARTESIAN_POINT ( 'NONE',  ( 275.8000000000000682, 114.5000000000000000, 4.500000000000000000 ) ) ;
#4604 = ADVANCED_FACE ( 'NONE', ( #1619 ), #3159, .F. ) ;
#4605 = CARTESIAN_POINT ( 'NONE',  ( 332.2000000000000455, 0.000000000000000000, 6.000000000000000000 ) ) ;
#4606 = ORIENTED_EDGE ( 'NONE', *, *, #3278, .F. ) ;
#4607 = CARTESIAN_POINT ( 'NONE',  ( 107.9999999999999716, 1.500000000000000000, 4.500000000000000000 ) ) ;
#4608 = DIRECTION ( 'NONE',  ( 0.000000000000000000, 0.000000000000000000, 1.000000000000000000 ) ) ;
#4609 = EDGE_CURVE ( 'NONE', #386, #3570, #2174, .T. ) ;
#4610 = FACE_OUTER_BOUND ( 'NONE', #758, .T. ) ;
#4611 = ORIENTED_EDGE ( 'NONE', *, *, #3025, .F. ) ;
#4612 = VECTOR ( 'NONE', #1810, 1000.000000000000000 ) ;
#4613 = ORIENTED_EDGE ( 'NONE', *, *, #3929, .T. ) ;
#4614 = CYLINDRICAL_SURFACE ( 'NONE', #2534, 1.500000000000001332 ) ;
#4615 = EDGE_CURVE ( 'NONE', #3471, #3176, #904, .T. ) ;
#4616 = CARTESIAN_POINT ( 'NONE',  ( 4.000000000000014211, 4.000000000000000000, 4.500000000000000000 ) ) ;
#4617 = AXIS2_PLACEMENT_3D ( 'NONE', #3026, #4434, #2248 ) ;
#4618 = CARTESIAN_POINT ( 'NONE',  ( 3.000000000000000888, 63.24999999999998579, 11.20820393249943692 ) ) ;
#4619 = DIRECTION ( 'NONE',  ( 0.000000000000000000, 0.000000000000000000, -1.000000000000000000 ) ) ;
#4620 = AXIS2_PLACEMENT_3D ( 'NONE', #1717, #3898, #4156 ) ;
#4621 = ORIENTED_EDGE ( 'NONE', *, *, #1063, .T. ) ;
#4622 = ORIENTED_EDGE ( 'NONE', *, *, #4297, .T. ) ;
#4623 = DIRECTION ( 'NONE',  ( 1.000000000000000000, 0.000000000000000000, 0.000000000000000000 ) ) ;
#4624 = CARTESIAN_POINT ( 'NONE',  ( 329.5000000000000000, 3.000000000000000000, 4.000000000000000000 ) ) ;
#4625 = LINE ( 'NONE', #2847, #1155 ) ;
#4626 = VECTOR ( 'NONE', #1328, 1000.000000000000000 ) ;
#4627 = ORIENTED_EDGE ( 'NONE', *, *, #2069, .F. ) ;
#4628 = EDGE_CURVE ( 'NONE', #3549, #1981, #2787, .T. ) ;
#4629 = CARTESIAN_POINT ( 'NONE',  ( 223.0000000000000000, 3.000000000000030198, 4.500000000000000000 ) ) ;
#4630 = AXIS2_PLACEMENT_3D ( 'NONE', #1743, #4632, #2852 ) ;
#4631 = ORIENTED_EDGE ( 'NONE', *, *, #4433, .T. ) ;
#4632 = DIRECTION ( 'NONE',  ( 0.000000000000000000, -0.000000000000000000, -1.000000000000000000 ) ) ;
#4633 = CARTESIAN_POINT ( 'NONE',  ( 218.5000000000000284, 3.000000000000016431, 11.20820393249943692 ) ) ;
#4634 = AXIS2_PLACEMENT_3D ( 'NONE', #416, #747, #1881 ) ;
#4635 = VECTOR ( 'NONE', #2635, 1000.000000000000000 ) ;
#4636 = ADVANCED_FACE ( 'NONE', ( #4596 ), #656, .F. ) ;
#4637 = VECTOR ( 'NONE', #177, 1000.000000000000000 ) ;
#4638 = DIRECTION ( 'NONE',  ( 1.000000000000000000, 0.000000000000000000, 0.000000000000000000 ) ) ;
#4639 = ORIENTED_EDGE ( 'NONE', *, *, #1503, .F. ) ;
#4640 = CIRCLE ( 'NONE', #2679, 0.7999999999999951594 ) ;
#4641 = ORIENTED_EDGE ( 'NONE', *, *, #1021, .T. ) ;
#4642 = CARTESIAN_POINT ( 'NONE',  ( 329.5000000000000000, 60.24999999999998579, 4.500000000000000000 ) ) ;
#4643 = LINE ( 'NONE', #1444, #1327 ) ;
#4644 = ORIENTED_EDGE ( 'NONE', *, *, #1298, .T. ) ;
#4645 = AXIS2_PLACEMENT_3D ( 'NONE', #1533, #3339, #4393 ) ;
#4646 = EDGE_CURVE ( 'NONE', #2007, #2940, #644, .T. ) ;
#4647 = CARTESIAN_POINT ( 'NONE',  ( 112.4999999999999858, 3.000000000000086153, 11.20820393249943692 ) ) ;
#4648 = DIRECTION ( 'NONE',  ( 0.000000000000000000, 0.000000000000000000, -1.000000000000000000 ) ) ;
#4649 = ORIENTED_EDGE ( 'NONE', *, *, #756, .T. ) ;
#4650 = ORIENTED_EDGE ( 'NONE', *, *, #1248, .T. ) ;
#4651 = PLANE ( 'NONE',  #3270 ) ;
#4652 = DIRECTION ( 'NONE',  ( -1.000000000000000000, 0.000000000000000000, 0.000000000000000000 ) ) ;
#4653 = CONICAL_SURFACE ( 'NONE', #270, 2.299999999999968736, 0.7853981633974657095 ) ;
#4654 = PLANE ( 'NONE',  #3662 ) ;
#4655 = AXIS2_PLACEMENT_3D ( 'NONE', #3387, #2290, #4108 ) ;
#4656 = DIRECTION ( 'NONE',  ( 1.000000000000000000, 0.000000000000000000, 0.000000000000000000 ) ) ;
#4657 = VERTEX_POINT ( 'NONE', #3475 ) ;
#4658 = CYLINDRICAL_SURFACE ( 'NONE', #2215, 0.7999999999999942712 ) ;
#4659 = CIRCLE ( 'NONE', #797, 1.799999999999968292 ) ;
#4660 = DIRECTION ( 'NONE',  ( 0.000000000000000000, 0.000000000000000000, -1.000000000000000000 ) ) ;
#4661 = EDGE_CURVE ( 'NONE', #1430, #4220, #1111, .T. ) ;
#4662 = PLANE ( 'NONE',  #1381 ) ;
#4663 = ORIENTED_EDGE ( 'NONE', *, *, #2555, .T. ) ;
#4664 = DIRECTION ( 'NONE',  ( -0.000000000000000000, 0.000000000000000000, 1.000000000000000000 ) ) ;
#4665 = LINE ( 'NONE', #1798, #2470 ) ;
#4666 = ADVANCED_FACE ( 'NONE', ( #2734 ), #3829, .F. ) ;
#4667 = ORIENTED_EDGE ( 'NONE', *, *, #231, .F. ) ;
#4668 = CARTESIAN_POINT ( 'NONE',  ( 328.6999999999999886, 120.4999999999999574, 4.000000000000000000 ) ) ;
#4669 = CARTESIAN_POINT ( 'NONE',  ( 329.5000000000000000, 6.000000000000143885, 4.500000000000000000 ) ) ;
#4670 = EDGE_CURVE ( 'NONE', #445, #981, #4570, .T. ) ;
#4671 = ORIENTED_EDGE ( 'NONE', *, *, #1434, .T. ) ;
#4672 = ORIENTED_EDGE ( 'NONE', *, *, #2903, .F. ) ;
#4673 = CARTESIAN_POINT ( 'NONE',  ( 4.000000000000014211, 4.000000000000000000, 6.000000000000000000 ) ) ;
#4674 = CARTESIAN_POINT ( 'NONE',  ( 275.8000000000000682, 106.6999999999999886, -0.001000000000000132727 ) ) ;
#4675 = CARTESIAN_POINT ( 'NONE',  ( 3.000000000000002665, 3.000000000000000000, 0.000000000000000000 ) ) ;
#4676 = EDGE_CURVE ( 'NONE', #2708, #1493, #345, .T. ) ;
#4677 = DIRECTION ( 'NONE',  ( -1.000000000000000000, 0.000000000000000000, 0.000000000000000000 ) ) ;
#4678 = CARTESIAN_POINT ( 'NONE',  ( 267.7999999999999545, 0.000000000000000000, 6.000000000000000000 ) ) ;
#4679 = CARTESIAN_POINT ( 'NONE',  ( 4.000000000000000888, 119.5000000000000000, 5.700000000000041922 ) ) ;
#4680 = MANIFOLD_SOLID_BREP ( 'M2x0.4 \X2\306d30587a74\X0\1', #372 ) ;
#4681 = DIRECTION ( 'NONE',  ( -1.000000000000000000, 0.000000000000000000, 0.000000000000000000 ) ) ;
#4682 = CARTESIAN_POINT ( 'NONE',  ( 329.5000000000000000, 58.75000000000001421, 4.500000000000000000 ) ) ;
#4683 = ORIENTED_EDGE ( 'NONE', *, *, #76, .T. ) ;
#4684 = AXIS2_PLACEMENT_3D ( 'NONE', #2107, #1046, #255 ) ;
#4685 = EDGE_CURVE ( 'NONE', #3372, #1892, #618, .T. ) ;
#4686 = DIRECTION ( 'NONE',  ( -1.000000000000000000, 0.000000000000000000, -0.000000000000000000 ) ) ;
#4687 = LINE ( 'NONE', #717, #2756 ) ;
#4688 = AXIS2_PLACEMENT_3D ( 'NONE', #2556, #3991, #4656 ) ;
#4689 = EDGE_LOOP ( 'NONE', ( #1856, #3370, #2208, #1240 ) ) ;
#4690 = ORIENTED_EDGE ( 'NONE', *, *, #291, .F. ) ;
ENDSEC;
END-ISO-10303-21;
